info @storybook/react v6.5.9
info 
info => Cleaning outputDir: /var/folders/y7/fxrsy8254_xbp7g98004cmjc0000gn/T/chromatic--11334-P2VrRPMPXVDK
info => Loading presets
info => Compiling manager..
info => Compiling preview..
info Addon-docs: using MDX1
info => Using implicit CSS loaders
info => Using custom postcss.config.js
(node:11351) DeprecationWarning: Relying on the implicit PostCSS loader is deprecated and will be removed in Storybook 7.0.
If you need PostCSS, include '@storybook/addon-postcss' in your '.storybook/main.js' file.

See https://github.com/storybookjs/storybook/blob/next/MIGRATION.md#deprecated-implicit-postcss-loader for details.
(Use `node --trace-deprecation ...` to show where the warning was created)
info => Using default Webpack4 setup
<s> [webpack.Progress] 0% compiling
<s> [webpack.Progress] 10% building 0/0 modules 0 active 
<s> [webpack.Progress] 10% building 0/1 modules 1 active multi /Users/josuembuyu/Documents/work/multivers/projects/DEF-DGI/components/node_modules/@storybook/core-client/dist/esm/globals/polyfills.js /Users/josuembuyu/Documents/work/multivers/projects/DEF-DGI/components/node_modules/@storybook/core-client/dist/esm/globals/globals.js /Users/josuembuyu/Documents/work/multivers/projects/DEF-DGI/components/storybook-init-framework-entry.js /Users/josuembuyu/Documents/work/multivers/projects/DEF-DGI/components/node_modules/@storybook/react/dist/esm/client/docs/config-generated-config-entry.js /Users/josuembuyu/Documents/work/multivers/projects/DEF-DGI/components/node_modules/@storybook/react/dist/esm/client/preview/config-generated-config-entry.js /Users/josuembuyu/Documents/work/multivers/projects/DEF-DGI/components/node_modules/@storybook/addon-links/preview.js-generated-config-entry.js /Users/josuembuyu/Documents/work/multivers/projects/DEF-DGI/components/node_modules/@storybook/addon-docs/preview.js-generated-config-entry.js /Users/josuembuyu/Documents/work/multivers/projects/DEF-DGI/components/node_modules/@storybook/addon-actions/preview.js-generated-config-entry.js /Users/josuembuyu/Documents/work/multivers/projects/DEF-DGI/components/node_modules/@storybook/addon-backgrounds/preview.js-generated-config-entry.js /Users/josuembuyu/Documents/work/multivers/projects/DEF-DGI/components/node_modules/@storybook/addon-measure/preview.js-generated-config-entry.js /Users/josuembuyu/Documents/work/multivers/projects/DEF-DGI/components/node_modules/@storybook/addon-outline/preview.js-generated-config-entry.js /Users/josuembuyu/Documents/work/multivers/projects/DEF-DGI/components/node_modules/@storybook/addon-interactions/preview.js-generated-config-entry.js /Users/josuembuyu/Documents/work/multivers/projects/DEF-DGI/components/.storybook/preview.js-generated-config-entry.js /Users/josuembuyu/Documents/work/multivers/projects/DEF-DGI/components/generated-stories-entry.js
<s> [webpack.Progress] 10% building 1/1 modules 0 active 
<s> [webpack.Progress] 10% building 1/2 modules 1 active /Users/josuembuyu/Documents/work/multivers/projects/DEF-DGI/components/node_modules/@storybook/addon-links/preview.js-generated-config-entry.js
<s> [webpack.Progress] 10% building 1/3 modules 2 active /Users/josuembuyu/Documents/work/multivers/projects/DEF-DGI/components/node_modules/@storybook/addon-docs/preview.js-generated-config-entry.js
<s> [webpack.Progress] 10% building 1/4 modules 3 active /Users/josuembuyu/Documents/work/multivers/projects/DEF-DGI/components/node_modules/@storybook/addon-actions/preview.js-generated-config-entry.js
<s> [webpack.Progress] 10% building 1/5 modules 4 active /Users/josuembuyu/Documents/work/multivers/projects/DEF-DGI/components/node_modules/@storybook/addon-backgrounds/preview.js-generated-config-entry.js
<s> [webpack.Progress] 10% building 1/6 modules 5 active /Users/josuembuyu/Documents/work/multivers/projects/DEF-DGI/components/node_modules/@storybook/addon-measure/preview.js-generated-config-entry.js
<s> [webpack.Progress] 10% building 1/7 modules 6 active /Users/josuembuyu/Documents/work/multivers/projects/DEF-DGI/components/node_modules/@storybook/addon-outline/preview.js-generated-config-entry.js
<s> [webpack.Progress] 10% building 1/8 modules 7 active /Users/josuembuyu/Documents/work/multivers/projects/DEF-DGI/components/node_modules/@storybook/addon-interactions/preview.js-generated-config-entry.js
<s> [webpack.Progress] 10% building 2/8 modules 6 active /Users/josuembuyu/Documents/work/multivers/projects/DEF-DGI/components/node_modules/@storybook/addon-interactions/preview.js-generated-config-entry.js
<s> [webpack.Progress] 10% building 3/8 modules 5 active /Users/josuembuyu/Documents/work/multivers/projects/DEF-DGI/components/node_modules/@storybook/addon-interactions/preview.js-generated-config-entry.js
<s> [webpack.Progress] 10% building 4/8 modules 4 active /Users/josuembuyu/Documents/work/multivers/projects/DEF-DGI/components/node_modules/@storybook/addon-interactions/preview.js-generated-config-entry.js
<s> [webpack.Progress] 10% building 5/8 modules 3 active /Users/josuembuyu/Documents/work/multivers/projects/DEF-DGI/components/node_modules/@storybook/addon-interactions/preview.js-generated-config-entry.js
<s> [webpack.Progress] 10% building 6/8 modules 2 active /Users/josuembuyu/Documents/work/multivers/projects/DEF-DGI/components/node_modules/@storybook/addon-interactions/preview.js-generated-config-entry.js
<s> [webpack.Progress] 10% building 7/8 modules 1 active /Users/josuembuyu/Documents/work/multivers/projects/DEF-DGI/components/node_modules/@storybook/addon-interactions/preview.js-generated-config-entry.js
<s> [webpack.Progress] 10% building 8/8 modules 0 active 
<s> [webpack.Progress] 10% building 8/9 modules 1 active /Users/josuembuyu/Documents/work/multivers/projects/DEF-DGI/components/node_modules/babel-loader/lib/index.js??ref--4-0!/Users/josuembuyu/Documents/work/multivers/projects/DEF-DGI/components/storybook-init-framework-entry.js
<s> [webpack.Progress] 10% building 8/10 modules 2 active /Users/josuembuyu/Documents/work/multivers/projects/DEF-DGI/components/node_modules/babel-loader/lib/index.js??ref--4-0!/Users/josuembuyu/Documents/work/multivers/projects/DEF-DGI/components/generated-stories-entry.js
<s> [webpack.Progress] 10% building 8/11 modules 3 active /Users/josuembuyu/Documents/work/multivers/projects/DEF-DGI/components/node_modules/babel-loader/lib/index.js??ref--4-0!/Users/josuembuyu/Documents/work/multivers/projects/DEF-DGI/components/.storybook/preview.js-generated-config-entry.js
<s> [webpack.Progress] 10% building 8/12 modules 4 active /Users/josuembuyu/Documents/work/multivers/projects/DEF-DGI/components/node_modules/@storybook/addon-actions/preview.js
<s> [webpack.Progress] 10% building 8/13 modules 5 active /Users/josuembuyu/Documents/work/multivers/projects/DEF-DGI/components/node_modules/@storybook/addon-docs/preview.js
<s> [webpack.Progress] 10% building 8/14 modules 6 active /Users/josuembuyu/Documents/work/multivers/projects/DEF-DGI/components/node_modules/@storybook/addon-backgrounds/preview.js
<s> [webpack.Progress] 10% building 8/15 modules 7 active /Users/josuembuyu/Documents/work/multivers/projects/DEF-DGI/components/node_modules/@storybook/addon-measure/preview.js
<s> [webpack.Progress] 10% building 8/16 modules 8 active /Users/josuembuyu/Documents/work/multivers/projects/DEF-DGI/components/node_modules/@storybook/addon-outline/preview.js
<s> [webpack.Progress] 10% building 8/17 modules 9 active /Users/josuembuyu/Documents/work/multivers/projects/DEF-DGI/components/node_modules/@storybook/addon-interactions/preview.js
<s> [webpack.Progress] 10% building 8/18 modules 10 active /Users/josuembuyu/Documents/work/multivers/projects/DEF-DGI/components/node_modules/@storybook/addon-links/preview.js
<s> [webpack.Progress] 10% building 8/19 modules 11 active /Users/josuembuyu/Documents/work/multivers/projects/DEF-DGI/components/node_modules/@storybook/react/dist/esm/client/docs/config-generated-config-entry.js
<s> [webpack.Progress] 10% building 8/20 modules 12 active /Users/josuembuyu/Documents/work/multivers/projects/DEF-DGI/components/node_modules/@storybook/react/dist/esm/client/preview/config-generated-config-entry.js
<s> [webpack.Progress] 11% building 9/20 modules 11 active /Users/josuembuyu/Documents/work/multivers/projects/DEF-DGI/components/node_modules/@storybook/react/dist/esm/client/preview/config-generated-config-entry.js
<s> [webpack.Progress] 11% building 10/20 modules 10 active /Users/josuembuyu/Documents/work/multivers/projects/DEF-DGI/components/node_modules/@storybook/addon-links/preview.js
<s> [webpack.Progress] 11% building 10/21 modules 11 active /Users/josuembuyu/Documents/work/multivers/projects/DEF-DGI/components/node_modules/@storybook/core-client/dist/esm/globals/polyfills.js
<s> [webpack.Progress] 11% building 10/22 modules 12 active /Users/josuembuyu/Documents/work/multivers/projects/DEF-DGI/components/node_modules/@storybook/core-client/dist/esm/globals/globals.js
<s> [webpack.Progress] 11% building 11/22 modules 11 active /Users/josuembuyu/Documents/work/multivers/projects/DEF-DGI/components/node_modules/@storybook/core-client/dist/esm/globals/globals.js
<s> [webpack.Progress] 11% building 12/22 modules 10 active /Users/josuembuyu/Documents/work/multivers/projects/DEF-DGI/components/node_modules/@storybook/core-client/dist/esm/globals/globals.js
<s> [webpack.Progress] 11% building 13/22 modules 9 active /Users/josuembuyu/Documents/work/multivers/projects/DEF-DGI/components/node_modules/@storybook/core-client/dist/esm/globals/globals.js
<s> [webpack.Progress] 11% building 14/22 modules 8 active /Users/josuembuyu/Documents/work/multivers/projects/DEF-DGI/components/node_modules/@storybook/core-client/dist/esm/globals/globals.js
<s> [webpack.Progress] 11% building 15/22 modules 7 active /Users/josuembuyu/Documents/work/multivers/projects/DEF-DGI/components/node_modules/@storybook/core-client/dist/esm/globals/globals.js
<s> [webpack.Progress] 11% building 16/22 modules 6 active /Users/josuembuyu/Documents/work/multivers/projects/DEF-DGI/components/node_modules/@storybook/core-client/dist/esm/globals/globals.js
<s> [webpack.Progress] 12% building 17/22 modules 5 active /Users/josuembuyu/Documents/work/multivers/projects/DEF-DGI/components/node_modules/@storybook/core-client/dist/esm/globals/globals.js
<s> [webpack.Progress] 12% building 18/22 modules 4 active /Users/josuembuyu/Documents/work/multivers/projects/DEF-DGI/components/node_modules/@storybook/core-client/dist/esm/globals/globals.js
<s> [webpack.Progress] 12% building 19/22 modules 3 active /Users/josuembuyu/Documents/work/multivers/projects/DEF-DGI/components/node_modules/babel-loader/lib/index.js??ref--4-0!/Users/josuembuyu/Documents/work/multivers/projects/DEF-DGI/components/.storybook/preview.js-generated-config-entry.js
<s> [webpack.Progress] 12% building 19/23 modules 4 active /Users/josuembuyu/Documents/work/multivers/projects/DEF-DGI/components/node_modules/@storybook/react/dist/esm/client/docs/config.js
<s> [webpack.Progress] 12% building 19/24 modules 5 active /Users/josuembuyu/Documents/work/multivers/projects/DEF-DGI/components/node_modules/@storybook/react/dist/esm/client/preview/config.js
<s> [webpack.Progress] 12% building 20/24 modules 4 active /Users/josuembuyu/Documents/work/multivers/projects/DEF-DGI/components/node_modules/@storybook/react/dist/esm/client/preview/config.js
<s> [webpack.Progress] 12% building 21/24 modules 3 active /Users/josuembuyu/Documents/work/multivers/projects/DEF-DGI/components/node_modules/@storybook/react/dist/esm/client/preview/config.js
<s> [webpack.Progress] 12% building 22/24 modules 2 active /Users/josuembuyu/Documents/work/multivers/projects/DEF-DGI/components/node_modules/@storybook/react/dist/esm/client/preview/config.js
<s> [webpack.Progress] 12% building 22/25 modules 3 active /Users/josuembuyu/Documents/work/multivers/projects/DEF-DGI/components/src sync /^\.(?:(?:^|\/|(?:(?:(?!(?:^|\/)\.).)*?)\/)(?!\.)(?=.)[^/]*?\.stories\.mdx)$/
<s> [webpack.Progress] 12% building 22/26 modules 4 active /Users/josuembuyu/Documents/work/multivers/projects/DEF-DGI/components/src sync /^\.(?:(?:^|\/|(?:(?:(?!(?:^|\/)\.).)*?)\/)(?!\.)(?=.)[^/]*?\.stories\.(js|jsx|ts|tsx))$/
<s> [webpack.Progress] 12% building 23/26 modules 3 active /Users/josuembuyu/Documents/work/multivers/projects/DEF-DGI/components/src sync /^\.(?:(?:^|\/|(?:(?:(?!(?:^|\/)\.).)*?)\/)(?!\.)(?=.)[^/]*?\.stories\.(js|jsx|ts|tsx))$/
<s> [webpack.Progress] 12% building 24/26 modules 2 active /Users/josuembuyu/Documents/work/multivers/projects/DEF-DGI/components/src sync /^\.(?:(?:^|\/|(?:(?:(?!(?:^|\/)\.).)*?)\/)(?!\.)(?=.)[^/]*?\.stories\.(js|jsx|ts|tsx))$/
<s> [webpack.Progress] 12% building 24/27 modules 3 active /Users/josuembuyu/Documents/work/multivers/projects/DEF-DGI/components/node_modules/babel-loader/lib/index.js??ref--4-0!/Users/josuembuyu/Documents/work/multivers/projects/DEF-DGI/components/.storybook/preview.js
<s> [webpack.Progress] 12% building 24/28 modules 4 active /Users/josuembuyu/Documents/work/multivers/projects/DEF-DGI/components/node_modules/@storybook/addon-backgrounds/dist/esm/preview.js
<s> [webpack.Progress] 12% building 24/29 modules 5 active /Users/josuembuyu/Documents/work/multivers/projects/DEF-DGI/components/node_modules/@storybook/addon-measure/dist/esm/preview.js
<s> [webpack.Progress] 12% building 24/30 modules 6 active /Users/josuembuyu/Documents/work/multivers/projects/DEF-DGI/components/node_modules/@storybook/addon-docs/dist/esm/preview.js
<s> [webpack.Progress] 12% building 24/31 modules 7 active /Users/josuembuyu/Documents/work/multivers/projects/DEF-DGI/components/node_modules/@storybook/addon-links/dist/esm/preview.js
<s> [webpack.Progress] 12% building 24/32 modules 8 active /Users/josuembuyu/Documents/work/multivers/projects/DEF-DGI/components/node_modules/@storybook/addon-actions/dist/esm/preset/preview.js
<s> [webpack.Progress] 12% building 24/33 modules 9 active /Users/josuembuyu/Documents/work/multivers/projects/DEF-DGI/components/node_modules/@storybook/addon-interactions/dist/esm/preset/preview.js
<s> [webpack.Progress] 12% building 24/34 modules 10 active /Users/josuembuyu/Documents/work/multivers/projects/DEF-DGI/components/node_modules/@storybook/addon-outline/dist/esm/preset/preview.js
<s> [webpack.Progress] 13% building 25/34 modules 9 active /Users/josuembuyu/Documents/work/multivers/projects/DEF-DGI/components/node_modules/@storybook/addon-outline/dist/esm/preset/preview.js
<s> [webpack.Progress] 13% building 26/34 modules 8 active /Users/josuembuyu/Documents/work/multivers/projects/DEF-DGI/components/node_modules/@storybook/addon-outline/dist/esm/preset/preview.js
<s> [webpack.Progress] 13% building 27/34 modules 7 active /Users/josuembuyu/Documents/work/multivers/projects/DEF-DGI/components/node_modules/@storybook/addon-outline/dist/esm/preset/preview.js
<s> [webpack.Progress] 13% building 27/35 modules 8 active /Users/josuembuyu/Documents/work/multivers/projects/DEF-DGI/components/node_modules/core-js/modules/es.object.keys.js
<s> [webpack.Progress] 13% building 27/36 modules 9 active /Users/josuembuyu/Documents/work/multivers/projects/DEF-DGI/components/node_modules/core-js/modules/es.symbol.js
<s> [webpack.Progress] 13% building 27/37 modules 10 active /Users/josuembuyu/Documents/work/multivers/projects/DEF-DGI/components/node_modules/core-js/modules/es.array.filter.js
<s> [webpack.Progress] 13% building 27/38 modules 11 active /Users/josuembuyu/Documents/work/multivers/projects/DEF-DGI/components/node_modules/core-js/modules/es.object.get-own-property-descriptor.js
<s> [webpack.Progress] 13% building 27/39 modules 12 active /Users/josuembuyu/Documents/work/multivers/projects/DEF-DGI/components/node_modules/core-js/modules/es.array.for-each.js
<s> [webpack.Progress] 13% building 27/40 modules 13 active /Users/josuembuyu/Documents/work/multivers/projects/DEF-DGI/components/node_modules/core-js/modules/web.dom-collections.for-each.js
<s> [webpack.Progress] 13% building 27/41 modules 14 active /Users/josuembuyu/Documents/work/multivers/projects/DEF-DGI/components/node_modules/core-js/modules/es.object.get-own-property-descriptors.js
<s> [webpack.Progress] 13% building 27/42 modules 15 active /Users/josuembuyu/Documents/work/multivers/projects/DEF-DGI/components/node_modules/core-js/modules/es.object.define-properties.js
<s> [webpack.Progress] 13% building 27/43 modules 16 active /Users/josuembuyu/Documents/work/multivers/projects/DEF-DGI/components/node_modules/core-js/modules/es.object.define-property.js
<s> [webpack.Progress] 13% building 28/43 modules 15 active /Users/josuembuyu/Documents/work/multivers/projects/DEF-DGI/components/node_modules/core-js/modules/es.object.define-property.js
<s> [webpack.Progress] 13% building 28/44 modules 16 active /Users/josuembuyu/Documents/work/multivers/projects/DEF-DGI/components/node_modules/@storybook/react/dist/esm/client/docs/extractArgTypes.js
<s> [webpack.Progress] 13% building 28/45 modules 17 active /Users/josuembuyu/Documents/work/multivers/projects/DEF-DGI/components/node_modules/@storybook/react/dist/esm/client/docs/jsxDecorator.js
<s> [webpack.Progress] 13% building 29/45 modules 16 active /Users/josuembuyu/Documents/work/multivers/projects/DEF-DGI/components/node_modules/@storybook/react/dist/esm/client/docs/jsxDecorator.js
<s> [webpack.Progress] 13% building 29/46 modules 17 active /Users/josuembuyu/Documents/work/multivers/projects/DEF-DGI/components/node_modules/@storybook/react/dist/esm/client/preview/render.js
<s> [webpack.Progress] 13% building 30/46 modules 16 active /Users/josuembuyu/Documents/work/multivers/projects/DEF-DGI/components/node_modules/@storybook/react/dist/esm/client/preview/render.js
<s> [webpack.Progress] 13% building 30/47 modules 17 active /Users/josuembuyu/Documents/work/multivers/projects/DEF-DGI/components/node_modules/regenerator-runtime/runtime.js
<s> [webpack.Progress] 13% building 31/47 modules 16 active /Users/josuembuyu/Documents/work/multivers/projects/DEF-DGI/components/node_modules/regenerator-runtime/runtime.js
<s> [webpack.Progress] 13% building 31/48 modules 17 active /Users/josuembuyu/Documents/work/multivers/projects/DEF-DGI/components/node_modules/webpack/buildin/module.js
<s> [webpack.Progress] 13% building 31/49 modules 18 active /Users/josuembuyu/Documents/work/multivers/projects/DEF-DGI/components/node_modules/core-js/modules/es.object.to-string.js
<s> [webpack.Progress] 13% building 31/50 modules 19 active /Users/josuembuyu/Documents/work/multivers/projects/DEF-DGI/components/node_modules/core-js/modules/es.promise.js
<s> [webpack.Progress] 13% building 32/50 modules 18 active /Users/josuembuyu/Documents/work/multivers/projects/DEF-DGI/components/node_modules/core-js/modules/es.promise.js
<s> [webpack.Progress] 13% building 33/50 modules 17 active /Users/josuembuyu/Documents/work/multivers/projects/DEF-DGI/components/node_modules/core-js/modules/es.promise.js
<s> [webpack.Progress] 14% building 34/50 modules 16 active /Users/josuembuyu/Documents/work/multivers/projects/DEF-DGI/components/node_modules/core-js/modules/es.promise.js
<s> [webpack.Progress] 14% building 35/50 modules 15 active /Users/josuembuyu/Documents/work/multivers/projects/DEF-DGI/components/node_modules/core-js/modules/es.promise.js
<s> [webpack.Progress] 14% building 36/50 modules 14 active /Users/josuembuyu/Documents/work/multivers/projects/DEF-DGI/components/node_modules/core-js/modules/es.promise.js
<s> [webpack.Progress] 14% building 37/50 modules 13 active /Users/josuembuyu/Documents/work/multivers/projects/DEF-DGI/components/node_modules/core-js/modules/es.promise.js
<s> [webpack.Progress] 14% building 38/50 modules 12 active /Users/josuembuyu/Documents/work/multivers/projects/DEF-DGI/components/node_modules/core-js/modules/es.promise.js
<s> [webpack.Progress] 14% building 39/50 modules 11 active /Users/josuembuyu/Documents/work/multivers/projects/DEF-DGI/components/node_modules/core-js/modules/es.promise.js
<s> [webpack.Progress] 14% building 40/50 modules 10 active /Users/josuembuyu/Documents/work/multivers/projects/DEF-DGI/components/node_modules/core-js/modules/es.promise.js
<s> [webpack.Progress] 14% building 41/50 modules 9 active /Users/josuembuyu/Documents/work/multivers/projects/DEF-DGI/components/node_modules/core-js/modules/es.promise.js
<s> [webpack.Progress] 15% building 42/50 modules 8 active /Users/josuembuyu/Documents/work/multivers/projects/DEF-DGI/components/node_modules/core-js/modules/es.promise.js
<s> [webpack.Progress] 15% building 42/51 modules 9 active /Users/josuembuyu/Documents/work/multivers/projects/DEF-DGI/components/node_modules/webpack/buildin/global.js
<s> [webpack.Progress] 15% building 42/52 modules 10 active /Users/josuembuyu/Documents/work/multivers/projects/DEF-DGI/components/node_modules/core-js/modules/es.object.entries.js
<s> [webpack.Progress] 15% building 42/53 modules 11 active /Users/josuembuyu/Documents/work/multivers/projects/DEF-DGI/components/node_modules/core-js/modules/es.function.name.js
<s> [webpack.Progress] 15% building 42/54 modules 12 active /Users/josuembuyu/Documents/work/multivers/projects/DEF-DGI/components/node_modules/core-js/modules/es.symbol.description.js
<s> [webpack.Progress] 15% building 42/55 modules 13 active /Users/josuembuyu/Documents/work/multivers/projects/DEF-DGI/components/node_modules/core-js/modules/es.symbol.iterator.js
<s> [webpack.Progress] 15% building 42/56 modules 14 active /Users/josuembuyu/Documents/work/multivers/projects/DEF-DGI/components/node_modules/core-js/modules/es.array.iterator.js
<s> [webpack.Progress] 15% building 42/57 modules 15 active /Users/josuembuyu/Documents/work/multivers/projects/DEF-DGI/components/node_modules/@storybook/client-api/dist/esm/index.js
<s> [webpack.Progress] 15% building 42/58 modules 16 active /Users/josuembuyu/Documents/work/multivers/projects/DEF-DGI/components/node_modules/core-js/modules/es.string.iterator.js
<s> [webpack.Progress] 15% building 42/59 modules 17 active /Users/josuembuyu/Documents/work/multivers/projects/DEF-DGI/components/node_modules/core-js/modules/web.dom-collections.iterator.js
<s> [webpack.Progress] 15% building 42/60 modules 18 active /Users/josuembuyu/Documents/work/multivers/projects/DEF-DGI/components/node_modules/core-js/modules/es.array.slice.js
<s> [webpack.Progress] 15% building 42/61 modules 19 active /Users/josuembuyu/Documents/work/multivers/projects/DEF-DGI/components/node_modules/core-js/modules/es.array.from.js
<s> [webpack.Progress] 15% building 42/62 modules 20 active /Users/josuembuyu/Documents/work/multivers/projects/DEF-DGI/components/node_modules/core-js/modules/es.regexp.exec.js
<s> [webpack.Progress] 15% building 43/62 modules 19 active /Users/josuembuyu/Documents/work/multivers/projects/DEF-DGI/components/node_modules/core-js/modules/es.regexp.exec.js
<s> [webpack.Progress] 15% building 44/62 modules 18 active /Users/josuembuyu/Documents/work/multivers/projects/DEF-DGI/components/node_modules/core-js/modules/es.regexp.exec.js
<s> [webpack.Progress] 15% building 45/62 modules 17 active /Users/josuembuyu/Documents/work/multivers/projects/DEF-DGI/components/node_modules/core-js/modules/es.regexp.exec.js
<s> [webpack.Progress] 15% building 46/62 modules 16 active /Users/josuembuyu/Documents/work/multivers/projects/DEF-DGI/components/node_modules/core-js/modules/es.regexp.exec.js
<s> [webpack.Progress] 15% building 47/62 modules 15 active /Users/josuembuyu/Documents/work/multivers/projects/DEF-DGI/components/node_modules/core-js/modules/es.regexp.exec.js
<s> [webpack.Progress] 15% building 47/63 modules 16 active /Users/josuembuyu/Documents/work/multivers/projects/DEF-DGI/components/node_modules/@storybook/addon-measure/dist/esm/withMeasure.js
<s> [webpack.Progress] 15% building 47/64 modules 17 active /Users/josuembuyu/Documents/work/multivers/projects/DEF-DGI/components/node_modules/@storybook/addon-measure/dist/esm/constants.js
<s> [webpack.Progress] 15% building 48/64 modules 16 active /Users/josuembuyu/Documents/work/multivers/projects/DEF-DGI/components/node_modules/@storybook/addon-measure/dist/esm/constants.js
<s> [webpack.Progress] 15% building 49/64 modules 15 active /Users/josuembuyu/Documents/work/multivers/projects/DEF-DGI/components/node_modules/@storybook/addon-measure/dist/esm/constants.js
<s> [webpack.Progress] 16% building 50/64 modules 14 active /Users/josuembuyu/Documents/work/multivers/projects/DEF-DGI/components/node_modules/@storybook/addon-measure/dist/esm/constants.js
<s> [webpack.Progress] 16% building 50/65 modules 15 active /Users/josuembuyu/Documents/work/multivers/projects/DEF-DGI/components/node_modules/@storybook/addon-links/dist/esm/index.js
<s> [webpack.Progress] 16% building 50/66 modules 16 active /Users/josuembuyu/Documents/work/multivers/projects/DEF-DGI/components/node_modules/@storybook/addon-backgrounds/dist/esm/decorators/withBackground.js
<s> [webpack.Progress] 16% building 50/67 modules 17 active /Users/josuembuyu/Documents/work/multivers/projects/DEF-DGI/components/node_modules/@storybook/addon-backgrounds/dist/esm/decorators/withGrid.js
<s> [webpack.Progress] 16% building 50/68 modules 18 active /Users/josuembuyu/Documents/work/multivers/projects/DEF-DGI/components/node_modules/@storybook/addon-actions/dist/esm/preset/addDecorator.js
<s> [webpack.Progress] 16% building 50/69 modules 19 active /Users/josuembuyu/Documents/work/multivers/projects/DEF-DGI/components/node_modules/@storybook/addon-actions/dist/esm/preset/addArgs.js
<s> [webpack.Progress] 16% building 51/69 modules 18 active /Users/josuembuyu/Documents/work/multivers/projects/DEF-DGI/components/node_modules/@storybook/addon-actions/dist/esm/preset/addArgs.js
<s> [webpack.Progress] 16% building 52/69 modules 17 active /Users/josuembuyu/Documents/work/multivers/projects/DEF-DGI/components/node_modules/@storybook/addon-actions/dist/esm/preset/addArgs.js
<s> [webpack.Progress] 16% building 53/69 modules 16 active /Users/josuembuyu/Documents/work/multivers/projects/DEF-DGI/components/node_modules/@storybook/addon-actions/dist/esm/preset/addArgs.js
<s> [webpack.Progress] 16% building 54/69 modules 15 active /Users/josuembuyu/Documents/work/multivers/projects/DEF-DGI/components/node_modules/@storybook/addon-actions/dist/esm/preset/addArgs.js
<s> [webpack.Progress] 16% building 55/69 modules 14 active /Users/josuembuyu/Documents/work/multivers/projects/DEF-DGI/components/node_modules/@storybook/addon-actions/dist/esm/preset/addArgs.js
<s> [webpack.Progress] 16% building 56/69 modules 13 active /Users/josuembuyu/Documents/work/multivers/projects/DEF-DGI/components/node_modules/@storybook/addon-actions/dist/esm/preset/addArgs.js
<s> [webpack.Progress] 16% building 57/69 modules 12 active /Users/josuembuyu/Documents/work/multivers/projects/DEF-DGI/components/node_modules/@storybook/addon-actions/dist/esm/preset/addArgs.js
<s> [webpack.Progress] 16% building 58/69 modules 11 active /Users/josuembuyu/Documents/work/multivers/projects/DEF-DGI/components/node_modules/@storybook/addon-actions/dist/esm/preset/addArgs.js
<s> [webpack.Progress] 17% building 59/69 modules 10 active /Users/josuembuyu/Documents/work/multivers/projects/DEF-DGI/components/node_modules/@storybook/addon-actions/dist/esm/preset/addArgs.js
<s> [webpack.Progress] 17% building 60/69 modules 9 active /Users/josuembuyu/Documents/work/multivers/projects/DEF-DGI/components/node_modules/@storybook/addon-actions/dist/esm/preset/addArgs.js
<s> [webpack.Progress] 17% building 61/69 modules 8 active /Users/josuembuyu/Documents/work/multivers/projects/DEF-DGI/components/node_modules/@storybook/addon-actions/dist/esm/preset/addArgs.js
<s> [webpack.Progress] 17% building 62/69 modules 7 active /Users/josuembuyu/Documents/work/multivers/projects/DEF-DGI/components/node_modules/@storybook/addon-actions/dist/esm/preset/addArgs.js
<s> [webpack.Progress] 17% building 62/70 modules 8 active /Users/josuembuyu/Documents/work/multivers/projects/DEF-DGI/components/node_modules/@storybook/addon-outline/dist/esm/constants.js
<s> [webpack.Progress] 17% building 62/71 modules 9 active /Users/josuembuyu/Documents/work/multivers/projects/DEF-DGI/components/node_modules/@storybook/addon-outline/dist/esm/withOutline.js
<s> [webpack.Progress] 17% building 62/72 modules 10 active /Users/josuembuyu/Documents/work/multivers/projects/DEF-DGI/components/node_modules/@storybook/react/dist/esm/client/index.js
<s> [webpack.Progress] 17% building 63/72 modules 9 active /Users/josuembuyu/Documents/work/multivers/projects/DEF-DGI/components/node_modules/@storybook/react/dist/esm/client/index.js
<s> [webpack.Progress] 17% building 64/72 modules 8 active /Users/josuembuyu/Documents/work/multivers/projects/DEF-DGI/components/node_modules/@storybook/react/dist/esm/client/index.js
<s> [webpack.Progress] 17% building 64/73 modules 9 active /Users/josuembuyu/Documents/work/multivers/projects/DEF-DGI/components/node_modules/core-js/modules/es.symbol.constructor.js
<s> [webpack.Progress] 17% building 64/74 modules 10 active /Users/josuembuyu/Documents/work/multivers/projects/DEF-DGI/components/node_modules/core-js/modules/es.symbol.for.js
<s> [webpack.Progress] 17% building 64/75 modules 11 active /Users/josuembuyu/Documents/work/multivers/projects/DEF-DGI/components/node_modules/core-js/modules/es.json.stringify.js
<s> [webpack.Progress] 17% building 64/76 modules 12 active /Users/josuembuyu/Documents/work/multivers/projects/DEF-DGI/components/node_modules/core-js/modules/es.object.get-own-property-symbols.js
<s> [webpack.Progress] 17% building 64/77 modules 13 active /Users/josuembuyu/Documents/work/multivers/projects/DEF-DGI/components/node_modules/core-js/modules/es.symbol.key-for.js
<s> [webpack.Progress] 17% building 65/77 modules 12 active /Users/josuembuyu/Documents/work/multivers/projects/DEF-DGI/components/node_modules/core-js/modules/es.symbol.key-for.js
<s> [webpack.Progress] 17% building 66/77 modules 11 active /Users/josuembuyu/Documents/work/multivers/projects/DEF-DGI/components/node_modules/core-js/modules/es.symbol.key-for.js
<s> [webpack.Progress] 18% building 67/77 modules 10 active /Users/josuembuyu/Documents/work/multivers/projects/DEF-DGI/components/node_modules/core-js/modules/es.symbol.key-for.js
<s> [webpack.Progress] 18% building 67/78 modules 11 active /Users/josuembuyu/Documents/work/multivers/projects/DEF-DGI/components/node_modules/@storybook/react/dist/esm/client/docs/extractProps.js
<s> [webpack.Progress] 18% building 68/78 modules 10 active /Users/josuembuyu/Documents/work/multivers/projects/DEF-DGI/components/node_modules/@storybook/react/dist/esm/client/docs/extractProps.js
<s> [webpack.Progress] 18% building 69/78 modules 9 active /Users/josuembuyu/Documents/work/multivers/projects/DEF-DGI/components/node_modules/@storybook/react/dist/esm/client/docs/extractProps.js
<s> [webpack.Progress] 18% building 70/78 modules 8 active /Users/josuembuyu/Documents/work/multivers/projects/DEF-DGI/components/node_modules/@storybook/react/dist/esm/client/docs/extractProps.js
<s> [webpack.Progress] 18% building 71/78 modules 7 active /Users/josuembuyu/Documents/work/multivers/projects/DEF-DGI/components/node_modules/@storybook/react/dist/esm/client/docs/extractProps.js
<s> [webpack.Progress] 18% building 71/79 modules 8 active /Users/josuembuyu/Documents/work/multivers/projects/DEF-DGI/components/node_modules/core-js/internals/export.js
<s> [webpack.Progress] 18% building 71/80 modules 9 active /Users/josuembuyu/Documents/work/multivers/projects/DEF-DGI/components/node_modules/core-js/internals/to-object.js
<s> [webpack.Progress] 18% building 71/81 modules 10 active /Users/josuembuyu/Documents/work/multivers/projects/DEF-DGI/components/node_modules/core-js/internals/object-keys.js
<s> [webpack.Progress] 18% building 71/82 modules 11 active /Users/josuembuyu/Documents/work/multivers/projects/DEF-DGI/components/node_modules/core-js/internals/fails.js
<s> [webpack.Progress] 18% building 71/83 modules 12 active /Users/josuembuyu/Documents/work/multivers/projects/DEF-DGI/components/node_modules/core-js/internals/array-iteration.js
<s> [webpack.Progress] 18% building 71/84 modules 13 active /Users/josuembuyu/Documents/work/multivers/projects/DEF-DGI/components/node_modules/core-js/internals/array-method-has-species-support.js
<s> [webpack.Progress] 18% building 71/85 modules 14 active /Users/josuembuyu/Documents/work/multivers/projects/DEF-DGI/components/node_modules/core-js/internals/to-indexed-object.js
<s> [webpack.Progress] 18% building 71/86 modules 15 active /Users/josuembuyu/Documents/work/multivers/projects/DEF-DGI/components/node_modules/core-js/internals/object-get-own-property-descriptor.js
<s> [webpack.Progress] 18% building 71/87 modules 16 active /Users/josuembuyu/Documents/work/multivers/projects/DEF-DGI/components/node_modules/core-js/internals/descriptors.js
<s> [webpack.Progress] 18% building 71/88 modules 17 active /Users/josuembuyu/Documents/work/multivers/projects/DEF-DGI/components/node_modules/core-js/internals/dom-iterables.js
<s> [webpack.Progress] 18% building 71/89 modules 18 active /Users/josuembuyu/Documents/work/multivers/projects/DEF-DGI/components/node_modules/core-js/internals/dom-token-list-prototype.js
<s> [webpack.Progress] 18% building 71/90 modules 19 active /Users/josuembuyu/Documents/work/multivers/projects/DEF-DGI/components/node_modules/core-js/internals/global.js
<s> [webpack.Progress] 18% building 71/91 modules 20 active /Users/josuembuyu/Documents/work/multivers/projects/DEF-DGI/components/node_modules/core-js/internals/array-for-each.js
<s> [webpack.Progress] 18% building 71/92 modules 21 active /Users/josuembuyu/Documents/work/multivers/projects/DEF-DGI/components/node_modules/core-js/internals/create-non-enumerable-property.js
<s> [webpack.Progress] 18% building 71/93 modules 22 active /Users/josuembuyu/Documents/work/multivers/projects/DEF-DGI/components/node_modules/core-js/internals/object-define-property.js
<s> [webpack.Progress] 18% building 71/94 modules 23 active /Users/josuembuyu/Documents/work/multivers/projects/DEF-DGI/components/node_modules/core-js/internals/object-define-properties.js
<s> [webpack.Progress] 18% building 71/95 modules 24 active /Users/josuembuyu/Documents/work/multivers/projects/DEF-DGI/components/node_modules/core-js/internals/own-keys.js
<s> [webpack.Progress] 18% building 71/96 modules 25 active /Users/josuembuyu/Documents/work/multivers/projects/DEF-DGI/components/node_modules/core-js/internals/create-property.js
<s> [webpack.Progress] 18% building 71/97 modules 26 active /Users/josuembuyu/Documents/work/multivers/projects/DEF-DGI/components/node_modules/core-js/internals/to-string-tag-support.js
<s> [webpack.Progress] 18% building 71/98 modules 27 active /Users/josuembuyu/Documents/work/multivers/projects/DEF-DGI/components/node_modules/core-js/modules/es.promise.constructor.js
<s> [webpack.Progress] 18% building 71/99 modules 28 active /Users/josuembuyu/Documents/work/multivers/projects/DEF-DGI/components/node_modules/core-js/modules/es.array.concat.js
<s> [webpack.Progress] 18% building 71/100 modules 29 active /Users/josuembuyu/Documents/work/multivers/projects/DEF-DGI/components/node_modules/global/window.js
<s> [webpack.Progress] 18% building 72/100 modules 28 active /Users/josuembuyu/Documents/work/multivers/projects/DEF-DGI/components/node_modules/global/window.js
<s> [webpack.Progress] 18% building 72/101 modules 29 active /Users/josuembuyu/Documents/work/multivers/projects/DEF-DGI/components/node_modules/airbnb-js-shims/index.js
<s> [webpack.Progress] 18% building 72/102 modules 30 active /Users/josuembuyu/Documents/work/multivers/projects/DEF-DGI/components/node_modules/core-js/modules/es.promise.resolve.js
<s> [webpack.Progress] 18% building 73/102 modules 29 active /Users/josuembuyu/Documents/work/multivers/projects/DEF-DGI/components/node_modules/core-js/modules/es.promise.resolve.js
<s> [webpack.Progress] 18% building 74/102 modules 28 active /Users/josuembuyu/Documents/work/multivers/projects/DEF-DGI/components/node_modules/core-js/modules/es.promise.resolve.js
<s> [webpack.Progress] 19% building 75/102 modules 27 active /Users/josuembuyu/Documents/work/multivers/projects/DEF-DGI/components/node_modules/core-js/modules/es.promise.resolve.js
<s> [webpack.Progress] 19% building 76/102 modules 26 active /Users/josuembuyu/Documents/work/multivers/projects/DEF-DGI/components/node_modules/core-js/modules/es.promise.resolve.js
<s> [webpack.Progress] 19% building 77/102 modules 25 active /Users/josuembuyu/Documents/work/multivers/projects/DEF-DGI/components/node_modules/core-js/modules/es.promise.resolve.js
<s> [webpack.Progress] 19% building 77/103 modules 26 active /Users/josuembuyu/Documents/work/multivers/projects/DEF-DGI/components/node_modules/core-js/internals/define-well-known-symbol.js
<s> [webpack.Progress] 19% building 77/104 modules 27 active /Users/josuembuyu/Documents/work/multivers/projects/DEF-DGI/components/node_modules/core-js/internals/well-known-symbol.js
<s> [webpack.Progress] 19% building 77/105 modules 28 active /Users/josuembuyu/Documents/work/multivers/projects/DEF-DGI/components/node_modules/core-js/internals/string-multibyte.js
<s> [webpack.Progress] 19% building 77/106 modules 29 active /Users/josuembuyu/Documents/work/multivers/projects/DEF-DGI/components/node_modules/@storybook/client-api/dist/esm/ClientApi.js
<s> [webpack.Progress] 19% building 77/107 modules 30 active /Users/josuembuyu/Documents/work/multivers/projects/DEF-DGI/components/node_modules/webpack/buildin/harmony-module.js
<s> [webpack.Progress] 19% building 77/108 modules 31 active /Users/josuembuyu/Documents/work/multivers/projects/DEF-DGI/components/node_modules/core-js/modules/es.object.freeze.js
<s> [webpack.Progress] 19% building 77/109 modules 32 active /Users/josuembuyu/Documents/work/multivers/projects/DEF-DGI/components/node_modules/core-js/modules/es.array.join.js
<s> [webpack.Progress] 19% building 78/109 modules 31 active /Users/josuembuyu/Documents/work/multivers/projects/DEF-DGI/components/node_modules/core-js/modules/es.array.join.js
<s> [webpack.Progress] 19% building 78/110 modules 32 active /Users/josuembuyu/Documents/work/multivers/projects/DEF-DGI/components/node_modules/core-js/internals/regexp-exec.js
<s> [webpack.Progress] 19% building 79/110 modules 31 active /Users/josuembuyu/Documents/work/multivers/projects/DEF-DGI/components/node_modules/core-js/internals/regexp-exec.js
<s> [webpack.Progress] 19% building 80/110 modules 30 active /Users/josuembuyu/Documents/work/multivers/projects/DEF-DGI/components/node_modules/core-js/internals/regexp-exec.js
<s> [webpack.Progress] 19% building 81/110 modules 29 active /Users/josuembuyu/Documents/work/multivers/projects/DEF-DGI/components/node_modules/core-js/internals/regexp-exec.js
<s> [webpack.Progress] 19% building 82/110 modules 28 active /Users/josuembuyu/Documents/work/multivers/projects/DEF-DGI/components/node_modules/core-js/internals/regexp-exec.js
<s> [webpack.Progress] 19% building 83/110 modules 27 active /Users/josuembuyu/Documents/work/multivers/projects/DEF-DGI/components/node_modules/core-js/internals/regexp-exec.js
<s> [webpack.Progress] 20% building 84/110 modules 26 active /Users/josuembuyu/Documents/work/multivers/projects/DEF-DGI/components/node_modules/core-js/internals/regexp-exec.js
<s> [webpack.Progress] 20% building 85/110 modules 25 active /Users/josuembuyu/Documents/work/multivers/projects/DEF-DGI/components/node_modules/core-js/internals/regexp-exec.js
<s> [webpack.Progress] 20% building 86/110 modules 24 active /Users/josuembuyu/Documents/work/multivers/projects/DEF-DGI/components/node_modules/core-js/internals/regexp-exec.js
<s> [webpack.Progress] 20% building 87/110 modules 23 active /Users/josuembuyu/Documents/work/multivers/projects/DEF-DGI/components/node_modules/core-js/internals/regexp-exec.js
<s> [webpack.Progress] 20% building 88/110 modules 22 active /Users/josuembuyu/Documents/work/multivers/projects/DEF-DGI/components/node_modules/core-js/internals/regexp-exec.js
<s> [webpack.Progress] 20% building 89/110 modules 21 active /Users/josuembuyu/Documents/work/multivers/projects/DEF-DGI/components/node_modules/core-js/internals/regexp-exec.js
<s> [webpack.Progress] 20% building 90/110 modules 20 active /Users/josuembuyu/Documents/work/multivers/projects/DEF-DGI/components/node_modules/core-js/internals/regexp-exec.js
<s> [webpack.Progress] 20% building 91/110 modules 19 active /Users/josuembuyu/Documents/work/multivers/projects/DEF-DGI/components/node_modules/core-js/internals/regexp-exec.js
<s> [webpack.Progress] 21% building 92/110 modules 18 active /Users/josuembuyu/Documents/work/multivers/projects/DEF-DGI/components/node_modules/core-js/internals/regexp-exec.js
<s> [webpack.Progress] 21% building 93/110 modules 17 active /Users/josuembuyu/Documents/work/multivers/projects/DEF-DGI/components/node_modules/core-js/internals/regexp-exec.js
<s> [webpack.Progress] 21% building 94/110 modules 16 active /Users/josuembuyu/Documents/work/multivers/projects/DEF-DGI/components/node_modules/core-js/internals/regexp-exec.js
<s> [webpack.Progress] 21% building 95/110 modules 15 active /Users/josuembuyu/Documents/work/multivers/projects/DEF-DGI/components/node_modules/core-js/internals/regexp-exec.js
<s> [webpack.Progress] 21% building 96/110 modules 14 active /Users/josuembuyu/Documents/work/multivers/projects/DEF-DGI/components/node_modules/core-js/internals/regexp-exec.js
<s> [webpack.Progress] 21% building 97/110 modules 13 active /Users/josuembuyu/Documents/work/multivers/projects/DEF-DGI/components/node_modules/core-js/internals/regexp-exec.js
<s> [webpack.Progress] 21% building 98/110 modules 12 active /Users/josuembuyu/Documents/work/multivers/projects/DEF-DGI/components/node_modules/core-js/internals/regexp-exec.js
<s> [webpack.Progress] 21% building 99/110 modules 11 active /Users/josuembuyu/Documents/work/multivers/projects/DEF-DGI/components/node_modules/core-js/internals/regexp-exec.js
<s> [webpack.Progress] 21% building 99/111 modules 12 active /Users/josuembuyu/Documents/work/multivers/projects/DEF-DGI/components/node_modules/@storybook/addon-measure/dist/esm/util.js
<s> [webpack.Progress] 22% building 100/111 modules 11 active /Users/josuembuyu/Documents/work/multivers/projects/DEF-DGI/components/node_modules/@storybook/addon-measure/dist/esm/util.js
<s> [webpack.Progress] 22% building 101/111 modules 10 active /Users/josuembuyu/Documents/work/multivers/projects/DEF-DGI/components/node_modules/@storybook/addon-measure/dist/esm/util.js
<s> [webpack.Progress] 22% building 101/112 modules 11 active /Users/josuembuyu/Documents/work/multivers/projects/DEF-DGI/components/node_modules/babel-loader/lib/index.js??ref--4-0!/Users/josuembuyu/Documents/work/multivers/projects/DEF-DGI/components/node_modules/@storybook/source-loader/dist/cjs/index.js??ref--10!/Users/josuembuyu/Documents/work/multivers/projects/DEF-DGI/components/src/components/atoms/Avatar/Avatar.stories.js
<s> [webpack.Progress] 22% building 101/113 modules 12 active /Users/josuembuyu/Documents/work/multivers/projects/DEF-DGI/components/node_modules/babel-loader/lib/index.js??ref--4-0!/Users/josuembuyu/Documents/work/multivers/projects/DEF-DGI/components/node_modules/@storybook/source-loader/dist/cjs/index.js??ref--10!/Users/josuembuyu/Documents/work/multivers/projects/DEF-DGI/components/src/components/atoms/Badge/Badge.stories.js
<s> [webpack.Progress] 22% building 101/114 modules 13 active /Users/josuembuyu/Documents/work/multivers/projects/DEF-DGI/components/node_modules/babel-loader/lib/index.js??ref--4-0!/Users/josuembuyu/Documents/work/multivers/projects/DEF-DGI/components/node_modules/@storybook/source-loader/dist/cjs/index.js??ref--10!/Users/josuembuyu/Documents/work/multivers/projects/DEF-DGI/components/src/components/atoms/Button/Button.stories.js
<s> [webpack.Progress] 22% building 101/115 modules 14 active /Users/josuembuyu/Documents/work/multivers/projects/DEF-DGI/components/node_modules/babel-loader/lib/index.js??ref--4-0!/Users/josuembuyu/Documents/work/multivers/projects/DEF-DGI/components/node_modules/@storybook/source-loader/dist/cjs/index.js??ref--10!/Users/josuembuyu/Documents/work/multivers/projects/DEF-DGI/components/src/components/atoms/Card/Card.stories.js
<s> [webpack.Progress] 22% building 101/116 modules 15 active /Users/josuembuyu/Documents/work/multivers/projects/DEF-DGI/components/node_modules/babel-loader/lib/index.js??ref--4-0!/Users/josuembuyu/Documents/work/multivers/projects/DEF-DGI/components/node_modules/@storybook/source-loader/dist/cjs/index.js??ref--10!/Users/josuembuyu/Documents/work/multivers/projects/DEF-DGI/components/src/components/atoms/IconButton/IconButton.stories.js
<s> [webpack.Progress] 22% building 101/117 modules 16 active /Users/josuembuyu/Documents/work/multivers/projects/DEF-DGI/components/node_modules/babel-loader/lib/index.js??ref--4-0!/Users/josuembuyu/Documents/work/multivers/projects/DEF-DGI/components/node_modules/@storybook/source-loader/dist/cjs/index.js??ref--10!/Users/josuembuyu/Documents/work/multivers/projects/DEF-DGI/components/src/components/atoms/Link/Link.stories.js
<s> [webpack.Progress] 22% building 101/118 modules 17 active /Users/josuembuyu/Documents/work/multivers/projects/DEF-DGI/components/node_modules/babel-loader/lib/index.js??ref--4-0!/Users/josuembuyu/Documents/work/multivers/projects/DEF-DGI/components/node_modules/@storybook/source-loader/dist/cjs/index.js??ref--10!/Users/josuembuyu/Documents/work/multivers/projects/DEF-DGI/components/src/components/atoms/Logo/Logo.stories.js
<s> [webpack.Progress] 22% building 101/119 modules 18 active /Users/josuembuyu/Documents/work/multivers/projects/DEF-DGI/components/node_modules/babel-loader/lib/index.js??ref--4-0!/Users/josuembuyu/Documents/work/multivers/projects/DEF-DGI/components/node_modules/@storybook/source-loader/dist/cjs/index.js??ref--10!/Users/josuembuyu/Documents/work/multivers/projects/DEF-DGI/components/src/components/atoms/SelectInput/SelectInput.stories.js
<s> [webpack.Progress] 22% building 101/120 modules 19 active /Users/josuembuyu/Documents/work/multivers/projects/DEF-DGI/components/node_modules/babel-loader/lib/index.js??ref--4-0!/Users/josuembuyu/Documents/work/multivers/projects/DEF-DGI/components/node_modules/@storybook/source-loader/dist/cjs/index.js??ref--10!/Users/josuembuyu/Documents/work/multivers/projects/DEF-DGI/components/src/components/atoms/Text/Text.stories.js
<s> [webpack.Progress] 22% building 101/121 modules 20 active /Users/josuembuyu/Documents/work/multivers/projects/DEF-DGI/components/node_modules/babel-loader/lib/index.js??ref--4-0!/Users/josuembuyu/Documents/work/multivers/projects/DEF-DGI/components/node_modules/@storybook/source-loader/dist/cjs/index.js??ref--10!/Users/josuembuyu/Documents/work/multivers/projects/DEF-DGI/components/src/components/organisms/Navbar/Navbar.stories.js
<s> [webpack.Progress] 22% building 101/122 modules 21 active /Users/josuembuyu/Documents/work/multivers/projects/DEF-DGI/components/node_modules/babel-loader/lib/index.js??ref--4-0!/Users/josuembuyu/Documents/work/multivers/projects/DEF-DGI/components/node_modules/@storybook/source-loader/dist/cjs/index.js??ref--10!/Users/josuembuyu/Documents/work/multivers/projects/DEF-DGI/components/src/components/organisms/Navbar/RadioBtnCard/RadioBtnCard.stories.js
<s> [webpack.Progress] 22% building 102/122 modules 20 active /Users/josuembuyu/Documents/work/multivers/projects/DEF-DGI/components/node_modules/babel-loader/lib/index.js??ref--4-0!/Users/josuembuyu/Documents/work/multivers/projects/DEF-DGI/components/node_modules/@storybook/source-loader/dist/cjs/index.js??ref--10!/Users/josuembuyu/Documents/work/multivers/projects/DEF-DGI/components/src/components/organisms/Navbar/RadioBtnCard/RadioBtnCard.stories.js
<s> [webpack.Progress] 22% building 103/122 modules 19 active /Users/josuembuyu/Documents/work/multivers/projects/DEF-DGI/components/node_modules/babel-loader/lib/index.js??ref--4-0!/Users/josuembuyu/Documents/work/multivers/projects/DEF-DGI/components/node_modules/@storybook/source-loader/dist/cjs/index.js??ref--10!/Users/josuembuyu/Documents/work/multivers/projects/DEF-DGI/components/src/components/organisms/Navbar/RadioBtnCard/RadioBtnCard.stories.js
<s> [webpack.Progress] 22% building 104/122 modules 18 active /Users/josuembuyu/Documents/work/multivers/projects/DEF-DGI/components/node_modules/babel-loader/lib/index.js??ref--4-0!/Users/josuembuyu/Documents/work/multivers/projects/DEF-DGI/components/node_modules/@storybook/source-loader/dist/cjs/index.js??ref--10!/Users/josuembuyu/Documents/work/multivers/projects/DEF-DGI/components/src/components/organisms/Navbar/RadioBtnCard/RadioBtnCard.stories.js
<s> [webpack.Progress] 22% building 105/122 modules 17 active /Users/josuembuyu/Documents/work/multivers/projects/DEF-DGI/components/node_modules/babel-loader/lib/index.js??ref--4-0!/Users/josuembuyu/Documents/work/multivers/projects/DEF-DGI/components/node_modules/@storybook/source-loader/dist/cjs/index.js??ref--10!/Users/josuembuyu/Documents/work/multivers/projects/DEF-DGI/components/src/components/organisms/Navbar/RadioBtnCard/RadioBtnCard.stories.js
<s> [webpack.Progress] 22% building 105/123 modules 18 active /Users/josuembuyu/Documents/work/multivers/projects/DEF-DGI/components/node_modules/@storybook/addon-actions/dist/esm/preset/addArgsHelpers.js
<s> [webpack.Progress] 22% building 105/124 modules 19 active /Users/josuembuyu/Documents/work/multivers/projects/DEF-DGI/components/node_modules/@storybook/addon-actions/dist/esm/index.js
<s> [webpack.Progress] 22% building 106/124 modules 18 active /Users/josuembuyu/Documents/work/multivers/projects/DEF-DGI/components/node_modules/@storybook/addon-actions/dist/esm/index.js
<s> [webpack.Progress] 22% building 106/125 modules 19 active /Users/josuembuyu/Documents/work/multivers/projects/DEF-DGI/components/node_modules/@storybook/addon-outline/dist/esm/outlineCSS.js
<s> [webpack.Progress] 22% building 106/126 modules 20 active /Users/josuembuyu/Documents/work/multivers/projects/DEF-DGI/components/node_modules/@storybook/addon-outline/dist/esm/helpers.js
<s> [webpack.Progress] 22% building 106/127 modules 21 active /Users/josuembuyu/Documents/work/multivers/projects/DEF-DGI/components/node_modules/@storybook/addon-links/dist/esm/utils.js
<s> [webpack.Progress] 22% building 106/128 modules 22 active /Users/josuembuyu/Documents/work/multivers/projects/DEF-DGI/components/node_modules/@storybook/addon-backgrounds/dist/esm/constants.js
<s> [webpack.Progress] 22% building 107/128 modules 21 active /Users/josuembuyu/Documents/work/multivers/projects/DEF-DGI/components/node_modules/@storybook/addon-backgrounds/dist/esm/constants.js
<s> [webpack.Progress] 22% building 108/128 modules 20 active /Users/josuembuyu/Documents/work/multivers/projects/DEF-DGI/components/node_modules/@storybook/addon-backgrounds/dist/esm/constants.js
<s> [webpack.Progress] 22% building 108/129 modules 21 active /Users/josuembuyu/Documents/work/multivers/projects/DEF-DGI/components/node_modules/core-js/internals/check-correctness-of-iteration.js
<s> [webpack.Progress] 23% building 109/129 modules 20 active /Users/josuembuyu/Documents/work/multivers/projects/DEF-DGI/components/node_modules/core-js/internals/check-correctness-of-iteration.js
<s> [webpack.Progress] 23% building 109/130 modules 21 active /Users/josuembuyu/Documents/work/multivers/projects/DEF-DGI/components/node_modules/core-js/internals/array-from.js
<s> [webpack.Progress] 23% building 109/131 modules 22 active /Users/josuembuyu/Documents/work/multivers/projects/DEF-DGI/components/node_modules/@storybook/client-api/dist/esm/queryparams.js
<s> [webpack.Progress] 23% building 109/132 modules 23 active /Users/josuembuyu/Documents/work/multivers/projects/DEF-DGI/components/node_modules/@storybook/client-api/dist/esm/types.js
<s> [webpack.Progress] 23% building 109/133 modules 24 active /Users/josuembuyu/Documents/work/multivers/projects/DEF-DGI/components/node_modules/core-js/features/symbol/index.js
<s> [webpack.Progress] 23% building 110/133 modules 23 active /Users/josuembuyu/Documents/work/multivers/projects/DEF-DGI/components/node_modules/core-js/features/symbol/index.js
<s> [webpack.Progress] 23% building 111/133 modules 22 active /Users/josuembuyu/Documents/work/multivers/projects/DEF-DGI/components/node_modules/core-js/features/symbol/index.js
<s> [webpack.Progress] 23% building 111/134 modules 23 active /Users/josuembuyu/Documents/work/multivers/projects/DEF-DGI/components/node_modules/core-js/internals/native-symbol-registry.js
<s> [webpack.Progress] 23% building 111/135 modules 24 active /Users/josuembuyu/Documents/work/multivers/projects/DEF-DGI/components/node_modules/core-js/internals/internal-state.js
<s> [webpack.Progress] 23% building 111/136 modules 25 active /Users/josuembuyu/Documents/work/multivers/projects/DEF-DGI/components/node_modules/core-js/internals/native-symbol.js
<s> [webpack.Progress] 23% building 111/137 modules 26 active /Users/josuembuyu/Documents/work/multivers/projects/DEF-DGI/components/node_modules/core-js/internals/object-get-own-property-symbols.js
<s> [webpack.Progress] 23% building 111/138 modules 27 active /Users/josuembuyu/Documents/work/multivers/projects/DEF-DGI/components/node_modules/@storybook/addon-measure/dist/esm/box-model/visualizer.js
<s> [webpack.Progress] 23% building 111/139 modules 28 active /Users/josuembuyu/Documents/work/multivers/projects/DEF-DGI/components/node_modules/@storybook/addon-measure/dist/esm/box-model/canvas.js
<s> [webpack.Progress] 23% building 111/140 modules 29 active /Users/josuembuyu/Documents/work/multivers/projects/DEF-DGI/components/node_modules/@storybook/docs-tools/dist/esm/index.js
<s> [webpack.Progress] 23% building 111/141 modules 30 active /Users/josuembuyu/Documents/work/multivers/projects/DEF-DGI/components/node_modules/core-js/internals/shared.js
<s> [webpack.Progress] 23% building 112/141 modules 29 active /Users/josuembuyu/Documents/work/multivers/projects/DEF-DGI/components/node_modules/core-js/internals/shared.js
<s> [webpack.Progress] 23% building 113/141 modules 28 active /Users/josuembuyu/Documents/work/multivers/projects/DEF-DGI/components/node_modules/core-js/internals/shared.js
<s> [webpack.Progress] 23% building 114/141 modules 27 active /Users/josuembuyu/Documents/work/multivers/projects/DEF-DGI/components/node_modules/core-js/internals/shared.js
<s> [webpack.Progress] 23% building 114/142 modules 28 active /Users/josuembuyu/Documents/work/multivers/projects/DEF-DGI/components/node_modules/core-js/internals/require-object-coercible.js
<s> [webpack.Progress] 23% building 114/143 modules 29 active /Users/josuembuyu/Documents/work/multivers/projects/DEF-DGI/components/node_modules/core-js/internals/copy-constructor-properties.js
<s> [webpack.Progress] 23% building 114/144 modules 30 active /Users/josuembuyu/Documents/work/multivers/projects/DEF-DGI/components/node_modules/core-js/internals/engine-v8-version.js
<s> [webpack.Progress] 23% building 114/145 modules 31 active /Users/josuembuyu/Documents/work/multivers/projects/DEF-DGI/components/node_modules/core-js/internals/object-keys-internal.js
<s> [webpack.Progress] 23% building 114/146 modules 32 active /Users/josuembuyu/Documents/work/multivers/projects/DEF-DGI/components/node_modules/core-js/internals/is-forced.js
<s> [webpack.Progress] 23% building 114/147 modules 33 active /Users/josuembuyu/Documents/work/multivers/projects/DEF-DGI/components/node_modules/core-js/internals/indexed-object.js
<s> [webpack.Progress] 23% building 114/148 modules 34 active /Users/josuembuyu/Documents/work/multivers/projects/DEF-DGI/components/node_modules/core-js/internals/function-bind-context.js
<s> [webpack.Progress] 23% building 114/149 modules 35 active /Users/josuembuyu/Documents/work/multivers/projects/DEF-DGI/components/node_modules/core-js/internals/array-species-create.js
<s> [webpack.Progress] 23% building 114/150 modules 36 active /Users/josuembuyu/Documents/work/multivers/projects/DEF-DGI/components/node_modules/core-js/internals/ie8-dom-define.js
<s> [webpack.Progress] 23% building 114/151 modules 37 active /Users/josuembuyu/Documents/work/multivers/projects/DEF-DGI/components/node_modules/core-js/internals/has-own-property.js
<s> [webpack.Progress] 23% building 114/152 modules 38 active /Users/josuembuyu/Documents/work/multivers/projects/DEF-DGI/components/node_modules/core-js/internals/array-method-is-strict.js
<s> [webpack.Progress] 23% building 114/153 modules 39 active /Users/josuembuyu/Documents/work/multivers/projects/DEF-DGI/components/node_modules/core-js/internals/create-property-descriptor.js
<s> [webpack.Progress] 23% building 114/154 modules 40 active /Users/josuembuyu/Documents/work/multivers/projects/DEF-DGI/components/node_modules/core-js/internals/to-property-key.js
<s> [webpack.Progress] 23% building 114/155 modules 41 active /Users/josuembuyu/Documents/work/multivers/projects/DEF-DGI/components/node_modules/core-js/internals/an-object.js
<s> [webpack.Progress] 23% building 114/156 modules 42 active /Users/josuembuyu/Documents/work/multivers/projects/DEF-DGI/components/node_modules/core-js/internals/document-create-element.js
<s> [webpack.Progress] 23% building 115/156 modules 41 active /Users/josuembuyu/Documents/work/multivers/projects/DEF-DGI/components/node_modules/core-js/internals/document-create-element.js
<s> [webpack.Progress] 23% building 115/157 modules 42 active /Users/josuembuyu/Documents/work/multivers/projects/DEF-DGI/components/node_modules/core-js/internals/get-built-in.js
<s> [webpack.Progress] 23% building 116/157 modules 41 active /Users/josuembuyu/Documents/work/multivers/projects/DEF-DGI/components/node_modules/core-js/internals/get-built-in.js
<s> [webpack.Progress] 24% building 117/157 modules 40 active /Users/josuembuyu/Documents/work/multivers/projects/DEF-DGI/components/node_modules/core-js/internals/get-built-in.js
<s> [webpack.Progress] 24% building 118/157 modules 39 active /Users/josuembuyu/Documents/work/multivers/projects/DEF-DGI/components/node_modules/core-js/internals/get-built-in.js
<s> [webpack.Progress] 24% building 118/158 modules 40 active /Users/josuembuyu/Documents/work/multivers/projects/DEF-DGI/components/node_modules/core-js/internals/new-promise-capability.js
<s> [webpack.Progress] 24% building 119/158 modules 39 active /Users/josuembuyu/Documents/work/multivers/projects/DEF-DGI/components/node_modules/core-js/internals/new-promise-capability.js
<s> [webpack.Progress] 24% building 119/159 modules 40 active /Users/josuembuyu/Documents/work/multivers/projects/DEF-DGI/components/node_modules/@storybook/addon-docs/dist/esm/blocks/index.js
<s> [webpack.Progress] 24% building 119/160 modules 41 active /Users/josuembuyu/Documents/work/multivers/projects/DEF-DGI/components/node_modules/core-js/modules/es.object.assign.js
<s> [webpack.Progress] 24% building 119/161 modules 42 active /Users/josuembuyu/Documents/work/multivers/projects/DEF-DGI/components/node_modules/core-js/modules/es.string.starts-with.js
<s> [webpack.Progress] 24% building 119/162 modules 43 active /Users/josuembuyu/Documents/work/multivers/projects/DEF-DGI/components/node_modules/core-js/modules/es.map.js
<s> [webpack.Progress] 24% building 120/162 modules 42 active /Users/josuembuyu/Documents/work/multivers/projects/DEF-DGI/components/node_modules/core-js/modules/es.map.js
<s> [webpack.Progress] 24% building 121/162 modules 41 active /Users/josuembuyu/Documents/work/multivers/projects/DEF-DGI/components/node_modules/core-js/modules/es.map.js
<s> [webpack.Progress] 24% building 122/162 modules 40 active /Users/josuembuyu/Documents/work/multivers/projects/DEF-DGI/components/node_modules/core-js/modules/es.map.js
<s> [webpack.Progress] 24% building 122/163 modules 41 active /Users/josuembuyu/Documents/work/multivers/projects/DEF-DGI/components/node_modules/core-js/internals/promise-resolve.js
<s> [webpack.Progress] 24% building 122/164 modules 42 active /Users/josuembuyu/Documents/work/multivers/projects/DEF-DGI/components/node_modules/core-js/internals/promise-constructor-detection.js
<s> [webpack.Progress] 24% building 123/164 modules 41 active /Users/josuembuyu/Documents/work/multivers/projects/DEF-DGI/components/node_modules/core-js/internals/promise-constructor-detection.js
<s> [webpack.Progress] 24% building 124/164 modules 40 active /Users/josuembuyu/Documents/work/multivers/projects/DEF-DGI/components/node_modules/core-js/internals/promise-constructor-detection.js
<s> [webpack.Progress] 25% building 125/164 modules 39 active /Users/josuembuyu/Documents/work/multivers/projects/DEF-DGI/components/node_modules/core-js/internals/promise-constructor-detection.js
<s> [webpack.Progress] 25% building 126/164 modules 38 active /Users/josuembuyu/Documents/work/multivers/projects/DEF-DGI/components/node_modules/core-js/internals/promise-constructor-detection.js
<s> [webpack.Progress] 25% building 127/164 modules 37 active /Users/josuembuyu/Documents/work/multivers/projects/DEF-DGI/components/node_modules/core-js/internals/promise-constructor-detection.js
<s> [webpack.Progress] 25% building 128/164 modules 36 active /Users/josuembuyu/Documents/work/multivers/projects/DEF-DGI/components/node_modules/core-js/internals/promise-constructor-detection.js
<s> [webpack.Progress] 25% building 128/165 modules 37 active /Users/josuembuyu/Documents/work/multivers/projects/DEF-DGI/components/node_modules/core-js/internals/path.js
<s> [webpack.Progress] 25% building 128/166 modules 38 active /Users/josuembuyu/Documents/work/multivers/projects/DEF-DGI/components/node_modules/core-js/internals/use-symbol-as-uid.js
<s> [webpack.Progress] 25% building 128/167 modules 39 active /Users/josuembuyu/Documents/work/multivers/projects/DEF-DGI/components/node_modules/core-js/internals/function-uncurry-this.js
<s> [webpack.Progress] 25% building 129/167 modules 38 active /Users/josuembuyu/Documents/work/multivers/projects/DEF-DGI/components/node_modules/core-js/internals/function-uncurry-this.js
<s> [webpack.Progress] 25% building 129/168 modules 39 active /Users/josuembuyu/Documents/work/multivers/projects/DEF-DGI/components/node_modules/core-js/modules/es.regexp.constructor.js
<s> [webpack.Progress] 25% building 129/169 modules 40 active /Users/josuembuyu/Documents/work/multivers/projects/DEF-DGI/components/node_modules/airbnb-js-shims/target/es5.js
<s> [webpack.Progress] 25% building 130/169 modules 39 active /Users/josuembuyu/Documents/work/multivers/projects/DEF-DGI/components/node_modules/airbnb-js-shims/target/es5.js
<s> [webpack.Progress] 25% building 130/170 modules 40 active /Users/josuembuyu/Documents/work/multivers/projects/DEF-DGI/components/node_modules/@storybook/client-api/dist/esm/StoryStoreFacade.js
<s> [webpack.Progress] 25% building 130/171 modules 41 active /Users/josuembuyu/Documents/work/multivers/projects/DEF-DGI/components/node_modules/core-js/internals/internal-metadata.js
<s> [webpack.Progress] 25% building 130/172 modules 42 active /Users/josuembuyu/Documents/work/multivers/projects/DEF-DGI/components/node_modules/core-js/modules/es.string.search.js
<s> [webpack.Progress] 25% building 130/173 modules 43 active /Users/josuembuyu/Documents/work/multivers/projects/DEF-DGI/components/node_modules/babel-loader/lib/index.js??ref--5-0!/Users/josuembuyu/Documents/work/multivers/projects/DEF-DGI/components/node_modules/jest-mock/build/index.js
<s> [webpack.Progress] 25% building 130/174 modules 44 active /Users/josuembuyu/Documents/work/multivers/projects/DEF-DGI/components/node_modules/core-js/internals/function-call.js
<s> [webpack.Progress] 25% building 130/175 modules 45 active /Users/josuembuyu/Documents/work/multivers/projects/DEF-DGI/components/node_modules/core-js/modules/es.string.match.js
<s> [webpack.Progress] 25% building 130/176 modules 46 active /Users/josuembuyu/Documents/work/multivers/projects/DEF-DGI/components/node_modules/core-js/modules/es.string.split.js
<s> [webpack.Progress] 25% building 130/177 modules 47 active /Users/josuembuyu/Documents/work/multivers/projects/DEF-DGI/components/node_modules/core-js/modules/es.regexp.to-string.js
<s> [webpack.Progress] 25% building 131/177 modules 46 active /Users/josuembuyu/Documents/work/multivers/projects/DEF-DGI/components/node_modules/core-js/modules/es.regexp.to-string.js
<s> [webpack.Progress] 25% building 132/177 modules 45 active /Users/josuembuyu/Documents/work/multivers/projects/DEF-DGI/components/node_modules/core-js/modules/es.regexp.to-string.js
<s> [webpack.Progress] 25% building 133/177 modules 44 active /Users/josuembuyu/Documents/work/multivers/projects/DEF-DGI/components/node_modules/core-js/modules/es.regexp.to-string.js
<s> [webpack.Progress] 26% building 134/177 modules 43 active /Users/josuembuyu/Documents/work/multivers/projects/DEF-DGI/components/node_modules/core-js/modules/es.regexp.to-string.js
<s> [webpack.Progress] 26% building 135/177 modules 42 active /Users/josuembuyu/Documents/work/multivers/projects/DEF-DGI/components/node_modules/core-js/modules/es.regexp.to-string.js
<s> [webpack.Progress] 26% building 136/177 modules 41 active /Users/josuembuyu/Documents/work/multivers/projects/DEF-DGI/components/node_modules/core-js/modules/es.regexp.to-string.js
<s> [webpack.Progress] 26% building 137/177 modules 40 active /Users/josuembuyu/Documents/work/multivers/projects/DEF-DGI/components/node_modules/core-js/modules/es.regexp.to-string.js
<s> [webpack.Progress] 26% building 138/177 modules 39 active /Users/josuembuyu/Documents/work/multivers/projects/DEF-DGI/components/node_modules/core-js/modules/es.regexp.to-string.js
<s> [webpack.Progress] 26% building 139/177 modules 38 active /Users/josuembuyu/Documents/work/multivers/projects/DEF-DGI/components/node_modules/core-js/modules/es.regexp.to-string.js
<s> [webpack.Progress] 26% building 140/177 modules 37 active /Users/josuembuyu/Documents/work/multivers/projects/DEF-DGI/components/node_modules/core-js/modules/es.regexp.to-string.js
<s> [webpack.Progress] 26% building 141/177 modules 36 active /Users/josuembuyu/Documents/work/multivers/projects/DEF-DGI/components/node_modules/core-js/modules/es.regexp.to-string.js
<s> [webpack.Progress] 27% building 142/177 modules 35 active /Users/josuembuyu/Documents/work/multivers/projects/DEF-DGI/components/node_modules/core-js/modules/es.regexp.to-string.js
<s> [webpack.Progress] 27% building 143/177 modules 34 active /Users/josuembuyu/Documents/work/multivers/projects/DEF-DGI/components/node_modules/core-js/modules/es.regexp.to-string.js
<s> [webpack.Progress] 27% building 144/177 modules 33 active /Users/josuembuyu/Documents/work/multivers/projects/DEF-DGI/components/node_modules/core-js/modules/es.regexp.to-string.js
<s> [webpack.Progress] 27% building 145/177 modules 32 active /Users/josuembuyu/Documents/work/multivers/projects/DEF-DGI/components/node_modules/core-js/modules/es.regexp.to-string.js
<s> [webpack.Progress] 27% building 146/177 modules 31 active /Users/josuembuyu/Documents/work/multivers/projects/DEF-DGI/components/node_modules/core-js/modules/es.regexp.to-string.js
<s> [webpack.Progress] 27% building 147/177 modules 30 active /Users/josuembuyu/Documents/work/multivers/projects/DEF-DGI/components/node_modules/core-js/modules/es.regexp.to-string.js
<s> [webpack.Progress] 27% building 148/177 modules 29 active /Users/josuembuyu/Documents/work/multivers/projects/DEF-DGI/components/node_modules/core-js/modules/es.regexp.to-string.js
<s> [webpack.Progress] 27% building 149/177 modules 28 active /Users/josuembuyu/Documents/work/multivers/projects/DEF-DGI/components/node_modules/core-js/modules/es.regexp.to-string.js
<s> [webpack.Progress] 28% building 150/177 modules 27 active /Users/josuembuyu/Documents/work/multivers/projects/DEF-DGI/components/node_modules/core-js/modules/es.regexp.to-string.js
<s> [webpack.Progress] 28% building 151/177 modules 26 active /Users/josuembuyu/Documents/work/multivers/projects/DEF-DGI/components/node_modules/core-js/modules/es.regexp.to-string.js
<s> [webpack.Progress] 28% building 151/178 modules 27 active /Users/josuembuyu/Documents/work/multivers/projects/DEF-DGI/components/node_modules/core-js/internals/regexp-unsupported-ncg.js
<s> [webpack.Progress] 28% building 152/178 modules 26 active /Users/josuembuyu/Documents/work/multivers/projects/DEF-DGI/components/node_modules/core-js/internals/regexp-unsupported-ncg.js
<s> [webpack.Progress] 28% building 153/178 modules 25 active /Users/josuembuyu/Documents/work/multivers/projects/DEF-DGI/components/node_modules/core-js/internals/regexp-unsupported-ncg.js
<s> [webpack.Progress] 28% building 153/179 modules 26 active /Users/josuembuyu/Documents/work/multivers/projects/DEF-DGI/components/node_modules/core-js/internals/regexp-unsupported-dot-all.js
<s> [webpack.Progress] 28% building 153/180 modules 27 active /Users/josuembuyu/Documents/work/multivers/projects/DEF-DGI/components/node_modules/@storybook/core-events/dist/esm/index.js
<s> [webpack.Progress] 28% building 153/181 modules 28 active /Users/josuembuyu/Documents/work/multivers/projects/DEF-DGI/components/node_modules/@storybook/addons/dist/esm/public_api.js
<s> [webpack.Progress] 28% building 153/182 modules 29 active /Users/josuembuyu/Documents/work/multivers/projects/DEF-DGI/components/node_modules/@storybook/instrumenter/dist/esm/index.js
<s> [webpack.Progress] 28% building 154/182 modules 28 active /Users/josuembuyu/Documents/work/multivers/projects/DEF-DGI/components/node_modules/@storybook/instrumenter/dist/esm/index.js
<s> [webpack.Progress] 28% building 155/182 modules 27 active /Users/josuembuyu/Documents/work/multivers/projects/DEF-DGI/components/node_modules/@storybook/instrumenter/dist/esm/index.js
<s> [webpack.Progress] 28% building 156/182 modules 26 active /Users/josuembuyu/Documents/work/multivers/projects/DEF-DGI/components/node_modules/@storybook/instrumenter/dist/esm/index.js
<s> [webpack.Progress] 28% building 157/182 modules 25 active /Users/josuembuyu/Documents/work/multivers/projects/DEF-DGI/components/node_modules/@storybook/instrumenter/dist/esm/index.js
<s> [webpack.Progress] 28% building 158/182 modules 24 active /Users/josuembuyu/Documents/work/multivers/projects/DEF-DGI/components/node_modules/@storybook/instrumenter/dist/esm/index.js
<s> [webpack.Progress] 29% building 159/182 modules 23 active /Users/josuembuyu/Documents/work/multivers/projects/DEF-DGI/components/node_modules/@storybook/instrumenter/dist/esm/index.js
<s> [webpack.Progress] 29% building 160/182 modules 22 active /Users/josuembuyu/Documents/work/multivers/projects/DEF-DGI/components/node_modules/@storybook/instrumenter/dist/esm/index.js
<s> [webpack.Progress] 29% building 161/182 modules 21 active /Users/josuembuyu/Documents/work/multivers/projects/DEF-DGI/components/node_modules/@storybook/instrumenter/dist/esm/index.js
<s> [webpack.Progress] 29% building 162/182 modules 20 active /Users/josuembuyu/Documents/work/multivers/projects/DEF-DGI/components/node_modules/@storybook/instrumenter/dist/esm/index.js
<s> [webpack.Progress] 29% building 163/182 modules 19 active /Users/josuembuyu/Documents/work/multivers/projects/DEF-DGI/components/node_modules/@storybook/instrumenter/dist/esm/index.js
<s> [webpack.Progress] 29% building 164/182 modules 18 active /Users/josuembuyu/Documents/work/multivers/projects/DEF-DGI/components/node_modules/@storybook/instrumenter/dist/esm/index.js
<s> [webpack.Progress] 29% building 165/182 modules 17 active /Users/josuembuyu/Documents/work/multivers/projects/DEF-DGI/components/node_modules/@storybook/instrumenter/dist/esm/index.js
<s> [webpack.Progress] 29% building 165/183 modules 18 active /Users/josuembuyu/Documents/work/multivers/projects/DEF-DGI/components/node_modules/core-js/internals/object-create.js
<s> [webpack.Progress] 29% building 166/183 modules 17 active /Users/josuembuyu/Documents/work/multivers/projects/DEF-DGI/components/node_modules/core-js/internals/object-create.js
<s> [webpack.Progress] 30% building 167/183 modules 16 active /Users/josuembuyu/Documents/work/multivers/projects/DEF-DGI/components/node_modules/core-js/internals/object-create.js
<s> [webpack.Progress] 30% building 167/184 modules 17 active /Users/josuembuyu/Documents/work/multivers/projects/DEF-DGI/components/node_modules/core-js/modules/es.number.to-fixed.js
<s> [webpack.Progress] 30% building 167/185 modules 18 active /Users/josuembuyu/Documents/work/multivers/projects/DEF-DGI/components/node_modules/core-js/modules/es.number.constructor.js
<s> [webpack.Progress] 30% building 167/186 modules 19 active /Users/josuembuyu/Documents/work/multivers/projects/DEF-DGI/components/node_modules/@storybook/addon-actions/dist/esm/constants.js
<s> [webpack.Progress] 30% building 168/186 modules 18 active /Users/josuembuyu/Documents/work/multivers/projects/DEF-DGI/components/node_modules/@storybook/addon-actions/dist/esm/constants.js
<s> [webpack.Progress] 30% building 168/187 modules 19 active /Users/josuembuyu/Documents/work/multivers/projects/DEF-DGI/components/node_modules/@storybook/react/dist/esm/client/docs/lib/index.js
<s> [webpack.Progress] 30% building 168/188 modules 20 active /Users/josuembuyu/Documents/work/multivers/projects/DEF-DGI/components/node_modules/core-js/modules/es.number.is-integer.js
<s> [webpack.Progress] 30% building 168/189 modules 21 active /Users/josuembuyu/Documents/work/multivers/projects/DEF-DGI/components/node_modules/core-js/modules/es.string.replace.js
<s> [webpack.Progress] 30% building 169/189 modules 20 active /Users/josuembuyu/Documents/work/multivers/projects/DEF-DGI/components/node_modules/core-js/modules/es.string.replace.js
<s> [webpack.Progress] 30% building 170/189 modules 19 active /Users/josuembuyu/Documents/work/multivers/projects/DEF-DGI/components/node_modules/core-js/modules/es.string.replace.js
<s> [webpack.Progress] 30% building 171/189 modules 18 active /Users/josuembuyu/Documents/work/multivers/projects/DEF-DGI/components/node_modules/core-js/modules/es.string.replace.js
<s> [webpack.Progress] 30% building 171/190 modules 19 active /Users/josuembuyu/Documents/work/multivers/projects/DEF-DGI/components/node_modules/@storybook/addon-links/dist/esm/constants.js
<s> [webpack.Progress] 30% building 171/191 modules 20 active /Users/josuembuyu/Documents/work/multivers/projects/DEF-DGI/components/node_modules/core-js/internals/get-iterator-method.js
<s> [webpack.Progress] 30% building 171/192 modules 21 active /Users/josuembuyu/Documents/work/multivers/projects/DEF-DGI/components/node_modules/core-js/internals/get-iterator.js
<s> [webpack.Progress] 30% building 171/193 modules 22 active /Users/josuembuyu/Documents/work/multivers/projects/DEF-DGI/components/node_modules/core-js/internals/length-of-array-like.js
<s> [webpack.Progress] 30% building 171/194 modules 23 active /Users/josuembuyu/Documents/work/multivers/projects/DEF-DGI/components/node_modules/core-js/internals/is-array-iterator-method.js
<s> [webpack.Progress] 30% building 171/195 modules 24 active /Users/josuembuyu/Documents/work/multivers/projects/DEF-DGI/components/node_modules/core-js/internals/is-constructor.js
<s> [webpack.Progress] 30% building 171/196 modules 25 active /Users/josuembuyu/Documents/work/multivers/projects/DEF-DGI/components/node_modules/core-js/internals/call-with-safe-iteration-closing.js
<s> [webpack.Progress] 30% building 172/196 modules 24 active /Users/josuembuyu/Documents/work/multivers/projects/DEF-DGI/components/node_modules/core-js/internals/call-with-safe-iteration-closing.js
<s> [webpack.Progress] 30% building 173/196 modules 23 active /Users/josuembuyu/Documents/work/multivers/projects/DEF-DGI/components/node_modules/core-js/internals/call-with-safe-iteration-closing.js
<s> [webpack.Progress] 30% building 174/196 modules 22 active /Users/josuembuyu/Documents/work/multivers/projects/DEF-DGI/components/node_modules/core-js/internals/call-with-safe-iteration-closing.js
<s> [webpack.Progress] 31% building 175/196 modules 21 active /Users/josuembuyu/Documents/work/multivers/projects/DEF-DGI/components/node_modules/core-js/internals/call-with-safe-iteration-closing.js
<s> [webpack.Progress] 31% building 176/196 modules 20 active /Users/josuembuyu/Documents/work/multivers/projects/DEF-DGI/components/node_modules/core-js/internals/call-with-safe-iteration-closing.js
<s> [webpack.Progress] 31% building 176/197 modules 21 active /Users/josuembuyu/Documents/work/multivers/projects/DEF-DGI/components/node_modules/core-js/internals/regexp-sticky-helpers.js
<s> [webpack.Progress] 31% building 176/198 modules 22 active /Users/josuembuyu/Documents/work/multivers/projects/DEF-DGI/components/node_modules/core-js/internals/regexp-flags.js
<s> [webpack.Progress] 31% building 176/199 modules 23 active /Users/josuembuyu/Documents/work/multivers/projects/DEF-DGI/components/node_modules/core-js/internals/freezing.js
<s> [webpack.Progress] 31% building 176/200 modules 24 active /Users/josuembuyu/Documents/work/multivers/projects/DEF-DGI/components/node_modules/core-js/internals/to-string.js
<s> [webpack.Progress] 31% building 176/201 modules 25 active /Users/josuembuyu/Documents/work/multivers/projects/DEF-DGI/components/node_modules/core-js/internals/is-object.js
<s> [webpack.Progress] 31% building 176/202 modules 26 active /Users/josuembuyu/Documents/work/multivers/projects/DEF-DGI/components/node_modules/core-js/internals/native-weak-map.js
<s> [webpack.Progress] 31% building 176/203 modules 27 active /Users/josuembuyu/Documents/work/multivers/projects/DEF-DGI/components/node_modules/core-js/internals/hidden-keys.js
<s> [webpack.Progress] 31% building 177/203 modules 26 active /Users/josuembuyu/Documents/work/multivers/projects/DEF-DGI/components/node_modules/core-js/internals/hidden-keys.js
<s> [webpack.Progress] 31% building 177/204 modules 27 active /Users/josuembuyu/Documents/work/multivers/projects/DEF-DGI/components/node_modules/core-js/internals/shared-key.js
<s> [webpack.Progress] 31% building 178/204 modules 26 active /Users/josuembuyu/Documents/work/multivers/projects/DEF-DGI/components/node_modules/core-js/internals/shared-key.js
<s> [webpack.Progress] 31% building 178/205 modules 27 active /Users/josuembuyu/Documents/work/multivers/projects/DEF-DGI/components/node_modules/core-js/modules/es.function.bind.js
<s> [webpack.Progress] 31% building 178/206 modules 28 active /Users/josuembuyu/Documents/work/multivers/projects/DEF-DGI/components/node_modules/@storybook/addon-measure/dist/esm/box-model/labels.js
<s> [webpack.Progress] 31% building 179/206 modules 27 active /Users/josuembuyu/Documents/work/multivers/projects/DEF-DGI/components/node_modules/@storybook/addon-measure/dist/esm/box-model/labels.js
<s> [webpack.Progress] 31% building 180/206 modules 26 active /Users/josuembuyu/Documents/work/multivers/projects/DEF-DGI/components/node_modules/@storybook/addon-measure/dist/esm/box-model/labels.js
<s> [webpack.Progress] 31% building 181/206 modules 25 active /Users/josuembuyu/Documents/work/multivers/projects/DEF-DGI/components/node_modules/@storybook/addon-measure/dist/esm/box-model/labels.js
<s> [webpack.Progress] 31% building 181/207 modules 26 active /Users/josuembuyu/Documents/work/multivers/projects/DEF-DGI/components/node_modules/core-js/internals/is-pure.js
<s> [webpack.Progress] 31% building 181/208 modules 27 active /Users/josuembuyu/Documents/work/multivers/projects/DEF-DGI/components/node_modules/@storybook/docs-tools/dist/esm/shared.js
<s> [webpack.Progress] 31% building 181/209 modules 28 active /Users/josuembuyu/Documents/work/multivers/projects/DEF-DGI/components/node_modules/core-js/internals/shared-store.js
<s> [webpack.Progress] 31% building 181/210 modules 29 active /Users/josuembuyu/Documents/work/multivers/projects/DEF-DGI/components/node_modules/@storybook/docs-tools/dist/esm/hasDocsOrControls.js
<s> [webpack.Progress] 31% building 181/211 modules 30 active /Users/josuembuyu/Documents/work/multivers/projects/DEF-DGI/components/node_modules/@storybook/client-logger/dist/esm/index.js
<s> [webpack.Progress] 31% building 182/211 modules 29 active /Users/josuembuyu/Documents/work/multivers/projects/DEF-DGI/components/node_modules/@storybook/client-logger/dist/esm/index.js
<s> [webpack.Progress] 31% building 183/211 modules 28 active /Users/josuembuyu/Documents/work/multivers/projects/DEF-DGI/components/node_modules/@storybook/client-logger/dist/esm/index.js
<s> [webpack.Progress] 32% building 184/211 modules 27 active /Users/josuembuyu/Documents/work/multivers/projects/DEF-DGI/components/node_modules/@storybook/client-logger/dist/esm/index.js
<s> [webpack.Progress] 32% building 185/211 modules 26 active /Users/josuembuyu/Documents/work/multivers/projects/DEF-DGI/components/node_modules/@storybook/client-logger/dist/esm/index.js
<s> [webpack.Progress] 32% building 186/211 modules 25 active /Users/josuembuyu/Documents/work/multivers/projects/DEF-DGI/components/node_modules/@storybook/client-logger/dist/esm/index.js
<s> [webpack.Progress] 32% building 187/211 modules 24 active /Users/josuembuyu/Documents/work/multivers/projects/DEF-DGI/components/node_modules/@storybook/client-logger/dist/esm/index.js
<s> [webpack.Progress] 32% building 187/212 modules 25 active /Users/josuembuyu/Documents/work/multivers/projects/DEF-DGI/components/node_modules/core-js/internals/engine-user-agent.js
<s> [webpack.Progress] 32% building 187/213 modules 26 active /Users/josuembuyu/Documents/work/multivers/projects/DEF-DGI/components/node_modules/core-js/internals/classof-raw.js
<s> [webpack.Progress] 32% building 187/214 modules 27 active /Users/josuembuyu/Documents/work/multivers/projects/DEF-DGI/components/node_modules/core-js/internals/function-bind-native.js
<s> [webpack.Progress] 32% building 187/215 modules 28 active /Users/josuembuyu/Documents/work/multivers/projects/DEF-DGI/components/node_modules/core-js/internals/is-callable.js
<s> [webpack.Progress] 32% building 188/215 modules 27 active /Users/josuembuyu/Documents/work/multivers/projects/DEF-DGI/components/node_modules/core-js/internals/is-callable.js
<s> [webpack.Progress] 32% building 188/216 modules 28 active /Users/josuembuyu/Documents/work/multivers/projects/DEF-DGI/components/node_modules/core-js/internals/array-species-constructor.js
<s> [webpack.Progress] 32% building 188/217 modules 29 active /Users/josuembuyu/Documents/work/multivers/projects/DEF-DGI/components/node_modules/core-js/internals/a-callable.js
<s> [webpack.Progress] 32% building 188/218 modules 30 active /Users/josuembuyu/Documents/work/multivers/projects/DEF-DGI/components/node_modules/core-js/internals/array-includes.js
<s> [webpack.Progress] 32% building 188/219 modules 31 active /Users/josuembuyu/Documents/work/multivers/projects/DEF-DGI/components/node_modules/core-js/internals/is-symbol.js
<s> [webpack.Progress] 32% building 188/220 modules 32 active /Users/josuembuyu/Documents/work/multivers/projects/DEF-DGI/components/node_modules/core-js/internals/to-primitive.js
<s> [webpack.Progress] 32% building 189/220 modules 31 active /Users/josuembuyu/Documents/work/multivers/projects/DEF-DGI/components/node_modules/core-js/internals/to-primitive.js
<s> [webpack.Progress] 32% building 190/220 modules 30 active /Users/josuembuyu/Documents/work/multivers/projects/DEF-DGI/components/node_modules/core-js/internals/to-primitive.js
<s> [webpack.Progress] 32% building 191/220 modules 29 active /Users/josuembuyu/Documents/work/multivers/projects/DEF-DGI/components/node_modules/core-js/internals/to-primitive.js
<s> [webpack.Progress] 33% building 192/220 modules 28 active /Users/josuembuyu/Documents/work/multivers/projects/DEF-DGI/components/node_modules/core-js/internals/to-primitive.js
<s> [webpack.Progress] 33% building 193/220 modules 27 active /Users/josuembuyu/Documents/work/multivers/projects/DEF-DGI/components/node_modules/core-js/internals/to-primitive.js
<s> [webpack.Progress] 33% building 194/220 modules 26 active /Users/josuembuyu/Documents/work/multivers/projects/DEF-DGI/components/node_modules/core-js/internals/to-primitive.js
<s> [webpack.Progress] 33% building 195/220 modules 25 active /Users/josuembuyu/Documents/work/multivers/projects/DEF-DGI/components/node_modules/core-js/internals/to-primitive.js
<s> [webpack.Progress] 33% building 195/221 modules 26 active /Users/josuembuyu/Documents/work/multivers/projects/DEF-DGI/components/node_modules/core-js/internals/object-assign.js
<s> [webpack.Progress] 33% building 195/222 modules 27 active /Users/josuembuyu/Documents/work/multivers/projects/DEF-DGI/components/node_modules/core-js/modules/es.map.constructor.js
<s> [webpack.Progress] 33% building 196/222 modules 26 active /Users/josuembuyu/Documents/work/multivers/projects/DEF-DGI/components/node_modules/core-js/modules/es.map.constructor.js
<s> [webpack.Progress] 33% building 196/223 modules 27 active /Users/josuembuyu/Documents/work/multivers/projects/DEF-DGI/components/node_modules/@storybook/react/dist/esm/client/preview/index.js
<s> [webpack.Progress] 33% building 197/223 modules 26 active /Users/josuembuyu/Documents/work/multivers/projects/DEF-DGI/components/node_modules/@storybook/react/dist/esm/client/preview/index.js
<s> [webpack.Progress] 33% building 198/223 modules 25 active /Users/josuembuyu/Documents/work/multivers/projects/DEF-DGI/components/node_modules/@storybook/react/dist/esm/client/preview/index.js
<s> [webpack.Progress] 33% building 199/223 modules 24 active /Users/josuembuyu/Documents/work/multivers/projects/DEF-DGI/components/node_modules/@storybook/react/dist/esm/client/preview/index.js
<s> [webpack.Progress] 34% building 200/223 modules 23 active /Users/josuembuyu/Documents/work/multivers/projects/DEF-DGI/components/node_modules/@storybook/react/dist/esm/client/preview/index.js
<s> [webpack.Progress] 34% building 201/223 modules 22 active /Users/josuembuyu/Documents/work/multivers/projects/DEF-DGI/components/node_modules/@storybook/react/dist/esm/client/preview/index.js
<s> [webpack.Progress] 34% building 201/224 modules 23 active /Users/josuembuyu/Documents/work/multivers/projects/DEF-DGI/components/node_modules/core-js/internals/engine-is-deno.js
<s> [webpack.Progress] 34% building 201/225 modules 24 active /Users/josuembuyu/Documents/work/multivers/projects/DEF-DGI/components/node_modules/core-js/internals/engine-is-browser.js
<s> [webpack.Progress] 34% building 201/226 modules 25 active /Users/josuembuyu/Documents/work/multivers/projects/DEF-DGI/components/node_modules/core-js/internals/inspect-source.js
<s> [webpack.Progress] 34% building 201/227 modules 26 active /Users/josuembuyu/Documents/work/multivers/projects/DEF-DGI/components/node_modules/core-js/internals/promise-native-constructor.js
<s> [webpack.Progress] 34% building 201/228 modules 27 active /Users/josuembuyu/Documents/work/multivers/projects/DEF-DGI/components/node_modules/@storybook/addon-docs/dist/esm/blocks/mdx.js
<s> [webpack.Progress] 34% building 202/228 modules 26 active /Users/josuembuyu/Documents/work/multivers/projects/DEF-DGI/components/node_modules/@storybook/addon-docs/dist/esm/blocks/mdx.js
<s> [webpack.Progress] 34% building 203/228 modules 25 active /Users/josuembuyu/Documents/work/multivers/projects/DEF-DGI/components/node_modules/@storybook/addon-docs/dist/esm/blocks/mdx.js
<s> [webpack.Progress] 34% building 204/228 modules 24 active /Users/josuembuyu/Documents/work/multivers/projects/DEF-DGI/components/node_modules/@storybook/addon-docs/dist/esm/blocks/mdx.js
<s> [webpack.Progress] 34% building 204/229 modules 25 active /Users/josuembuyu/Documents/work/multivers/projects/DEF-DGI/components/node_modules/util-deprecate/browser.js
<s> [webpack.Progress] 34% building 204/230 modules 26 active /Users/josuembuyu/Documents/work/multivers/projects/DEF-DGI/components/node_modules/@storybook/addon-backgrounds/dist/esm/helpers/index.js
<s> [webpack.Progress] 34% building 205/230 modules 25 active /Users/josuembuyu/Documents/work/multivers/projects/DEF-DGI/components/node_modules/@storybook/addon-backgrounds/dist/esm/helpers/index.js
<s> [webpack.Progress] 34% building 206/230 modules 24 active /Users/josuembuyu/Documents/work/multivers/projects/DEF-DGI/components/node_modules/@storybook/addon-backgrounds/dist/esm/helpers/index.js
<s> [webpack.Progress] 34% building 206/231 modules 25 active /Users/josuembuyu/Documents/work/multivers/projects/DEF-DGI/components/node_modules/core-js/internals/set-species.js
<s> [webpack.Progress] 34% building 207/231 modules 24 active /Users/josuembuyu/Documents/work/multivers/projects/DEF-DGI/components/node_modules/core-js/internals/set-species.js
<s> [webpack.Progress] 34% building 208/231 modules 23 active /Users/josuembuyu/Documents/work/multivers/projects/DEF-DGI/components/node_modules/core-js/internals/set-species.js
<s> [webpack.Progress] 34% building 208/232 modules 24 active /Users/josuembuyu/Documents/work/multivers/projects/DEF-DGI/components/node_modules/babel-loader/lib/index.js??ref--4-0!/Users/josuembuyu/Documents/work/multivers/projects/DEF-DGI/components/src/components/atoms/Card/Card.jsx
<s> [webpack.Progress] 35% building 209/232 modules 23 active /Users/josuembuyu/Documents/work/multivers/projects/DEF-DGI/components/node_modules/babel-loader/lib/index.js??ref--4-0!/Users/josuembuyu/Documents/work/multivers/projects/DEF-DGI/components/src/components/atoms/Card/Card.jsx
<s> [webpack.Progress] 35% building 210/232 modules 22 active /Users/josuembuyu/Documents/work/multivers/projects/DEF-DGI/components/node_modules/babel-loader/lib/index.js??ref--4-0!/Users/josuembuyu/Documents/work/multivers/projects/DEF-DGI/components/src/components/atoms/Card/Card.jsx
<s> [webpack.Progress] 35% building 211/232 modules 21 active /Users/josuembuyu/Documents/work/multivers/projects/DEF-DGI/components/node_modules/babel-loader/lib/index.js??ref--4-0!/Users/josuembuyu/Documents/work/multivers/projects/DEF-DGI/components/src/components/atoms/Card/Card.jsx
<s> [webpack.Progress] 35% building 211/233 modules 22 active /Users/josuembuyu/Documents/work/multivers/projects/DEF-DGI/components/node_modules/babel-loader/lib/index.js??ref--4-0!/Users/josuembuyu/Documents/work/multivers/projects/DEF-DGI/components/src/components/atoms/Text/Text.jsx
<s> [webpack.Progress] 35% building 211/234 modules 23 active /Users/josuembuyu/Documents/work/multivers/projects/DEF-DGI/components/node_modules/core-js/internals/regexp-exec-abstract.js
<s> [webpack.Progress] 35% building 211/235 modules 24 active /Users/josuembuyu/Documents/work/multivers/projects/DEF-DGI/components/node_modules/core-js/modules/es.object.get-prototype-of.js
<s> [webpack.Progress] 35% building 211/236 modules 25 active /Users/josuembuyu/Documents/work/multivers/projects/DEF-DGI/components/node_modules/core-js/internals/function-name.js
<s> [webpack.Progress] 35% building 211/237 modules 26 active /Users/josuembuyu/Documents/work/multivers/projects/DEF-DGI/components/node_modules/core-js/internals/function-apply.js
<s> [webpack.Progress] 35% building 211/238 modules 27 active /Users/josuembuyu/Documents/work/multivers/projects/DEF-DGI/components/node_modules/core-js/modules/es.object.get-own-property-names.js
<s> [webpack.Progress] 35% building 211/239 modules 28 active /Users/josuembuyu/Documents/work/multivers/projects/DEF-DGI/components/node_modules/core-js/modules/es.array.is-array.js
<s> [webpack.Progress] 35% building 211/240 modules 29 active /Users/josuembuyu/Documents/work/multivers/projects/DEF-DGI/components/node_modules/core-js/modules/es.weak-map.js
<s> [webpack.Progress] 35% building 211/241 modules 30 active /Users/josuembuyu/Documents/work/multivers/projects/DEF-DGI/components/node_modules/core-js/modules/es.set.js
<s> [webpack.Progress] 35% building 211/242 modules 31 active /Users/josuembuyu/Documents/work/multivers/projects/DEF-DGI/components/node_modules/core-js/internals/define-built-in.js
<s> [webpack.Progress] 35% building 211/243 modules 32 active /Users/josuembuyu/Documents/work/multivers/projects/DEF-DGI/components/node_modules/core-js/internals/regexp-get-flags.js
<s> [webpack.Progress] 35% building 211/244 modules 33 active /Users/josuembuyu/Documents/work/multivers/projects/DEF-DGI/components/node_modules/core-js/internals/array-slice-simple.js
<s> [webpack.Progress] 35% building 212/244 modules 32 active /Users/josuembuyu/Documents/work/multivers/projects/DEF-DGI/components/node_modules/core-js/internals/array-slice-simple.js
<s> [webpack.Progress] 35% building 213/244 modules 31 active /Users/josuembuyu/Documents/work/multivers/projects/DEF-DGI/components/node_modules/core-js/internals/array-slice-simple.js
<s> [webpack.Progress] 35% building 214/244 modules 30 active /Users/josuembuyu/Documents/work/multivers/projects/DEF-DGI/components/node_modules/core-js/internals/array-slice-simple.js
<s> [webpack.Progress] 35% building 215/244 modules 29 active /Users/josuembuyu/Documents/work/multivers/projects/DEF-DGI/components/node_modules/core-js/internals/array-slice-simple.js
<s> [webpack.Progress] 35% building 216/244 modules 28 active /Users/josuembuyu/Documents/work/multivers/projects/DEF-DGI/components/node_modules/core-js/internals/array-slice-simple.js
<s> [webpack.Progress] 36% building 217/244 modules 27 active /Users/josuembuyu/Documents/work/multivers/projects/DEF-DGI/components/node_modules/core-js/internals/array-slice-simple.js
<s> [webpack.Progress] 36% building 218/244 modules 26 active /Users/josuembuyu/Documents/work/multivers/projects/DEF-DGI/components/node_modules/core-js/internals/array-slice-simple.js
<s> [webpack.Progress] 36% building 219/244 modules 25 active /Users/josuembuyu/Documents/work/multivers/projects/DEF-DGI/components/node_modules/core-js/internals/array-slice-simple.js
<s> [webpack.Progress] 36% building 220/244 modules 24 active /Users/josuembuyu/Documents/work/multivers/projects/DEF-DGI/components/node_modules/core-js/internals/array-slice-simple.js
<s> [webpack.Progress] 36% building 220/245 modules 25 active /Users/josuembuyu/Documents/work/multivers/projects/DEF-DGI/components/node_modules/ts-dedent/esm/index.js
<s> [webpack.Progress] 36% building 221/245 modules 24 active /Users/josuembuyu/Documents/work/multivers/projects/DEF-DGI/components/node_modules/ts-dedent/esm/index.js
<s> [webpack.Progress] 36% building 222/245 modules 23 active /Users/josuembuyu/Documents/work/multivers/projects/DEF-DGI/components/node_modules/ts-dedent/esm/index.js
<s> [webpack.Progress] 36% building 223/245 modules 22 active /Users/josuembuyu/Documents/work/multivers/projects/DEF-DGI/components/node_modules/ts-dedent/esm/index.js
<s> [webpack.Progress] 36% building 223/246 modules 23 active /Users/josuembuyu/Documents/work/multivers/projects/DEF-DGI/components/node_modules/core-js/internals/get-method.js
<s> [webpack.Progress] 36% building 223/247 modules 24 active /Users/josuembuyu/Documents/work/multivers/projects/DEF-DGI/components/node_modules/core-js/internals/to-length.js
<s> [webpack.Progress] 36% building 223/248 modules 25 active /Users/josuembuyu/Documents/work/multivers/projects/DEF-DGI/components/node_modules/core-js/internals/advance-string-index.js
<s> [webpack.Progress] 36% building 224/248 modules 24 active /Users/josuembuyu/Documents/work/multivers/projects/DEF-DGI/components/node_modules/core-js/internals/advance-string-index.js
<s> [webpack.Progress] 36% building 224/249 modules 25 active /Users/josuembuyu/Documents/work/multivers/projects/DEF-DGI/components/node_modules/core-js/modules/es.array.fill.js
<s> [webpack.Progress] 37% building 225/249 modules 24 active /Users/josuembuyu/Documents/work/multivers/projects/DEF-DGI/components/node_modules/core-js/modules/es.array.fill.js
<s> [webpack.Progress] 37% building 226/249 modules 23 active /Users/josuembuyu/Documents/work/multivers/projects/DEF-DGI/components/node_modules/core-js/modules/es.array.fill.js
<s> [webpack.Progress] 37% building 226/250 modules 24 active /Users/josuembuyu/Documents/work/multivers/projects/DEF-DGI/components/node_modules/core-js/internals/species-constructor.js
<s> [webpack.Progress] 37% building 227/250 modules 23 active /Users/josuembuyu/Documents/work/multivers/projects/DEF-DGI/components/node_modules/core-js/internals/species-constructor.js
<s> [webpack.Progress] 37% building 227/251 modules 24 active /Users/josuembuyu/Documents/work/multivers/projects/DEF-DGI/components/node_modules/@storybook/addons/dist/esm/index.js
<s> [webpack.Progress] 37% building 228/251 modules 23 active /Users/josuembuyu/Documents/work/multivers/projects/DEF-DGI/components/node_modules/@storybook/addons/dist/esm/index.js
<s> [webpack.Progress] 37% building 228/252 modules 24 active /Users/josuembuyu/Documents/work/multivers/projects/DEF-DGI/components/node_modules/@storybook/instrumenter/dist/esm/instrumenter.js
<s> [webpack.Progress] 37% building 228/253 modules 25 active /Users/josuembuyu/Documents/work/multivers/projects/DEF-DGI/components/node_modules/@storybook/addons/dist/esm/hooks.js
<s> [webpack.Progress] 37% building 228/254 modules 26 active /Users/josuembuyu/Documents/work/multivers/projects/DEF-DGI/components/node_modules/@storybook/instrumenter/dist/esm/types.js
<s> [webpack.Progress] 37% building 228/255 modules 27 active /Users/josuembuyu/Documents/work/multivers/projects/DEF-DGI/components/node_modules/@storybook/addons/dist/esm/storybook-channel-mock.js
<s> [webpack.Progress] 37% building 228/256 modules 28 active /Users/josuembuyu/Documents/work/multivers/projects/DEF-DGI/components/node_modules/@storybook/addons/dist/esm/types.js
<s> [webpack.Progress] 37% building 229/256 modules 27 active /Users/josuembuyu/Documents/work/multivers/projects/DEF-DGI/components/node_modules/@storybook/addons/dist/esm/types.js
<s> [webpack.Progress] 37% building 229/257 modules 28 active /Users/josuembuyu/Documents/work/multivers/projects/DEF-DGI/components/node_modules/@storybook/store/dist/esm/index.js
<s> [webpack.Progress] 37% building 229/258 modules 29 active /Users/josuembuyu/Documents/work/multivers/projects/DEF-DGI/components/node_modules/core-js/internals/html.js
<s> [webpack.Progress] 37% building 230/258 modules 28 active /Users/josuembuyu/Documents/work/multivers/projects/DEF-DGI/components/node_modules/core-js/internals/html.js
<s> [webpack.Progress] 37% building 230/259 modules 29 active /Users/josuembuyu/Documents/work/multivers/projects/DEF-DGI/components/node_modules/core-js/internals/string-repeat.js
<s> [webpack.Progress] 37% building 230/260 modules 30 active /Users/josuembuyu/Documents/work/multivers/projects/DEF-DGI/components/node_modules/core-js/internals/string-trim.js
<s> [webpack.Progress] 37% building 230/261 modules 31 active /Users/josuembuyu/Documents/work/multivers/projects/DEF-DGI/components/node_modules/core-js/internals/this-number-value.js
<s> [webpack.Progress] 37% building 231/261 modules 30 active /Users/josuembuyu/Documents/work/multivers/projects/DEF-DGI/components/node_modules/core-js/internals/this-number-value.js
<s> [webpack.Progress] 37% building 231/262 modules 31 active /Users/josuembuyu/Documents/work/multivers/projects/DEF-DGI/components/node_modules/@storybook/react/dist/esm/client/docs/lib/captions.js
<s> [webpack.Progress] 37% building 231/263 modules 32 active /Users/josuembuyu/Documents/work/multivers/projects/DEF-DGI/components/node_modules/core-js/internals/get-substitution.js
<s> [webpack.Progress] 37% building 231/264 modules 33 active /Users/josuembuyu/Documents/work/multivers/projects/DEF-DGI/components/node_modules/core-js/internals/is-integral-number.js
<s> [webpack.Progress] 37% building 231/265 modules 34 active /Users/josuembuyu/Documents/work/multivers/projects/DEF-DGI/components/node_modules/core-js/internals/to-integer-or-infinity.js
<s> [webpack.Progress] 37% building 231/266 modules 35 active /Users/josuembuyu/Documents/work/multivers/projects/DEF-DGI/components/node_modules/react/jsx-runtime.js
<s> [webpack.Progress] 37% building 231/267 modules 36 active /Users/josuembuyu/Documents/work/multivers/projects/DEF-DGI/components/node_modules/core-js/internals/classof.js
<s> [webpack.Progress] 37% building 231/268 modules 37 active /Users/josuembuyu/Documents/work/multivers/projects/DEF-DGI/components/node_modules/core-js/internals/try-to-string.js
<s> [webpack.Progress] 37% building 231/269 modules 38 active /Users/josuembuyu/Documents/work/multivers/projects/DEF-DGI/components/node_modules/core-js/internals/iterators.js
<s> [webpack.Progress] 37% building 231/270 modules 39 active /Users/josuembuyu/Documents/work/multivers/projects/DEF-DGI/components/node_modules/core-js/internals/iterator-close.js
<s> [webpack.Progress] 37% building 232/270 modules 38 active /Users/josuembuyu/Documents/work/multivers/projects/DEF-DGI/components/node_modules/core-js/internals/iterator-close.js
<s> [webpack.Progress] 37% building 233/270 modules 37 active /Users/josuembuyu/Documents/work/multivers/projects/DEF-DGI/components/node_modules/core-js/internals/iterator-close.js
<s> [webpack.Progress] 38% building 234/270 modules 36 active /Users/josuembuyu/Documents/work/multivers/projects/DEF-DGI/components/node_modules/core-js/internals/iterator-close.js
<s> [webpack.Progress] 38% building 235/270 modules 35 active /Users/josuembuyu/Documents/work/multivers/projects/DEF-DGI/components/node_modules/core-js/internals/iterator-close.js
<s> [webpack.Progress] 38% building 236/270 modules 34 active /Users/josuembuyu/Documents/work/multivers/projects/DEF-DGI/components/node_modules/core-js/internals/iterator-close.js
<s> [webpack.Progress] 38% building 237/270 modules 33 active /Users/josuembuyu/Documents/work/multivers/projects/DEF-DGI/components/node_modules/core-js/internals/iterator-close.js
<s> [webpack.Progress] 38% building 238/270 modules 32 active /Users/josuembuyu/Documents/work/multivers/projects/DEF-DGI/components/node_modules/core-js/internals/iterator-close.js
<s> [webpack.Progress] 38% building 239/270 modules 31 active /Users/josuembuyu/Documents/work/multivers/projects/DEF-DGI/components/node_modules/core-js/internals/iterator-close.js
<s> [webpack.Progress] 38% building 240/270 modules 30 active /Users/josuembuyu/Documents/work/multivers/projects/DEF-DGI/components/node_modules/core-js/internals/iterator-close.js
<s> [webpack.Progress] 38% building 241/270 modules 29 active /Users/josuembuyu/Documents/work/multivers/projects/DEF-DGI/components/node_modules/core-js/internals/iterator-close.js
<s> [webpack.Progress] 39% building 242/270 modules 28 active /Users/josuembuyu/Documents/work/multivers/projects/DEF-DGI/components/node_modules/core-js/internals/iterator-close.js
<s> [webpack.Progress] 39% building 243/270 modules 27 active /Users/josuembuyu/Documents/work/multivers/projects/DEF-DGI/components/node_modules/core-js/internals/iterator-close.js
<s> [webpack.Progress] 39% building 243/271 modules 28 active /Users/josuembuyu/Documents/work/multivers/projects/DEF-DGI/components/node_modules/core-js/modules/es.array.map.js
<s> [webpack.Progress] 39% building 244/271 modules 27 active /Users/josuembuyu/Documents/work/multivers/projects/DEF-DGI/components/node_modules/core-js/modules/es.array.map.js
<s> [webpack.Progress] 39% building 245/271 modules 26 active /Users/josuembuyu/Documents/work/multivers/projects/DEF-DGI/components/node_modules/core-js/modules/es.array.map.js
<s> [webpack.Progress] 39% building 245/272 modules 27 active /Users/josuembuyu/Documents/work/multivers/projects/DEF-DGI/components/node_modules/core-js/internals/uid.js
<s> [webpack.Progress] 39% building 246/272 modules 26 active /Users/josuembuyu/Documents/work/multivers/projects/DEF-DGI/components/node_modules/core-js/internals/uid.js
<s> [webpack.Progress] 39% building 246/273 modules 27 active /Users/josuembuyu/Documents/work/multivers/projects/DEF-DGI/components/node_modules/core-js/internals/fix-regexp-well-known-symbol-logic.js
<s> [webpack.Progress] 39% building 247/273 modules 26 active /Users/josuembuyu/Documents/work/multivers/projects/DEF-DGI/components/node_modules/core-js/internals/fix-regexp-well-known-symbol-logic.js
<s> [webpack.Progress] 39% building 247/274 modules 27 active /Users/josuembuyu/Documents/work/multivers/projects/DEF-DGI/components/node_modules/core-js/internals/function-bind.js
<s> [webpack.Progress] 39% building 248/274 modules 26 active /Users/josuembuyu/Documents/work/multivers/projects/DEF-DGI/components/node_modules/core-js/internals/function-bind.js
<s> [webpack.Progress] 39% building 249/274 modules 25 active /Users/josuembuyu/Documents/work/multivers/projects/DEF-DGI/components/node_modules/core-js/internals/function-bind.js
<s> [webpack.Progress] 40% building 250/274 modules 24 active /Users/josuembuyu/Documents/work/multivers/projects/DEF-DGI/components/node_modules/core-js/internals/function-bind.js
<s> [webpack.Progress] 40% building 251/274 modules 23 active /Users/josuembuyu/Documents/work/multivers/projects/DEF-DGI/components/node_modules/core-js/internals/function-bind.js
<s> [webpack.Progress] 40% building 251/275 modules 24 active /Users/josuembuyu/Documents/work/multivers/projects/DEF-DGI/components/node_modules/@storybook/react/dist/esm/client/docs/lib/componentTypes.js
<s> [webpack.Progress] 40% building 251/276 modules 25 active /Users/josuembuyu/Documents/work/multivers/projects/DEF-DGI/components/node_modules/core-js/internals/define-global-property.js
<s> [webpack.Progress] 40% building 252/276 modules 24 active /Users/josuembuyu/Documents/work/multivers/projects/DEF-DGI/components/node_modules/core-js/internals/define-global-property.js
<s> [webpack.Progress] 40% building 253/276 modules 23 active /Users/josuembuyu/Documents/work/multivers/projects/DEF-DGI/components/node_modules/core-js/internals/define-global-property.js
<s> [webpack.Progress] 40% building 253/277 modules 24 active /Users/josuembuyu/Documents/work/multivers/projects/DEF-DGI/components/node_modules/core-js/modules/es.array.find.js
<s> [webpack.Progress] 40% building 254/277 modules 23 active /Users/josuembuyu/Documents/work/multivers/projects/DEF-DGI/components/node_modules/core-js/modules/es.array.find.js
<s> [webpack.Progress] 40% building 254/278 modules 24 active /Users/josuembuyu/Documents/work/multivers/projects/DEF-DGI/components/node_modules/@storybook/react/dist/esm/client/docs/lib/generateCode.js
<s> [webpack.Progress] 40% building 255/278 modules 23 active /Users/josuembuyu/Documents/work/multivers/projects/DEF-DGI/components/node_modules/@storybook/react/dist/esm/client/docs/lib/generateCode.js
<s> [webpack.Progress] 40% building 256/278 modules 22 active /Users/josuembuyu/Documents/work/multivers/projects/DEF-DGI/components/node_modules/@storybook/react/dist/esm/client/docs/lib/generateCode.js
<s> [webpack.Progress] 40% building 257/278 modules 21 active /Users/josuembuyu/Documents/work/multivers/projects/DEF-DGI/components/node_modules/@storybook/react/dist/esm/client/docs/lib/generateCode.js
<s> [webpack.Progress] 40% building 258/278 modules 20 active /Users/josuembuyu/Documents/work/multivers/projects/DEF-DGI/components/node_modules/@storybook/react/dist/esm/client/docs/lib/generateCode.js
<s> [webpack.Progress] 41% building 259/278 modules 19 active /Users/josuembuyu/Documents/work/multivers/projects/DEF-DGI/components/node_modules/@storybook/react/dist/esm/client/docs/lib/generateCode.js
<s> [webpack.Progress] 41% building 260/278 modules 18 active /Users/josuembuyu/Documents/work/multivers/projects/DEF-DGI/components/node_modules/@storybook/react/dist/esm/client/docs/lib/generateCode.js
<s> [webpack.Progress] 41% building 260/279 modules 19 active /Users/josuembuyu/Documents/work/multivers/projects/DEF-DGI/components/node_modules/core-js/internals/is-array.js
<s> [webpack.Progress] 41% building 261/279 modules 18 active /Users/josuembuyu/Documents/work/multivers/projects/DEF-DGI/components/node_modules/core-js/internals/is-array.js
<s> [webpack.Progress] 41% building 261/280 modules 19 active /Users/josuembuyu/Documents/work/multivers/projects/DEF-DGI/components/node_modules/core-js/internals/to-absolute-index.js
<s> [webpack.Progress] 41% building 261/281 modules 20 active /Users/josuembuyu/Documents/work/multivers/projects/DEF-DGI/components/node_modules/core-js/internals/object-is-prototype-of.js
<s> [webpack.Progress] 41% building 261/282 modules 21 active /Users/josuembuyu/Documents/work/multivers/projects/DEF-DGI/components/node_modules/core-js/internals/ordinary-to-primitive.js
<s> [webpack.Progress] 41% building 262/282 modules 20 active /Users/josuembuyu/Documents/work/multivers/projects/DEF-DGI/components/node_modules/core-js/internals/ordinary-to-primitive.js
<s> [webpack.Progress] 41% building 263/282 modules 19 active /Users/josuembuyu/Documents/work/multivers/projects/DEF-DGI/components/node_modules/core-js/internals/ordinary-to-primitive.js
<s> [webpack.Progress] 41% building 264/282 modules 18 active /Users/josuembuyu/Documents/work/multivers/projects/DEF-DGI/components/node_modules/core-js/internals/ordinary-to-primitive.js
<s> [webpack.Progress] 41% building 265/282 modules 17 active /Users/josuembuyu/Documents/work/multivers/projects/DEF-DGI/components/node_modules/core-js/internals/ordinary-to-primitive.js
<s> [webpack.Progress] 41% building 265/283 modules 18 active /Users/josuembuyu/Documents/work/multivers/projects/DEF-DGI/components/node_modules/core-js/internals/object-get-own-property-names.js
<s> [webpack.Progress] 41% building 265/284 modules 19 active /Users/josuembuyu/Documents/work/multivers/projects/DEF-DGI/components/node_modules/@storybook/react/dist/esm/client/docs/lib/isHtmlTag.js
<s> [webpack.Progress] 41% building 265/285 modules 20 active /Users/josuembuyu/Documents/work/multivers/projects/DEF-DGI/components/node_modules/core-js/internals/inherit-if-required.js
<s> [webpack.Progress] 41% building 265/286 modules 21 active /Users/josuembuyu/Documents/work/multivers/projects/DEF-DGI/components/node_modules/core-js/internals/is-regexp.js
<s> [webpack.Progress] 41% building 265/287 modules 22 active /Users/josuembuyu/Documents/work/multivers/projects/DEF-DGI/components/node_modules/core-js/internals/enum-bug-keys.js
<s> [webpack.Progress] 41% building 265/288 modules 23 active /Users/josuembuyu/Documents/work/multivers/projects/DEF-DGI/components/node_modules/@storybook/addons/dist/esm/make-decorator.js
<s> [webpack.Progress] 41% building 266/288 modules 22 active /Users/josuembuyu/Documents/work/multivers/projects/DEF-DGI/components/node_modules/@storybook/addons/dist/esm/make-decorator.js
<s> [webpack.Progress] 42% building 267/288 modules 21 active /Users/josuembuyu/Documents/work/multivers/projects/DEF-DGI/components/node_modules/@storybook/addons/dist/esm/make-decorator.js
<s> [webpack.Progress] 42% building 268/288 modules 20 active /Users/josuembuyu/Documents/work/multivers/projects/DEF-DGI/components/node_modules/@storybook/addons/dist/esm/make-decorator.js
<s> [webpack.Progress] 42% building 268/289 modules 21 active /Users/josuembuyu/Documents/work/multivers/projects/DEF-DGI/components/node_modules/core-js/internals/object-property-is-enumerable.js
<s> [webpack.Progress] 42% building 268/290 modules 22 active /Users/josuembuyu/Documents/work/multivers/projects/DEF-DGI/components/node_modules/core-js/internals/collection.js
<s> [webpack.Progress] 42% building 268/291 modules 23 active /Users/josuembuyu/Documents/work/multivers/projects/DEF-DGI/components/node_modules/@storybook/react/dist/esm/client/preview/globals.js
<s> [webpack.Progress] 42% building 268/292 modules 24 active /Users/josuembuyu/Documents/work/multivers/projects/DEF-DGI/components/node_modules/core-js/internals/collection-strong.js
<s> [webpack.Progress] 42% building 268/293 modules 25 active /Users/josuembuyu/Documents/work/multivers/projects/DEF-DGI/components/node_modules/core-js/internals/same-value.js
<s> [webpack.Progress] 42% building 269/293 modules 24 active /Users/josuembuyu/Documents/work/multivers/projects/DEF-DGI/components/node_modules/core-js/internals/same-value.js
<s> [webpack.Progress] 42% building 269/294 modules 25 active /Users/josuembuyu/Documents/work/multivers/projects/DEF-DGI/components/node_modules/core-js/internals/object-is-extensible.js
<s> [webpack.Progress] 42% building 270/294 modules 24 active /Users/josuembuyu/Documents/work/multivers/projects/DEF-DGI/components/node_modules/core-js/internals/object-is-extensible.js
<s> [webpack.Progress] 42% building 270/295 modules 25 active /Users/josuembuyu/Documents/work/multivers/projects/DEF-DGI/components/node_modules/@storybook/addon-docs/dist/esm/blocks/DocsContext.js
<s> [webpack.Progress] 42% building 271/295 modules 24 active /Users/josuembuyu/Documents/work/multivers/projects/DEF-DGI/components/node_modules/@storybook/addon-docs/dist/esm/blocks/DocsContext.js
<s> [webpack.Progress] 42% building 271/296 modules 25 active /Users/josuembuyu/Documents/work/multivers/projects/DEF-DGI/components/node_modules/core-js/modules/es.object.values.js
<s> [webpack.Progress] 42% building 272/296 modules 24 active /Users/josuembuyu/Documents/work/multivers/projects/DEF-DGI/components/node_modules/core-js/modules/es.object.values.js
<s> [webpack.Progress] 42% building 272/297 modules 25 active /Users/josuembuyu/Documents/work/multivers/projects/DEF-DGI/components/node_modules/core-js/modules/es.string.includes.js
<s> [webpack.Progress] 42% building 272/298 modules 26 active /Users/josuembuyu/Documents/work/multivers/projects/DEF-DGI/components/node_modules/core-js/modules/es.array.includes.js
<s> [webpack.Progress] 42% building 273/298 modules 25 active /Users/josuembuyu/Documents/work/multivers/projects/DEF-DGI/components/node_modules/core-js/modules/es.array.includes.js
<s> [webpack.Progress] 42% building 273/299 modules 26 active /Users/josuembuyu/Documents/work/multivers/projects/DEF-DGI/components/node_modules/core-js/modules/es.array.sort.js
<s> [webpack.Progress] 42% building 274/299 modules 25 active /Users/josuembuyu/Documents/work/multivers/projects/DEF-DGI/components/node_modules/core-js/modules/es.array.sort.js
<s> [webpack.Progress] 43% building 275/299 modules 24 active /Users/josuembuyu/Documents/work/multivers/projects/DEF-DGI/components/node_modules/core-js/modules/es.array.sort.js
<s> [webpack.Progress] 43% building 275/300 modules 25 active /Users/josuembuyu/Documents/work/multivers/projects/DEF-DGI/components/node_modules/airbnb-js-shims/target/es2015.js
<s> [webpack.Progress] 43% building 275/301 modules 26 active /Users/josuembuyu/Documents/work/multivers/projects/DEF-DGI/components/node_modules/core-js/internals/object-get-own-property-names-external.js
<s> [webpack.Progress] 43% building 275/302 modules 27 active /Users/josuembuyu/Documents/work/multivers/projects/DEF-DGI/components/node_modules/core-js/internals/proxy-accessor.js
<s> [webpack.Progress] 43% building 275/303 modules 28 active /Users/josuembuyu/Documents/work/multivers/projects/DEF-DGI/components/node_modules/core-js/modules/es.array.find-index.js
<s> [webpack.Progress] 43% building 275/304 modules 29 active /Users/josuembuyu/Documents/work/multivers/projects/DEF-DGI/components/node_modules/core-js/modules/es.date.to-primitive.js
<s> [webpack.Progress] 43% building 275/305 modules 30 active /Users/josuembuyu/Documents/work/multivers/projects/DEF-DGI/components/node_modules/core-js/modules/es.symbol.to-primitive.js
<s> [webpack.Progress] 43% building 276/305 modules 29 active /Users/josuembuyu/Documents/work/multivers/projects/DEF-DGI/components/node_modules/core-js/modules/es.symbol.to-primitive.js
<s> [webpack.Progress] 43% building 276/306 modules 30 active /Users/josuembuyu/Documents/work/multivers/projects/DEF-DGI/components/node_modules/core-js/internals/correct-prototype-getter.js
<s> [webpack.Progress] 43% building 276/307 modules 31 active /Users/josuembuyu/Documents/work/multivers/projects/DEF-DGI/components/node_modules/core-js/internals/object-get-prototype-of.js
<s> [webpack.Progress] 43% building 276/308 modules 32 active /Users/josuembuyu/Documents/work/multivers/projects/DEF-DGI/components/node_modules/@storybook/addon-actions/dist/esm/preview/index.js
<s> [webpack.Progress] 43% building 276/309 modules 33 active /Users/josuembuyu/Documents/work/multivers/projects/DEF-DGI/components/node_modules/@storybook/addon-actions/dist/esm/models/index.js
<s> [webpack.Progress] 43% building 276/310 modules 34 active /Users/josuembuyu/Documents/work/multivers/projects/DEF-DGI/components/node_modules/core-js/modules/es.weak-map.constructor.js
<s> [webpack.Progress] 43% building 276/311 modules 35 active /Users/josuembuyu/Documents/work/multivers/projects/DEF-DGI/components/node_modules/core-js/modules/es.set.constructor.js
<s> [webpack.Progress] 43% building 277/311 modules 34 active /Users/josuembuyu/Documents/work/multivers/projects/DEF-DGI/components/node_modules/core-js/modules/es.set.constructor.js
<s> [webpack.Progress] 43% building 278/311 modules 33 active /Users/josuembuyu/Documents/work/multivers/projects/DEF-DGI/components/node_modules/core-js/modules/es.set.constructor.js
<s> [webpack.Progress] 43% building 279/311 modules 32 active /Users/josuembuyu/Documents/work/multivers/projects/DEF-DGI/components/node_modules/core-js/modules/es.set.constructor.js
<s> [webpack.Progress] 43% building 280/311 modules 31 active /Users/josuembuyu/Documents/work/multivers/projects/DEF-DGI/components/node_modules/core-js/modules/es.set.constructor.js
<s> [webpack.Progress] 43% building 280/312 modules 32 active /Users/josuembuyu/Documents/work/multivers/projects/DEF-DGI/components/node_modules/core-js/internals/make-built-in.js
<s> [webpack.Progress] 43% building 280/313 modules 33 active /Users/josuembuyu/Documents/work/multivers/projects/DEF-DGI/components/node_modules/es5-shim/es5-sham.js
<s> [webpack.Progress] 43% building 281/313 modules 32 active /Users/josuembuyu/Documents/work/multivers/projects/DEF-DGI/components/node_modules/es5-shim/es5-sham.js
<s> [webpack.Progress] 43% building 282/313 modules 31 active /Users/josuembuyu/Documents/work/multivers/projects/DEF-DGI/components/node_modules/es5-shim/es5-sham.js
<s> [webpack.Progress] 43% building 283/313 modules 30 active /Users/josuembuyu/Documents/work/multivers/projects/DEF-DGI/components/node_modules/es5-shim/es5-sham.js
<s> [webpack.Progress] 44% building 284/313 modules 29 active /Users/josuembuyu/Documents/work/multivers/projects/DEF-DGI/components/node_modules/es5-shim/es5-sham.js
<s> [webpack.Progress] 44% building 285/313 modules 28 active /Users/josuembuyu/Documents/work/multivers/projects/DEF-DGI/components/node_modules/es5-shim/es5-sham.js
<s> [webpack.Progress] 44% building 286/313 modules 27 active /Users/josuembuyu/Documents/work/multivers/projects/DEF-DGI/components/node_modules/es5-shim/es5-sham.js
<s> [webpack.Progress] 44% building 287/313 modules 26 active /Users/josuembuyu/Documents/work/multivers/projects/DEF-DGI/components/node_modules/es5-shim/es5-sham.js
<s> [webpack.Progress] 44% building 288/313 modules 25 active /Users/josuembuyu/Documents/work/multivers/projects/DEF-DGI/components/node_modules/es5-shim/es5-sham.js
<s> [webpack.Progress] 44% building 289/313 modules 24 active /Users/josuembuyu/Documents/work/multivers/projects/DEF-DGI/components/node_modules/es5-shim/es5-sham.js
<s> [webpack.Progress] 44% building 289/314 modules 25 active /Users/josuembuyu/Documents/work/multivers/projects/DEF-DGI/components/node_modules/@storybook/csf/dist/index.js
<s> [webpack.Progress] 44% building 289/315 modules 26 active /Users/josuembuyu/Documents/work/multivers/projects/DEF-DGI/components/node_modules/qs/lib/index.js
<s> [webpack.Progress] 44% building 290/315 modules 25 active /Users/josuembuyu/Documents/work/multivers/projects/DEF-DGI/components/node_modules/qs/lib/index.js
<s> [webpack.Progress] 44% building 290/316 modules 26 active /Users/josuembuyu/Documents/work/multivers/projects/DEF-DGI/components/node_modules/@storybook/addon-docs/dist/esm/blocks/types.js
<s> [webpack.Progress] 44% building 290/317 modules 27 active /Users/josuembuyu/Documents/work/multivers/projects/DEF-DGI/components/node_modules/babel-loader/lib/index.js??ref--4-0!/Users/josuembuyu/Documents/work/multivers/projects/DEF-DGI/components/src/components/atoms/Link/Link.jsx
<s> [webpack.Progress] 44% building 290/318 modules 28 active /Users/josuembuyu/Documents/work/multivers/projects/DEF-DGI/components/node_modules/babel-loader/lib/index.js??ref--4-0!/Users/josuembuyu/Documents/work/multivers/projects/DEF-DGI/components/src/components/atoms/SelectInput/SelectInput.jsx
<s> [webpack.Progress] 44% building 290/319 modules 29 active /Users/josuembuyu/Documents/work/multivers/projects/DEF-DGI/components/node_modules/babel-loader/lib/index.js??ref--4-0!/Users/josuembuyu/Documents/work/multivers/projects/DEF-DGI/components/src/components/organisms/Navbar/Navbar.jsx
<s> [webpack.Progress] 44% building 290/320 modules 30 active /Users/josuembuyu/Documents/work/multivers/projects/DEF-DGI/components/node_modules/babel-loader/lib/index.js??ref--4-0!/Users/josuembuyu/Documents/work/multivers/projects/DEF-DGI/components/src/components/organisms/Navbar/RadioBtnCard/RadioBtnCard.jsx
<s> [webpack.Progress] 44% building 290/321 modules 31 active /Users/josuembuyu/Documents/work/multivers/projects/DEF-DGI/components/node_modules/babel-loader/lib/index.js??ref--4-0!/Users/josuembuyu/Documents/work/multivers/projects/DEF-DGI/components/src/components/atoms/Button/Button.jsx
<s> [webpack.Progress] 44% building 290/322 modules 32 active /Users/josuembuyu/Documents/work/multivers/projects/DEF-DGI/components/node_modules/babel-loader/lib/index.js??ref--4-0!/Users/josuembuyu/Documents/work/multivers/projects/DEF-DGI/components/src/components/atoms/Badge/Badge.jsx
<s> [webpack.Progress] 44% building 290/323 modules 33 active /Users/josuembuyu/Documents/work/multivers/projects/DEF-DGI/components/node_modules/babel-loader/lib/index.js??ref--4-0!/Users/josuembuyu/Documents/work/multivers/projects/DEF-DGI/components/src/components/atoms/Avatar/Avatar.jsx
<s> [webpack.Progress] 44% building 290/324 modules 34 active /Users/josuembuyu/Documents/work/multivers/projects/DEF-DGI/components/node_modules/babel-loader/lib/index.js??ref--4-0!/Users/josuembuyu/Documents/work/multivers/projects/DEF-DGI/components/src/components/atoms/IconButton/IconButton.jsx
<s> [webpack.Progress] 44% building 291/324 modules 33 active /Users/josuembuyu/Documents/work/multivers/projects/DEF-DGI/components/node_modules/babel-loader/lib/index.js??ref--4-0!/Users/josuembuyu/Documents/work/multivers/projects/DEF-DGI/components/src/components/atoms/IconButton/IconButton.jsx
<s> [webpack.Progress] 44% building 291/325 modules 34 active /Users/josuembuyu/Documents/work/multivers/projects/DEF-DGI/components/node_modules/@storybook/addon-docs/dist/esm/blocks/Wrapper.js
<s> [webpack.Progress] 44% building 291/326 modules 35 active /Users/josuembuyu/Documents/work/multivers/projects/DEF-DGI/components/node_modules/@storybook/addon-docs/dist/esm/blocks/Title.js
<s> [webpack.Progress] 45% building 292/326 modules 34 active /Users/josuembuyu/Documents/work/multivers/projects/DEF-DGI/components/node_modules/@storybook/addon-docs/dist/esm/blocks/Title.js
<s> [webpack.Progress] 45% building 292/327 modules 35 active /Users/josuembuyu/Documents/work/multivers/projects/DEF-DGI/components/node_modules/@storybook/addon-docs/dist/esm/blocks/Subtitle.js
<s> [webpack.Progress] 45% building 293/327 modules 34 active /Users/josuembuyu/Documents/work/multivers/projects/DEF-DGI/components/node_modules/@storybook/addon-docs/dist/esm/blocks/Subtitle.js
<s> [webpack.Progress] 45% building 293/328 modules 35 active /Users/josuembuyu/Documents/work/multivers/projects/DEF-DGI/components/node_modules/react/cjs/react-jsx-runtime.production.min.js
<s> [webpack.Progress] 45% building 293/329 modules 36 active /Users/josuembuyu/Documents/work/multivers/projects/DEF-DGI/components/node_modules/@storybook/addon-docs/dist/esm/blocks/Subheading.js
<s> [webpack.Progress] 45% building 293/330 modules 37 active /Users/josuembuyu/Documents/work/multivers/projects/DEF-DGI/components/node_modules/@storybook/addon-docs/dist/esm/blocks/Stories.js
<s> [webpack.Progress] 45% building 293/331 modules 38 active /Users/josuembuyu/Documents/work/multivers/projects/DEF-DGI/components/node_modules/@storybook/addon-docs/dist/esm/blocks/Story.js
<s> [webpack.Progress] 45% building 293/332 modules 39 active /Users/josuembuyu/Documents/work/multivers/projects/DEF-DGI/components/node_modules/core-js/internals/add-to-unscopables.js
<s> [webpack.Progress] 45% building 293/333 modules 40 active /Users/josuembuyu/Documents/work/multivers/projects/DEF-DGI/components/node_modules/@storybook/addon-docs/dist/esm/blocks/SourceContainer.js
<s> [webpack.Progress] 45% building 293/334 modules 41 active /Users/josuembuyu/Documents/work/multivers/projects/DEF-DGI/components/node_modules/@storybook/docs-tools/dist/esm/argTypes/index.js
<s> [webpack.Progress] 45% building 293/335 modules 42 active /Users/josuembuyu/Documents/work/multivers/projects/DEF-DGI/components/node_modules/core-js/full/symbol/index.js
<s> [webpack.Progress] 45% building 293/336 modules 43 active /Users/josuembuyu/Documents/work/multivers/projects/DEF-DGI/components/node_modules/core-js/internals/a-constructor.js
<s> [webpack.Progress] 45% building 294/336 modules 42 active /Users/josuembuyu/Documents/work/multivers/projects/DEF-DGI/components/node_modules/core-js/internals/a-constructor.js
<s> [webpack.Progress] 45% building 295/336 modules 41 active /Users/josuembuyu/Documents/work/multivers/projects/DEF-DGI/components/node_modules/core-js/internals/a-constructor.js
<s> [webpack.Progress] 45% building 296/336 modules 40 active /Users/josuembuyu/Documents/work/multivers/projects/DEF-DGI/components/node_modules/core-js/internals/a-constructor.js
<s> [webpack.Progress] 45% building 296/337 modules 41 active /Users/josuembuyu/Documents/work/multivers/projects/DEF-DGI/components/node_modules/@storybook/store/dist/esm/StoryStore.js
<s> [webpack.Progress] 45% building 296/338 modules 42 active /Users/josuembuyu/Documents/work/multivers/projects/DEF-DGI/components/node_modules/@storybook/store/dist/esm/args.js
<s> [webpack.Progress] 45% building 296/339 modules 43 active /Users/josuembuyu/Documents/work/multivers/projects/DEF-DGI/components/node_modules/@storybook/store/dist/esm/decorators.js
<s> [webpack.Progress] 45% building 296/340 modules 44 active /Users/josuembuyu/Documents/work/multivers/projects/DEF-DGI/components/node_modules/@storybook/store/dist/esm/hooks.js
<s> [webpack.Progress] 45% building 296/341 modules 45 active /Users/josuembuyu/Documents/work/multivers/projects/DEF-DGI/components/node_modules/@storybook/store/dist/esm/sortStories.js
<s> [webpack.Progress] 45% building 296/342 modules 46 active /Users/josuembuyu/Documents/work/multivers/projects/DEF-DGI/components/node_modules/@storybook/store/dist/esm/autoTitle.js
<s> [webpack.Progress] 45% building 296/343 modules 47 active /Users/josuembuyu/Documents/work/multivers/projects/DEF-DGI/components/node_modules/@storybook/store/dist/esm/types.js
<s> [webpack.Progress] 45% building 296/344 modules 48 active /Users/josuembuyu/Documents/work/multivers/projects/DEF-DGI/components/node_modules/core-js/internals/whitespaces.js
<s> [webpack.Progress] 45% building 296/345 modules 49 active /Users/josuembuyu/Documents/work/multivers/projects/DEF-DGI/components/node_modules/@storybook/store/dist/esm/inferControls.js
<s> [webpack.Progress] 45% building 296/346 modules 50 active /Users/josuembuyu/Documents/work/multivers/projects/DEF-DGI/components/node_modules/@storybook/store/dist/esm/filterArgTypes.js
<s> [webpack.Progress] 45% building 297/346 modules 49 active /Users/josuembuyu/Documents/work/multivers/projects/DEF-DGI/components/node_modules/@storybook/store/dist/esm/filterArgTypes.js
<s> [webpack.Progress] 45% building 297/347 modules 50 active /Users/josuembuyu/Documents/work/multivers/projects/DEF-DGI/components/node_modules/@storybook/store/dist/esm/parameters.js
<s> [webpack.Progress] 45% building 298/347 modules 49 active /Users/josuembuyu/Documents/work/multivers/projects/DEF-DGI/components/node_modules/@storybook/store/dist/esm/parameters.js
<s> [webpack.Progress] 45% building 299/347 modules 48 active /Users/josuembuyu/Documents/work/multivers/projects/DEF-DGI/components/node_modules/@storybook/store/dist/esm/parameters.js
<s> [webpack.Progress] 45% building 299/348 modules 49 active /Users/josuembuyu/Documents/work/multivers/projects/DEF-DGI/components/node_modules/core-js/internals/math-trunc.js
<s> [webpack.Progress] 46% building 300/348 modules 48 active /Users/josuembuyu/Documents/work/multivers/projects/DEF-DGI/components/node_modules/core-js/internals/math-trunc.js
<s> [webpack.Progress] 46% building 301/348 modules 47 active /Users/josuembuyu/Documents/work/multivers/projects/DEF-DGI/components/node_modules/core-js/internals/math-trunc.js
<s> [webpack.Progress] 46% building 302/348 modules 46 active /Users/josuembuyu/Documents/work/multivers/projects/DEF-DGI/components/node_modules/core-js/internals/math-trunc.js
<s> [webpack.Progress] 46% building 302/349 modules 47 active /Users/josuembuyu/Documents/work/multivers/projects/DEF-DGI/components/node_modules/core-js/internals/array-fill.js
<s> [webpack.Progress] 46% building 303/349 modules 46 active /Users/josuembuyu/Documents/work/multivers/projects/DEF-DGI/components/node_modules/core-js/internals/array-fill.js
<s> [webpack.Progress] 46% building 304/349 modules 45 active /Users/josuembuyu/Documents/work/multivers/projects/DEF-DGI/components/node_modules/core-js/internals/array-fill.js
<s> [webpack.Progress] 46% building 305/349 modules 44 active /Users/josuembuyu/Documents/work/multivers/projects/DEF-DGI/components/node_modules/core-js/internals/array-fill.js
<s> [webpack.Progress] 46% building 305/350 modules 45 active /Users/josuembuyu/Documents/work/multivers/projects/DEF-DGI/components/node_modules/@storybook/addon-docs/dist/esm/blocks/Source.js
<s> [webpack.Progress] 46% building 305/351 modules 46 active /Users/josuembuyu/Documents/work/multivers/projects/DEF-DGI/components/node_modules/@storybook/addon-docs/dist/esm/blocks/Props.js
<s> [webpack.Progress] 46% building 306/351 modules 45 active /Users/josuembuyu/Documents/work/multivers/projects/DEF-DGI/components/node_modules/@storybook/addon-docs/dist/esm/blocks/Props.js
<s> [webpack.Progress] 46% building 307/351 modules 44 active /Users/josuembuyu/Documents/work/multivers/projects/DEF-DGI/components/node_modules/@storybook/addon-docs/dist/esm/blocks/Props.js
<s> [webpack.Progress] 46% building 308/351 modules 43 active /Users/josuembuyu/Documents/work/multivers/projects/DEF-DGI/components/node_modules/@storybook/addon-docs/dist/esm/blocks/Props.js
<s> [webpack.Progress] 47% building 309/351 modules 42 active /Users/josuembuyu/Documents/work/multivers/projects/DEF-DGI/components/node_modules/@storybook/addon-docs/dist/esm/blocks/Props.js
<s> [webpack.Progress] 47% building 310/351 modules 41 active /Users/josuembuyu/Documents/work/multivers/projects/DEF-DGI/components/node_modules/@storybook/addon-docs/dist/esm/blocks/Props.js
<s> [webpack.Progress] 47% building 311/351 modules 40 active /Users/josuembuyu/Documents/work/multivers/projects/DEF-DGI/components/node_modules/@storybook/addon-docs/dist/esm/blocks/Props.js
<s> [webpack.Progress] 47% building 311/352 modules 41 active /Users/josuembuyu/Documents/work/multivers/projects/DEF-DGI/components/node_modules/es5-shim/es5-shim.js
<s> [webpack.Progress] 47% building 312/352 modules 40 active /Users/josuembuyu/Documents/work/multivers/projects/DEF-DGI/components/node_modules/es5-shim/es5-shim.js
<s> [webpack.Progress] 47% building 313/352 modules 39 active /Users/josuembuyu/Documents/work/multivers/projects/DEF-DGI/components/node_modules/es5-shim/es5-shim.js
<s> [webpack.Progress] 47% building 314/352 modules 38 active /Users/josuembuyu/Documents/work/multivers/projects/DEF-DGI/components/node_modules/es5-shim/es5-shim.js
<s> [webpack.Progress] 47% building 315/352 modules 37 active /Users/josuembuyu/Documents/work/multivers/projects/DEF-DGI/components/node_modules/es5-shim/es5-shim.js
<s> [webpack.Progress] 47% building 315/353 modules 38 active /Users/josuembuyu/Documents/work/multivers/projects/DEF-DGI/components/node_modules/@storybook/addon-docs/dist/esm/blocks/Primary.js
<s> [webpack.Progress] 47% building 316/353 modules 37 active /Users/josuembuyu/Documents/work/multivers/projects/DEF-DGI/components/node_modules/@storybook/addon-docs/dist/esm/blocks/Primary.js
<s> [webpack.Progress] 47% building 316/354 modules 38 active /Users/josuembuyu/Documents/work/multivers/projects/DEF-DGI/components/node_modules/@storybook/addon-docs/dist/esm/blocks/Preview.js
<s> [webpack.Progress] 48% building 317/354 modules 37 active /Users/josuembuyu/Documents/work/multivers/projects/DEF-DGI/components/node_modules/@storybook/addon-docs/dist/esm/blocks/Preview.js
<s> [webpack.Progress] 48% building 318/354 modules 36 active /Users/josuembuyu/Documents/work/multivers/projects/DEF-DGI/components/node_modules/@storybook/addon-docs/dist/esm/blocks/Preview.js
<s> [webpack.Progress] 48% building 319/354 modules 35 active /Users/josuembuyu/Documents/work/multivers/projects/DEF-DGI/components/node_modules/@storybook/addon-docs/dist/esm/blocks/Preview.js
<s> [webpack.Progress] 48% building 320/354 modules 34 active /Users/josuembuyu/Documents/work/multivers/projects/DEF-DGI/components/node_modules/@storybook/addon-docs/dist/esm/blocks/Preview.js
<s> [webpack.Progress] 48% building 321/354 modules 33 active /Users/josuembuyu/Documents/work/multivers/projects/DEF-DGI/components/node_modules/@storybook/addon-docs/dist/esm/blocks/Preview.js
<s> [webpack.Progress] 48% building 321/355 modules 34 active /Users/josuembuyu/Documents/work/multivers/projects/DEF-DGI/components/node_modules/@storybook/addon-docs/dist/esm/blocks/Meta.js
<s> [webpack.Progress] 48% building 321/356 modules 35 active /Users/josuembuyu/Documents/work/multivers/projects/DEF-DGI/components/node_modules/@storybook/addon-docs/dist/esm/blocks/Heading.js
<s> [webpack.Progress] 48% building 322/356 modules 34 active /Users/josuembuyu/Documents/work/multivers/projects/DEF-DGI/components/node_modules/@storybook/addon-docs/dist/esm/blocks/Heading.js
<s> [webpack.Progress] 48% building 322/357 modules 35 active /Users/josuembuyu/Documents/work/multivers/projects/DEF-DGI/components/node_modules/core-js/internals/array-slice.js
<s> [webpack.Progress] 48% building 323/357 modules 34 active /Users/josuembuyu/Documents/work/multivers/projects/DEF-DGI/components/node_modules/core-js/internals/array-slice.js
<s> [webpack.Progress] 48% building 324/357 modules 33 active /Users/josuembuyu/Documents/work/multivers/projects/DEF-DGI/components/node_modules/core-js/internals/array-slice.js
<s> [webpack.Progress] 49% building 325/357 modules 32 active /Users/josuembuyu/Documents/work/multivers/projects/DEF-DGI/components/node_modules/core-js/internals/array-slice.js
<s> [webpack.Progress] 49% building 326/357 modules 31 active /Users/josuembuyu/Documents/work/multivers/projects/DEF-DGI/components/node_modules/core-js/internals/array-slice.js
<s> [webpack.Progress] 49% building 327/357 modules 30 active /Users/josuembuyu/Documents/work/multivers/projects/DEF-DGI/components/node_modules/core-js/internals/array-slice.js
<s> [webpack.Progress] 49% building 328/357 modules 29 active /Users/josuembuyu/Documents/work/multivers/projects/DEF-DGI/components/node_modules/core-js/internals/array-slice.js
<s> [webpack.Progress] 49% building 328/358 modules 30 active /Users/josuembuyu/Documents/work/multivers/projects/DEF-DGI/components/node_modules/@storybook/addon-docs/dist/esm/blocks/DocsStory.js
<s> [webpack.Progress] 49% building 328/359 modules 31 active /Users/josuembuyu/Documents/work/multivers/projects/DEF-DGI/components/node_modules/@storybook/addon-docs/dist/esm/blocks/DocsContainer.js
<s> [webpack.Progress] 49% building 328/360 modules 32 active /Users/josuembuyu/Documents/work/multivers/projects/DEF-DGI/components/node_modules/@storybook/addon-docs/dist/esm/blocks/DocsPage.js
<s> [webpack.Progress] 49% building 328/361 modules 33 active /Users/josuembuyu/Documents/work/multivers/projects/DEF-DGI/components/node_modules/@storybook/components/dist/esm/index.js
<s> [webpack.Progress] 49% building 329/361 modules 32 active /Users/josuembuyu/Documents/work/multivers/projects/DEF-DGI/components/node_modules/@storybook/components/dist/esm/index.js
<s> [webpack.Progress] 49% building 330/361 modules 31 active /Users/josuembuyu/Documents/work/multivers/projects/DEF-DGI/components/node_modules/@storybook/components/dist/esm/index.js
<s> [webpack.Progress] 49% building 331/361 modules 30 active /Users/josuembuyu/Documents/work/multivers/projects/DEF-DGI/components/node_modules/@storybook/components/dist/esm/index.js
<s> [webpack.Progress] 49% building 332/361 modules 29 active /Users/josuembuyu/Documents/work/multivers/projects/DEF-DGI/components/node_modules/@storybook/components/dist/esm/index.js
<s> [webpack.Progress] 49% building 333/361 modules 28 active /Users/josuembuyu/Documents/work/multivers/projects/DEF-DGI/components/node_modules/@storybook/components/dist/esm/index.js
<s> [webpack.Progress] 50% building 334/361 modules 27 active /Users/josuembuyu/Documents/work/multivers/projects/DEF-DGI/components/node_modules/@storybook/components/dist/esm/index.js
<s> [webpack.Progress] 50% building 335/361 modules 26 active /Users/josuembuyu/Documents/work/multivers/projects/DEF-DGI/components/node_modules/@storybook/components/dist/esm/index.js
<s> [webpack.Progress] 50% building 336/361 modules 25 active /Users/josuembuyu/Documents/work/multivers/projects/DEF-DGI/components/node_modules/@storybook/components/dist/esm/index.js
<s> [webpack.Progress] 50% building 337/361 modules 24 active /Users/josuembuyu/Documents/work/multivers/projects/DEF-DGI/components/node_modules/@storybook/components/dist/esm/index.js
<s> [webpack.Progress] 50% building 338/361 modules 23 active /Users/josuembuyu/Documents/work/multivers/projects/DEF-DGI/components/node_modules/@storybook/components/dist/esm/index.js
<s> [webpack.Progress] 50% building 339/361 modules 22 active /Users/josuembuyu/Documents/work/multivers/projects/DEF-DGI/components/node_modules/@storybook/components/dist/esm/index.js
<s> [webpack.Progress] 50% building 340/361 modules 21 active /Users/josuembuyu/Documents/work/multivers/projects/DEF-DGI/components/node_modules/@storybook/components/dist/esm/index.js
<s> [webpack.Progress] 50% building 340/362 modules 22 active /Users/josuembuyu/Documents/work/multivers/projects/DEF-DGI/components/node_modules/@storybook/addon-docs/dist/esm/blocks/Description.js
<s> [webpack.Progress] 50% building 340/363 modules 23 active /Users/josuembuyu/Documents/work/multivers/projects/DEF-DGI/components/node_modules/@storybook/addon-docs/dist/esm/blocks/Canvas.js
<s> [webpack.Progress] 50% building 340/364 modules 24 active /Users/josuembuyu/Documents/work/multivers/projects/DEF-DGI/components/node_modules/@storybook/addon-docs/dist/esm/blocks/ArgsTable.js
<s> [webpack.Progress] 50% building 340/365 modules 25 active /Users/josuembuyu/Documents/work/multivers/projects/DEF-DGI/components/node_modules/core-js/internals/object-set-prototype-of.js
<s> [webpack.Progress] 50% building 340/366 modules 26 active /Users/josuembuyu/Documents/work/multivers/projects/DEF-DGI/components/node_modules/@storybook/addon-docs/dist/esm/blocks/Anchor.js
<s> [webpack.Progress] 50% building 340/367 modules 27 active /Users/josuembuyu/Documents/work/multivers/projects/DEF-DGI/components/node_modules/core-js/internals/correct-is-regexp-logic.js
<s> [webpack.Progress] 50% building 341/367 modules 26 active /Users/josuembuyu/Documents/work/multivers/projects/DEF-DGI/components/node_modules/core-js/internals/correct-is-regexp-logic.js
<s> [webpack.Progress] 51% building 342/367 modules 25 active /Users/josuembuyu/Documents/work/multivers/projects/DEF-DGI/components/node_modules/core-js/internals/correct-is-regexp-logic.js
<s> [webpack.Progress] 51% building 343/367 modules 24 active /Users/josuembuyu/Documents/work/multivers/projects/DEF-DGI/components/node_modules/core-js/internals/correct-is-regexp-logic.js
<s> [webpack.Progress] 51% building 343/368 modules 25 active /Users/josuembuyu/Documents/work/multivers/projects/DEF-DGI/components/node_modules/core-js/internals/set-to-string-tag.js
<s> [webpack.Progress] 51% building 343/369 modules 26 active /Users/josuembuyu/Documents/work/multivers/projects/DEF-DGI/components/node_modules/core-js/internals/an-instance.js
<s> [webpack.Progress] 51% building 343/370 modules 27 active /Users/josuembuyu/Documents/work/multivers/projects/DEF-DGI/components/node_modules/core-js/internals/iterate.js
<s> [webpack.Progress] 51% building 343/371 modules 28 active /Users/josuembuyu/Documents/work/multivers/projects/DEF-DGI/components/node_modules/core-js/internals/define-iterator.js
<s> [webpack.Progress] 51% building 344/371 modules 27 active /Users/josuembuyu/Documents/work/multivers/projects/DEF-DGI/components/node_modules/core-js/internals/define-iterator.js
<s> [webpack.Progress] 51% building 345/371 modules 26 active /Users/josuembuyu/Documents/work/multivers/projects/DEF-DGI/components/node_modules/core-js/internals/define-iterator.js
<s> [webpack.Progress] 51% building 345/372 modules 27 active /Users/josuembuyu/Documents/work/multivers/projects/DEF-DGI/components/node_modules/core-js/internals/array-buffer-non-extensible.js
<s> [webpack.Progress] 51% building 346/372 modules 26 active /Users/josuembuyu/Documents/work/multivers/projects/DEF-DGI/components/node_modules/core-js/internals/array-buffer-non-extensible.js
<s> [webpack.Progress] 51% building 347/372 modules 25 active /Users/josuembuyu/Documents/work/multivers/projects/DEF-DGI/components/node_modules/core-js/internals/array-buffer-non-extensible.js
<s> [webpack.Progress] 51% building 347/373 modules 26 active /Users/josuembuyu/Documents/work/multivers/projects/DEF-DGI/components/node_modules/core-js/internals/object-to-array.js
<s> [webpack.Progress] 51% building 348/373 modules 25 active /Users/josuembuyu/Documents/work/multivers/projects/DEF-DGI/components/node_modules/core-js/internals/object-to-array.js
<s> [webpack.Progress] 51% building 349/373 modules 24 active /Users/josuembuyu/Documents/work/multivers/projects/DEF-DGI/components/node_modules/core-js/internals/object-to-array.js
<s> [webpack.Progress] 51% building 349/374 modules 25 active /Users/josuembuyu/Documents/work/multivers/projects/DEF-DGI/components/node_modules/core-js/internals/not-a-regexp.js
<s> [webpack.Progress] 51% building 349/375 modules 26 active /Users/josuembuyu/Documents/work/multivers/projects/DEF-DGI/components/node_modules/core-js/internals/engine-webkit-version.js
<s> [webpack.Progress] 52% building 350/375 modules 25 active /Users/josuembuyu/Documents/work/multivers/projects/DEF-DGI/components/node_modules/core-js/internals/engine-webkit-version.js
<s> [webpack.Progress] 52% building 351/375 modules 24 active /Users/josuembuyu/Documents/work/multivers/projects/DEF-DGI/components/node_modules/core-js/internals/engine-webkit-version.js
<s> [webpack.Progress] 52% building 352/375 modules 23 active /Users/josuembuyu/Documents/work/multivers/projects/DEF-DGI/components/node_modules/core-js/internals/engine-webkit-version.js
<s> [webpack.Progress] 52% building 352/376 modules 24 active /Users/josuembuyu/Documents/work/multivers/projects/DEF-DGI/components/node_modules/react/index.js
<s> [webpack.Progress] 52% building 352/377 modules 25 active /Users/josuembuyu/Documents/work/multivers/projects/DEF-DGI/components/node_modules/core-js/internals/engine-is-ie-or-edge.js
<s> [webpack.Progress] 52% building 352/378 modules 26 active /Users/josuembuyu/Documents/work/multivers/projects/DEF-DGI/components/node_modules/core-js/internals/engine-ff-version.js
<s> [webpack.Progress] 52% building 352/379 modules 27 active /Users/josuembuyu/Documents/work/multivers/projects/DEF-DGI/components/node_modules/core-js/internals/array-sort.js
<s> [webpack.Progress] 52% building 352/380 modules 28 active /Users/josuembuyu/Documents/work/multivers/projects/DEF-DGI/components/node_modules/core-js/internals/symbol-define-to-primitive.js
<s> [webpack.Progress] 52% building 352/381 modules 29 active /Users/josuembuyu/Documents/work/multivers/projects/DEF-DGI/components/node_modules/core-js/internals/date-to-primitive.js
<s> [webpack.Progress] 52% building 353/381 modules 28 active /Users/josuembuyu/Documents/work/multivers/projects/DEF-DGI/components/node_modules/core-js/internals/date-to-primitive.js
<s> [webpack.Progress] 52% building 353/382 modules 29 active /Users/josuembuyu/Documents/work/multivers/projects/DEF-DGI/components/node_modules/airbnb-js-shims/target/es2016.js
<s> [webpack.Progress] 52% building 353/383 modules 30 active /Users/josuembuyu/Documents/work/multivers/projects/DEF-DGI/components/node_modules/core-js/internals/delete-property-or-throw.js
<s> [webpack.Progress] 52% building 353/384 modules 31 active /Users/josuembuyu/Documents/work/multivers/projects/DEF-DGI/components/node_modules/core-js/internals/collection-weak.js
<s> [webpack.Progress] 52% building 353/385 modules 32 active /Users/josuembuyu/Documents/work/multivers/projects/DEF-DGI/components/node_modules/core-js/internals/define-built-ins.js
<s> [webpack.Progress] 52% building 353/386 modules 33 active /Users/josuembuyu/Documents/work/multivers/projects/DEF-DGI/components/node_modules/@storybook/addon-actions/dist/esm/preview/action.js
<s> [webpack.Progress] 52% building 353/387 modules 34 active /Users/josuembuyu/Documents/work/multivers/projects/DEF-DGI/components/node_modules/@storybook/addon-actions/dist/esm/models/ActionDisplay.js
<s> [webpack.Progress] 52% building 353/388 modules 35 active /Users/josuembuyu/Documents/work/multivers/projects/DEF-DGI/components/node_modules/@storybook/addon-actions/dist/esm/models/HandlerFunction.js
<s> [webpack.Progress] 52% building 353/389 modules 36 active /Users/josuembuyu/Documents/work/multivers/projects/DEF-DGI/components/node_modules/@storybook/addon-actions/dist/esm/models/DecoratorFunction.js
<s> [webpack.Progress] 52% building 354/389 modules 35 active /Users/josuembuyu/Documents/work/multivers/projects/DEF-DGI/components/node_modules/@storybook/addon-actions/dist/esm/models/DecoratorFunction.js
<s> [webpack.Progress] 52% building 355/389 modules 34 active /Users/josuembuyu/Documents/work/multivers/projects/DEF-DGI/components/node_modules/@storybook/addon-actions/dist/esm/models/DecoratorFunction.js
<s> [webpack.Progress] 52% building 356/389 modules 33 active /Users/josuembuyu/Documents/work/multivers/projects/DEF-DGI/components/node_modules/@storybook/addon-actions/dist/esm/models/DecoratorFunction.js
<s> [webpack.Progress] 52% building 357/389 modules 32 active /Users/josuembuyu/Documents/work/multivers/projects/DEF-DGI/components/node_modules/@storybook/addon-actions/dist/esm/models/DecoratorFunction.js
<s> [webpack.Progress] 52% building 358/389 modules 31 active /Users/josuembuyu/Documents/work/multivers/projects/DEF-DGI/components/node_modules/@storybook/addon-actions/dist/esm/models/DecoratorFunction.js
<s> [webpack.Progress] 53% building 359/389 modules 30 active /Users/josuembuyu/Documents/work/multivers/projects/DEF-DGI/components/node_modules/@storybook/addon-actions/dist/esm/models/DecoratorFunction.js
<s> [webpack.Progress] 53% building 360/389 modules 29 active /Users/josuembuyu/Documents/work/multivers/projects/DEF-DGI/components/node_modules/@storybook/addon-actions/dist/esm/models/DecoratorFunction.js
<s> [webpack.Progress] 53% building 361/389 modules 28 active /Users/josuembuyu/Documents/work/multivers/projects/DEF-DGI/components/node_modules/@storybook/addon-actions/dist/esm/models/DecoratorFunction.js
<s> [webpack.Progress] 53% building 362/389 modules 27 active /Users/josuembuyu/Documents/work/multivers/projects/DEF-DGI/components/node_modules/@storybook/addon-actions/dist/esm/models/DecoratorFunction.js
<s> [webpack.Progress] 53% building 362/390 modules 28 active /Users/josuembuyu/Documents/work/multivers/projects/DEF-DGI/components/node_modules/qs/lib/stringify.js
<s> [webpack.Progress] 53% building 362/391 modules 29 active /Users/josuembuyu/Documents/work/multivers/projects/DEF-DGI/components/node_modules/qs/lib/formats.js
<s> [webpack.Progress] 53% building 363/391 modules 28 active /Users/josuembuyu/Documents/work/multivers/projects/DEF-DGI/components/node_modules/qs/lib/formats.js
<s> [webpack.Progress] 53% building 363/392 modules 29 active /Users/josuembuyu/Documents/work/multivers/projects/DEF-DGI/components/node_modules/@storybook/addon-docs/dist/esm/blocks/useStory.js
<s> [webpack.Progress] 53% building 363/393 modules 30 active /Users/josuembuyu/Documents/work/multivers/projects/DEF-DGI/components/node_modules/@storybook/addon-docs/dist/esm/shared.js
<s> [webpack.Progress] 53% building 364/393 modules 29 active /Users/josuembuyu/Documents/work/multivers/projects/DEF-DGI/components/node_modules/@storybook/addon-docs/dist/esm/shared.js
<s> [webpack.Progress] 53% building 364/394 modules 30 active /Users/josuembuyu/Documents/work/multivers/projects/DEF-DGI/components/node_modules/@storybook/docs-tools/dist/esm/argTypes/enhanceArgTypes.js
<s> [webpack.Progress] 53% building 365/394 modules 29 active /Users/josuembuyu/Documents/work/multivers/projects/DEF-DGI/components/node_modules/@storybook/docs-tools/dist/esm/argTypes/enhanceArgTypes.js
<s> [webpack.Progress] 53% building 366/394 modules 28 active /Users/josuembuyu/Documents/work/multivers/projects/DEF-DGI/components/node_modules/@storybook/docs-tools/dist/esm/argTypes/enhanceArgTypes.js
<s> [webpack.Progress] 54% building 367/394 modules 27 active /Users/josuembuyu/Documents/work/multivers/projects/DEF-DGI/components/node_modules/@storybook/docs-tools/dist/esm/argTypes/enhanceArgTypes.js
<s> [webpack.Progress] 54% building 368/394 modules 26 active /Users/josuembuyu/Documents/work/multivers/projects/DEF-DGI/components/node_modules/@storybook/docs-tools/dist/esm/argTypes/enhanceArgTypes.js
<s> [webpack.Progress] 54% building 369/394 modules 25 active /Users/josuembuyu/Documents/work/multivers/projects/DEF-DGI/components/node_modules/@storybook/docs-tools/dist/esm/argTypes/enhanceArgTypes.js
<s> [webpack.Progress] 54% building 370/394 modules 24 active /Users/josuembuyu/Documents/work/multivers/projects/DEF-DGI/components/node_modules/@storybook/docs-tools/dist/esm/argTypes/enhanceArgTypes.js
<s> [webpack.Progress] 54% building 371/394 modules 23 active /Users/josuembuyu/Documents/work/multivers/projects/DEF-DGI/components/node_modules/@storybook/docs-tools/dist/esm/argTypes/enhanceArgTypes.js
<s> [webpack.Progress] 54% building 371/395 modules 24 active /Users/josuembuyu/Documents/work/multivers/projects/DEF-DGI/components/node_modules/core-js/modules/esnext.symbol.replace-all.js
<s> [webpack.Progress] 54% building 372/395 modules 23 active /Users/josuembuyu/Documents/work/multivers/projects/DEF-DGI/components/node_modules/core-js/modules/esnext.symbol.replace-all.js
<s> [webpack.Progress] 54% building 372/396 modules 24 active /Users/josuembuyu/Documents/work/multivers/projects/DEF-DGI/components/node_modules/core-js/modules/web.url-search-params.js
<s> [webpack.Progress] 54% building 372/397 modules 25 active /Users/josuembuyu/Documents/work/multivers/projects/DEF-DGI/components/node_modules/core-js/modules/web.url.js
<s> [webpack.Progress] 54% building 372/398 modules 26 active /Users/josuembuyu/Documents/work/multivers/projects/DEF-DGI/components/node_modules/core-js/modules/esnext.symbol.pattern-match.js
<s> [webpack.Progress] 54% building 373/398 modules 25 active /Users/josuembuyu/Documents/work/multivers/projects/DEF-DGI/components/node_modules/core-js/modules/esnext.symbol.pattern-match.js
<s> [webpack.Progress] 54% building 373/399 modules 26 active /Users/josuembuyu/Documents/work/multivers/projects/DEF-DGI/components/node_modules/core-js/modules/esnext.symbol.metadata.js
<s> [webpack.Progress] 54% building 373/400 modules 27 active /Users/josuembuyu/Documents/work/multivers/projects/DEF-DGI/components/node_modules/core-js/modules/esnext.symbol.observable.js
<s> [webpack.Progress] 54% building 374/400 modules 26 active /Users/josuembuyu/Documents/work/multivers/projects/DEF-DGI/components/node_modules/core-js/modules/esnext.symbol.observable.js
<s> [webpack.Progress] 54% building 375/400 modules 25 active /Users/josuembuyu/Documents/work/multivers/projects/DEF-DGI/components/node_modules/core-js/modules/esnext.symbol.observable.js
<s> [webpack.Progress] 55% building 376/400 modules 24 active /Users/josuembuyu/Documents/work/multivers/projects/DEF-DGI/components/node_modules/core-js/modules/esnext.symbol.observable.js
<s> [webpack.Progress] 55% building 377/400 modules 23 active /Users/josuembuyu/Documents/work/multivers/projects/DEF-DGI/components/node_modules/core-js/modules/esnext.symbol.observable.js
<s> [webpack.Progress] 55% building 378/400 modules 22 active /Users/josuembuyu/Documents/work/multivers/projects/DEF-DGI/components/node_modules/core-js/modules/esnext.symbol.observable.js
<s> [webpack.Progress] 55% building 378/401 modules 23 active /Users/josuembuyu/Documents/work/multivers/projects/DEF-DGI/components/node_modules/core-js/modules/es.string.trim.js
<s> [webpack.Progress] 55% building 379/401 modules 22 active /Users/josuembuyu/Documents/work/multivers/projects/DEF-DGI/components/node_modules/core-js/modules/es.string.trim.js
<s> [webpack.Progress] 55% building 380/401 modules 21 active /Users/josuembuyu/Documents/work/multivers/projects/DEF-DGI/components/node_modules/core-js/modules/es.string.trim.js
<s> [webpack.Progress] 55% building 381/401 modules 20 active /Users/josuembuyu/Documents/work/multivers/projects/DEF-DGI/components/node_modules/core-js/modules/es.string.trim.js
<s> [webpack.Progress] 55% building 381/402 modules 21 active /Users/josuembuyu/Documents/work/multivers/projects/DEF-DGI/components/node_modules/@storybook/addon-docs/dist/esm/blocks/enhanceSource.js
<s> [webpack.Progress] 55% building 381/403 modules 22 active /Users/josuembuyu/Documents/work/multivers/projects/DEF-DGI/components/node_modules/@storybook/components/dist/esm/index-b45716e8.js
<s> [webpack.Progress] 55% building 381/404 modules 23 active /Users/josuembuyu/Documents/work/multivers/projects/DEF-DGI/components/node_modules/synchronous-promise/index.js
<s> [webpack.Progress] 55% building 382/404 modules 22 active /Users/josuembuyu/Documents/work/multivers/projects/DEF-DGI/components/node_modules/synchronous-promise/index.js
<s> [webpack.Progress] 55% building 382/405 modules 23 active /Users/josuembuyu/Documents/work/multivers/projects/DEF-DGI/components/node_modules/@storybook/store/dist/esm/GlobalsStore.js
<s> [webpack.Progress] 55% building 382/406 modules 24 active /Users/josuembuyu/Documents/work/multivers/projects/DEF-DGI/components/node_modules/@storybook/store/dist/esm/storySort.js
<s> [webpack.Progress] 55% building 382/407 modules 25 active /Users/josuembuyu/Documents/work/multivers/projects/DEF-DGI/components/node_modules/@storybook/store/dist/esm/ArgsStore.js
<s> [webpack.Progress] 55% building 382/408 modules 26 active /Users/josuembuyu/Documents/work/multivers/projects/DEF-DGI/components/node_modules/@storybook/store/dist/esm/StoryIndexStore.js
<s> [webpack.Progress] 55% building 383/408 modules 25 active /Users/josuembuyu/Documents/work/multivers/projects/DEF-DGI/components/node_modules/@storybook/store/dist/esm/StoryIndexStore.js
<s> [webpack.Progress] 56% building 384/408 modules 24 active /Users/josuembuyu/Documents/work/multivers/projects/DEF-DGI/components/node_modules/@storybook/store/dist/esm/StoryIndexStore.js
<s> [webpack.Progress] 56% building 385/408 modules 23 active /Users/josuembuyu/Documents/work/multivers/projects/DEF-DGI/components/node_modules/@storybook/store/dist/esm/StoryIndexStore.js
<s> [webpack.Progress] 56% building 386/408 modules 22 active /Users/josuembuyu/Documents/work/multivers/projects/DEF-DGI/components/node_modules/@storybook/store/dist/esm/StoryIndexStore.js
<s> [webpack.Progress] 56% building 387/408 modules 21 active /Users/josuembuyu/Documents/work/multivers/projects/DEF-DGI/components/node_modules/@storybook/store/dist/esm/StoryIndexStore.js
<s> [webpack.Progress] 56% building 388/408 modules 20 active /Users/josuembuyu/Documents/work/multivers/projects/DEF-DGI/components/node_modules/@storybook/store/dist/esm/StoryIndexStore.js
<s> [webpack.Progress] 56% building 389/408 modules 19 active /Users/josuembuyu/Documents/work/multivers/projects/DEF-DGI/components/node_modules/@storybook/store/dist/esm/StoryIndexStore.js
<s> [webpack.Progress] 56% building 390/408 modules 18 active /Users/josuembuyu/Documents/work/multivers/projects/DEF-DGI/components/node_modules/@storybook/store/dist/esm/StoryIndexStore.js
<s> [webpack.Progress] 56% building 391/408 modules 17 active /Users/josuembuyu/Documents/work/multivers/projects/DEF-DGI/components/node_modules/@storybook/store/dist/esm/StoryIndexStore.js
<s> [webpack.Progress] 56% building 391/409 modules 18 active /Users/josuembuyu/Documents/work/multivers/projects/DEF-DGI/components/node_modules/function.prototype.name/shim.js
<s> [webpack.Progress] 56% building 391/410 modules 19 active /Users/josuembuyu/Documents/work/multivers/projects/DEF-DGI/components/node_modules/lodash/isPlainObject.js
<s> [webpack.Progress] 56% building 391/411 modules 20 active /Users/josuembuyu/Documents/work/multivers/projects/DEF-DGI/components/node_modules/lodash/pickBy.js
<s> [webpack.Progress] 56% building 391/412 modules 21 active /Users/josuembuyu/Documents/work/multivers/projects/DEF-DGI/components/node_modules/lodash/mapValues.js
<s> [webpack.Progress] 56% building 391/413 modules 22 active /Users/josuembuyu/Documents/work/multivers/projects/DEF-DGI/components/node_modules/lodash/pick.js
<s> [webpack.Progress] 56% building 391/414 modules 23 active /Users/josuembuyu/Documents/work/multivers/projects/DEF-DGI/components/node_modules/lodash/startCase.js
<s> [webpack.Progress] 57% building 392/414 modules 22 active /Users/josuembuyu/Documents/work/multivers/projects/DEF-DGI/components/node_modules/lodash/startCase.js
<s> [webpack.Progress] 57% building 393/414 modules 21 active /Users/josuembuyu/Documents/work/multivers/projects/DEF-DGI/components/node_modules/lodash/startCase.js
<s> [webpack.Progress] 57% building 394/414 modules 20 active /Users/josuembuyu/Documents/work/multivers/projects/DEF-DGI/components/node_modules/lodash/startCase.js
<s> [webpack.Progress] 57% building 394/415 modules 21 active /Users/josuembuyu/Documents/work/multivers/projects/DEF-DGI/components/node_modules/core-js/modules/es.array.index-of.js
<s> [webpack.Progress] 57% building 395/415 modules 20 active /Users/josuembuyu/Documents/work/multivers/projects/DEF-DGI/components/node_modules/core-js/modules/es.array.index-of.js
<s> [webpack.Progress] 57% building 395/416 modules 21 active /Users/josuembuyu/Documents/work/multivers/projects/DEF-DGI/components/node_modules/core-js/modules/es.string.ends-with.js
<s> [webpack.Progress] 57% building 395/417 modules 22 active /Users/josuembuyu/Documents/work/multivers/projects/DEF-DGI/components/node_modules/react/cjs/react.production.min.js
<s> [webpack.Progress] 57% building 396/417 modules 21 active /Users/josuembuyu/Documents/work/multivers/projects/DEF-DGI/components/node_modules/react/cjs/react.production.min.js
<s> [webpack.Progress] 57% building 396/418 modules 22 active /Users/josuembuyu/Documents/work/multivers/projects/DEF-DGI/components/node_modules/@storybook/addon-docs/dist/esm/blocks/utils.js
<s> [webpack.Progress] 57% building 397/418 modules 21 active /Users/josuembuyu/Documents/work/multivers/projects/DEF-DGI/components/node_modules/@storybook/addon-docs/dist/esm/blocks/utils.js
<s> [webpack.Progress] 57% building 397/419 modules 22 active /Users/josuembuyu/Documents/work/multivers/projects/DEF-DGI/components/node_modules/core-js/modules/esnext.symbol.metadata-key.js
<s> [webpack.Progress] 57% building 397/420 modules 23 active /Users/josuembuyu/Documents/work/multivers/projects/DEF-DGI/components/node_modules/core-js/modules/esnext.symbol.matcher.js
<s> [webpack.Progress] 57% building 397/421 modules 24 active /Users/josuembuyu/Documents/work/multivers/projects/DEF-DGI/components/node_modules/core-js/modules/esnext.symbol.dispose.js
<s> [webpack.Progress] 57% building 397/422 modules 25 active /Users/josuembuyu/Documents/work/multivers/projects/DEF-DGI/components/node_modules/core-js/modules/esnext.symbol.async-dispose.js
<s> [webpack.Progress] 57% building 397/423 modules 26 active /Users/josuembuyu/Documents/work/multivers/projects/DEF-DGI/components/node_modules/@storybook/docs-tools/dist/esm/argTypes/utils.js
<s> [webpack.Progress] 57% building 397/424 modules 27 active /Users/josuembuyu/Documents/work/multivers/projects/DEF-DGI/components/node_modules/@storybook/docs-tools/dist/esm/argTypes/types.js
<s> [webpack.Progress] 57% building 397/425 modules 28 active /Users/josuembuyu/Documents/work/multivers/projects/DEF-DGI/components/node_modules/@storybook/docs-tools/dist/esm/argTypes/jsdocParser.js
<s> [webpack.Progress] 57% building 398/425 modules 27 active /Users/josuembuyu/Documents/work/multivers/projects/DEF-DGI/components/node_modules/@storybook/docs-tools/dist/esm/argTypes/jsdocParser.js
<s> [webpack.Progress] 57% building 399/425 modules 26 active /Users/josuembuyu/Documents/work/multivers/projects/DEF-DGI/components/node_modules/@storybook/docs-tools/dist/esm/argTypes/jsdocParser.js
<s> [webpack.Progress] 57% building 400/425 modules 25 active /Users/josuembuyu/Documents/work/multivers/projects/DEF-DGI/components/node_modules/@storybook/docs-tools/dist/esm/argTypes/jsdocParser.js
<s> [webpack.Progress] 57% building 400/426 modules 26 active /Users/josuembuyu/Documents/work/multivers/projects/DEF-DGI/components/node_modules/@storybook/core/dist/esm/index.js
<s> [webpack.Progress] 57% building 400/427 modules 27 active /Users/josuembuyu/Documents/work/multivers/projects/DEF-DGI/components/node_modules/core-js/internals/a-possible-prototype.js
<s> [webpack.Progress] 58% building 401/427 modules 26 active /Users/josuembuyu/Documents/work/multivers/projects/DEF-DGI/components/node_modules/core-js/internals/a-possible-prototype.js
<s> [webpack.Progress] 58% building 402/427 modules 25 active /Users/josuembuyu/Documents/work/multivers/projects/DEF-DGI/components/node_modules/core-js/internals/a-possible-prototype.js
<s> [webpack.Progress] 58% building 403/427 modules 24 active /Users/josuembuyu/Documents/work/multivers/projects/DEF-DGI/components/node_modules/core-js/internals/a-possible-prototype.js
<s> [webpack.Progress] 58% building 404/427 modules 23 active /Users/josuembuyu/Documents/work/multivers/projects/DEF-DGI/components/node_modules/core-js/internals/a-possible-prototype.js
<s> [webpack.Progress] 58% building 405/427 modules 22 active /Users/josuembuyu/Documents/work/multivers/projects/DEF-DGI/components/node_modules/core-js/internals/a-possible-prototype.js
<s> [webpack.Progress] 58% building 406/427 modules 21 active /Users/josuembuyu/Documents/work/multivers/projects/DEF-DGI/components/node_modules/core-js/internals/a-possible-prototype.js
<s> [webpack.Progress] 58% building 407/427 modules 20 active /Users/josuembuyu/Documents/work/multivers/projects/DEF-DGI/components/node_modules/core-js/internals/a-possible-prototype.js
<s> [webpack.Progress] 58% building 408/427 modules 19 active /Users/josuembuyu/Documents/work/multivers/projects/DEF-DGI/components/node_modules/core-js/internals/a-possible-prototype.js
<s> [webpack.Progress] 58% building 408/428 modules 20 active /Users/josuembuyu/Documents/work/multivers/projects/DEF-DGI/components/node_modules/core-js/internals/iterators-core.js
<s> [webpack.Progress] 58% building 408/429 modules 21 active /Users/josuembuyu/Documents/work/multivers/projects/DEF-DGI/components/node_modules/@storybook/theming/dist/esm/index.js
<s> [webpack.Progress] 58% building 408/430 modules 22 active /Users/josuembuyu/Documents/work/multivers/projects/DEF-DGI/components/node_modules/core-js/internals/create-iterator-constructor.js
<s> [webpack.Progress] 59% building 409/430 modules 21 active /Users/josuembuyu/Documents/work/multivers/projects/DEF-DGI/components/node_modules/core-js/internals/create-iterator-constructor.js
<s> [webpack.Progress] 59% building 410/430 modules 20 active /Users/josuembuyu/Documents/work/multivers/projects/DEF-DGI/components/node_modules/core-js/internals/create-iterator-constructor.js
<s> [webpack.Progress] 59% building 411/430 modules 19 active /Users/josuembuyu/Documents/work/multivers/projects/DEF-DGI/components/node_modules/core-js/internals/create-iterator-constructor.js
<s> [webpack.Progress] 59% building 412/430 modules 18 active /Users/josuembuyu/Documents/work/multivers/projects/DEF-DGI/components/node_modules/core-js/internals/create-iterator-constructor.js
<s> [webpack.Progress] 59% building 413/430 modules 17 active /Users/josuembuyu/Documents/work/multivers/projects/DEF-DGI/components/node_modules/core-js/internals/create-iterator-constructor.js
<s> [webpack.Progress] 59% building 414/430 modules 16 active /Users/josuembuyu/Documents/work/multivers/projects/DEF-DGI/components/node_modules/core-js/internals/create-iterator-constructor.js
<s> [webpack.Progress] 59% building 414/431 modules 17 active /Users/josuembuyu/Documents/work/multivers/projects/DEF-DGI/components/node_modules/babel-loader/lib/index.js??ref--4-0!/Users/josuembuyu/Documents/work/multivers/projects/DEF-DGI/components/src/components/atoms/Logo/Logo.jsx
<s> [webpack.Progress] 59% building 414/432 modules 18 active /Users/josuembuyu/Documents/work/multivers/projects/DEF-DGI/components/node_modules/@storybook/store/dist/esm/csf/index.js
<s> [webpack.Progress] 59% building 415/432 modules 17 active /Users/josuembuyu/Documents/work/multivers/projects/DEF-DGI/components/node_modules/@storybook/store/dist/esm/csf/index.js
<s> [webpack.Progress] 59% building 416/432 modules 16 active /Users/josuembuyu/Documents/work/multivers/projects/DEF-DGI/components/node_modules/@storybook/store/dist/esm/csf/index.js
<s> [webpack.Progress] 60% building 417/432 modules 15 active /Users/josuembuyu/Documents/work/multivers/projects/DEF-DGI/components/node_modules/@storybook/store/dist/esm/csf/index.js
<s> [webpack.Progress] 60% building 418/432 modules 14 active /Users/josuembuyu/Documents/work/multivers/projects/DEF-DGI/components/node_modules/@storybook/store/dist/esm/csf/index.js
<s> [webpack.Progress] 60% building 419/432 modules 13 active /Users/josuembuyu/Documents/work/multivers/projects/DEF-DGI/components/node_modules/@storybook/store/dist/esm/csf/index.js
<s> [webpack.Progress] 60% building 420/432 modules 12 active /Users/josuembuyu/Documents/work/multivers/projects/DEF-DGI/components/node_modules/@storybook/store/dist/esm/csf/index.js
<s> [webpack.Progress] 60% building 421/432 modules 11 active /Users/josuembuyu/Documents/work/multivers/projects/DEF-DGI/components/node_modules/@storybook/store/dist/esm/csf/index.js
<s> [webpack.Progress] 60% building 422/432 modules 10 active /Users/josuembuyu/Documents/work/multivers/projects/DEF-DGI/components/node_modules/@storybook/store/dist/esm/csf/index.js
<s> [webpack.Progress] 60% building 422/433 modules 11 active /Users/josuembuyu/Documents/work/multivers/projects/DEF-DGI/components/node_modules/qs/lib/parse.js
<s> [webpack.Progress] 60% building 422/434 modules 12 active /Users/josuembuyu/Documents/work/multivers/projects/DEF-DGI/components/node_modules/@storybook/csf/dist/story.js
<s> [webpack.Progress] 60% building 422/435 modules 13 active /Users/josuembuyu/Documents/work/multivers/projects/DEF-DGI/components/node_modules/@storybook/csf/dist/includeConditionalArg.js
<s> [webpack.Progress] 60% building 423/435 modules 12 active /Users/josuembuyu/Documents/work/multivers/projects/DEF-DGI/components/node_modules/@storybook/csf/dist/includeConditionalArg.js
<s> [webpack.Progress] 60% building 424/435 modules 11 active /Users/josuembuyu/Documents/work/multivers/projects/DEF-DGI/components/node_modules/@storybook/csf/dist/includeConditionalArg.js
<s> [webpack.Progress] 61% building 425/435 modules 10 active /Users/josuembuyu/Documents/work/multivers/projects/DEF-DGI/components/node_modules/@storybook/csf/dist/includeConditionalArg.js
<s> [webpack.Progress] 61% building 425/436 modules 11 active /Users/josuembuyu/Documents/work/multivers/projects/DEF-DGI/components/node_modules/@storybook/components/dist/esm/Color-3c22bb81.js
<s> [webpack.Progress] 61% building 425/437 modules 12 active /Users/josuembuyu/Documents/work/multivers/projects/DEF-DGI/components/node_modules/@storybook/addon-actions/dist/esm/models/ActionsMap.js
<s> [webpack.Progress] 61% building 425/438 modules 13 active /Users/josuembuyu/Documents/work/multivers/projects/DEF-DGI/components/node_modules/@storybook/components/dist/esm/WithTooltip-508b8277.js
<s> [webpack.Progress] 61% building 425/439 modules 14 active /Users/josuembuyu/Documents/work/multivers/projects/DEF-DGI/components/node_modules/@storybook/components/dist/esm/OverlayScrollbars-26c4a78d.js
<s> [webpack.Progress] 61% building 425/440 modules 15 active /Users/josuembuyu/Documents/work/multivers/projects/DEF-DGI/components/node_modules/@storybook/components/dist/esm/GlobalScrollAreaStyles-8793ce4a.js
<s> [webpack.Progress] 61% building 425/441 modules 16 active /Users/josuembuyu/Documents/work/multivers/projects/DEF-DGI/components/node_modules/@storybook/components/dist/esm/formatter-9dc562d4.js
<s> [webpack.Progress] 61% building 425/442 modules 17 active /Users/josuembuyu/Documents/work/multivers/projects/DEF-DGI/components/node_modules/airbnb-js-shims/target/es2017.js
<s> [webpack.Progress] 61% building 425/443 modules 18 active /Users/josuembuyu/Documents/work/multivers/projects/DEF-DGI/components/node_modules/@storybook/addon-actions/dist/esm/models/ActionOptions.js
<s> [webpack.Progress] 61% building 425/444 modules 19 active /Users/josuembuyu/Documents/work/multivers/projects/DEF-DGI/components/node_modules/@storybook/addon-actions/dist/esm/models/ActionsFunction.js
<s> [webpack.Progress] 61% building 425/445 modules 20 active /Users/josuembuyu/Documents/work/multivers/projects/DEF-DGI/components/node_modules/@storybook/addon-actions/dist/esm/preview/withActions.js
<s> [webpack.Progress] 61% building 426/445 modules 19 active /Users/josuembuyu/Documents/work/multivers/projects/DEF-DGI/components/node_modules/@storybook/addon-actions/dist/esm/preview/withActions.js
<s> [webpack.Progress] 61% building 426/446 modules 20 active /Users/josuembuyu/Documents/work/multivers/projects/DEF-DGI/components/node_modules/@storybook/addon-actions/dist/esm/preview/configureActions.js
<s> [webpack.Progress] 61% building 427/446 modules 19 active /Users/josuembuyu/Documents/work/multivers/projects/DEF-DGI/components/node_modules/@storybook/addon-actions/dist/esm/preview/configureActions.js
<s> [webpack.Progress] 61% building 427/447 modules 20 active /Users/josuembuyu/Documents/work/multivers/projects/DEF-DGI/components/node_modules/@storybook/components/dist/esm/syntaxhighlighter-82dea71a.js
<s> [webpack.Progress] 61% building 427/448 modules 21 active /Users/josuembuyu/Documents/work/multivers/projects/DEF-DGI/components/node_modules/qs/lib/utils.js
<s> [webpack.Progress] 61% building 427/449 modules 22 active /Users/josuembuyu/Documents/work/multivers/projects/DEF-DGI/components/node_modules/style-loader/dist/cjs.js!/Users/josuembuyu/Documents/work/multivers/projects/DEF-DGI/components/node_modules/css-loader/dist/cjs.js??ref--11-1!/Users/josuembuyu/Documents/work/multivers/projects/DEF-DGI/components/node_modules/postcss-loader/dist/cjs.js??ref--11-2!/Users/josuembuyu/Documents/work/multivers/projects/DEF-DGI/components/src/main.css
<s> [webpack.Progress] 61% building 428/449 modules 21 active /Users/josuembuyu/Documents/work/multivers/projects/DEF-DGI/components/node_modules/qs/lib/utils.js
<s> [webpack.Progress] 61% building 428/450 modules 22 active /Users/josuembuyu/Documents/work/multivers/projects/DEF-DGI/components/node_modules/css-loader/dist/cjs.js??ref--11-1!/Users/josuembuyu/Documents/work/multivers/projects/DEF-DGI/components/node_modules/postcss-loader/dist/cjs.js??ref--11-2!/Users/josuembuyu/Documents/work/multivers/projects/DEF-DGI/components/src/main.css
<s> [webpack.Progress] 61% building 429/450 modules 21 active /Users/josuembuyu/Documents/work/multivers/projects/DEF-DGI/components/node_modules/css-loader/dist/cjs.js??ref--11-1!/Users/josuembuyu/Documents/work/multivers/projects/DEF-DGI/components/node_modules/postcss-loader/dist/cjs.js??ref--11-2!/Users/josuembuyu/Documents/work/multivers/projects/DEF-DGI/components/src/main.css
<s> [webpack.Progress] 61% building 429/451 modules 22 active /Users/josuembuyu/Documents/work/multivers/projects/DEF-DGI/components/node_modules/@storybook/addon-actions/dist/esm/preview/decorateAction.js
<s> [webpack.Progress] 61% building 429/452 modules 23 active /Users/josuembuyu/Documents/work/multivers/projects/DEF-DGI/components/node_modules/@storybook/channels/dist/esm/index.js
<s> [webpack.Progress] 61% building 430/452 modules 22 active /Users/josuembuyu/Documents/work/multivers/projects/DEF-DGI/components/node_modules/@storybook/channels/dist/esm/index.js
<s> [webpack.Progress] 61% building 430/453 modules 23 active /Users/josuembuyu/Documents/work/multivers/projects/DEF-DGI/components/node_modules/@storybook/addon-actions/dist/esm/preview/actions.js
<s> [webpack.Progress] 61% building 431/453 modules 22 active /Users/josuembuyu/Documents/work/multivers/projects/DEF-DGI/components/node_modules/@storybook/addon-actions/dist/esm/preview/actions.js
<s> [webpack.Progress] 61% building 431/454 modules 23 active /Users/josuembuyu/Documents/work/multivers/projects/DEF-DGI/components/node_modules/core-js/internals/well-known-symbol-wrapped.js
<s> [webpack.Progress] 61% building 431/455 modules 24 active /Users/josuembuyu/Documents/work/multivers/projects/DEF-DGI/components/node_modules/core-js/internals/queue.js
<s> [webpack.Progress] 61% building 431/456 modules 25 active /Users/josuembuyu/Documents/work/multivers/projects/DEF-DGI/components/node_modules/core-js/internals/does-not-exceed-safe-integer.js
<s> [webpack.Progress] 61% building 431/457 modules 26 active /Users/josuembuyu/Documents/work/multivers/projects/DEF-DGI/components/node_modules/core-js/internals/perform.js
<s> [webpack.Progress] 61% building 431/458 modules 27 active /Users/josuembuyu/Documents/work/multivers/projects/DEF-DGI/components/node_modules/core-js/internals/host-report-errors.js
<s> [webpack.Progress] 61% building 431/459 modules 28 active /Users/josuembuyu/Documents/work/multivers/projects/DEF-DGI/components/node_modules/escodegen/escodegen.js
<s> [webpack.Progress] 61% building 431/460 modules 29 active /Users/josuembuyu/Documents/work/multivers/projects/DEF-DGI/components/node_modules/core-js/modules/web.url-search-params.constructor.js
<s> [webpack.Progress] 61% building 431/461 modules 30 active /Users/josuembuyu/Documents/work/multivers/projects/DEF-DGI/components/node_modules/core-js/internals/microtask.js
<s> [webpack.Progress] 61% building 431/462 modules 31 active /Users/josuembuyu/Documents/work/multivers/projects/DEF-DGI/components/node_modules/core-js/modules/web.url.constructor.js
<s> [webpack.Progress] 61% building 431/463 modules 32 active /Users/josuembuyu/Documents/work/multivers/projects/DEF-DGI/components/node_modules/core-js/internals/task.js
<s> [webpack.Progress] 61% building 431/464 modules 33 active /Users/josuembuyu/Documents/work/multivers/projects/DEF-DGI/components/node_modules/core-js/internals/engine-is-node.js
<s> [webpack.Progress] 61% building 431/465 modules 34 active /Users/josuembuyu/Documents/work/multivers/projects/DEF-DGI/components/node_modules/core-js/internals/v8-prototype-define-bug.js
<s> [webpack.Progress] 61% building 432/465 modules 33 active /Users/josuembuyu/Documents/work/multivers/projects/DEF-DGI/components/node_modules/core-js/internals/v8-prototype-define-bug.js
<s> [webpack.Progress] 61% building 432/466 modules 34 active /Users/josuembuyu/Documents/work/multivers/projects/DEF-DGI/components/node_modules/core-js/modules/es.string.repeat.js
<s> [webpack.Progress] 61% building 433/466 modules 33 active /Users/josuembuyu/Documents/work/multivers/projects/DEF-DGI/components/node_modules/core-js/modules/es.string.repeat.js
<s> [webpack.Progress] 61% building 433/467 modules 34 active /Users/josuembuyu/Documents/work/multivers/projects/DEF-DGI/components/node_modules/core-js/internals/string-trim-forced.js
<s> [webpack.Progress] 62% building 434/467 modules 33 active /Users/josuembuyu/Documents/work/multivers/projects/DEF-DGI/components/node_modules/core-js/internals/string-trim-forced.js
<s> [webpack.Progress] 62% building 435/467 modules 32 active /Users/josuembuyu/Documents/work/multivers/projects/DEF-DGI/components/node_modules/core-js/internals/string-trim-forced.js
<s> [webpack.Progress] 62% building 436/467 modules 31 active /Users/josuembuyu/Documents/work/multivers/projects/DEF-DGI/components/node_modules/core-js/internals/string-trim-forced.js
<s> [webpack.Progress] 62% building 437/467 modules 30 active /Users/josuembuyu/Documents/work/multivers/projects/DEF-DGI/components/node_modules/core-js/internals/string-trim-forced.js
<s> [webpack.Progress] 62% building 438/467 modules 29 active /Users/josuembuyu/Documents/work/multivers/projects/DEF-DGI/components/node_modules/core-js/internals/string-trim-forced.js
<s> [webpack.Progress] 62% building 438/468 modules 30 active /Users/josuembuyu/Documents/work/multivers/projects/DEF-DGI/components/node_modules/@storybook/store/dist/esm/csf/getValuesFromArgTypes.js
<s> [webpack.Progress] 62% building 439/468 modules 29 active /Users/josuembuyu/Documents/work/multivers/projects/DEF-DGI/components/node_modules/@storybook/store/dist/esm/csf/getValuesFromArgTypes.js
<s> [webpack.Progress] 62% building 440/468 modules 28 active /Users/josuembuyu/Documents/work/multivers/projects/DEF-DGI/components/node_modules/@storybook/store/dist/esm/csf/getValuesFromArgTypes.js
<s> [webpack.Progress] 62% building 440/469 modules 29 active /Users/josuembuyu/Documents/work/multivers/projects/DEF-DGI/components/node_modules/core-js/modules/es.number.is-nan.js
<s> [webpack.Progress] 62% building 440/470 modules 30 active /Users/josuembuyu/Documents/work/multivers/projects/DEF-DGI/components/node_modules/core-js/modules/es.array-buffer.constructor.js
<s> [webpack.Progress] 62% building 440/471 modules 31 active /Users/josuembuyu/Documents/work/multivers/projects/DEF-DGI/components/node_modules/core-js/modules/es.string.trim-end.js
<s> [webpack.Progress] 62% building 440/472 modules 32 active /Users/josuembuyu/Documents/work/multivers/projects/DEF-DGI/components/node_modules/core-js/modules/es.string.small.js
<s> [webpack.Progress] 62% building 440/473 modules 33 active /Users/josuembuyu/Documents/work/multivers/projects/DEF-DGI/components/node_modules/core-js/modules/esnext.global-this.js
<s> [webpack.Progress] 62% building 440/474 modules 34 active /Users/josuembuyu/Documents/work/multivers/projects/DEF-DGI/components/node_modules/core-js/modules/es.array.splice.js
<s> [webpack.Progress] 62% building 441/474 modules 33 active /Users/josuembuyu/Documents/work/multivers/projects/DEF-DGI/components/node_modules/core-js/modules/es.array.splice.js
<s> [webpack.Progress] 62% building 441/475 modules 34 active /Users/josuembuyu/Documents/work/multivers/projects/DEF-DGI/components/node_modules/core-js/modules/es.string.bold.js
<s> [webpack.Progress] 63% building 442/475 modules 33 active /Users/josuembuyu/Documents/work/multivers/projects/DEF-DGI/components/node_modules/core-js/modules/es.string.bold.js
<s> [webpack.Progress] 63% building 443/475 modules 32 active /Users/josuembuyu/Documents/work/multivers/projects/DEF-DGI/components/node_modules/core-js/modules/es.string.bold.js
<s> [webpack.Progress] 63% building 444/475 modules 31 active /Users/josuembuyu/Documents/work/multivers/projects/DEF-DGI/components/node_modules/core-js/modules/es.string.bold.js
<s> [webpack.Progress] 63% building 444/476 modules 32 active /Users/josuembuyu/Documents/work/multivers/projects/DEF-DGI/components/node_modules/core-js/modules/es.reflect.construct.js
<s> [webpack.Progress] 63% building 445/476 modules 31 active /Users/josuembuyu/Documents/work/multivers/projects/DEF-DGI/components/node_modules/core-js/modules/es.reflect.construct.js
<s> [webpack.Progress] 63% building 446/476 modules 30 active /Users/josuembuyu/Documents/work/multivers/projects/DEF-DGI/components/node_modules/core-js/modules/es.reflect.construct.js
<s> [webpack.Progress] 63% building 446/477 modules 31 active /Users/josuembuyu/Documents/work/multivers/projects/DEF-DGI/components/node_modules/array-includes/shim.js
<s> [webpack.Progress] 63% building 446/478 modules 32 active /Users/josuembuyu/Documents/work/multivers/projects/DEF-DGI/components/node_modules/@storybook/react/dist/esm/client/docs/typeScript/handleProp.js
<s> [webpack.Progress] 63% building 447/478 modules 31 active /Users/josuembuyu/Documents/work/multivers/projects/DEF-DGI/components/node_modules/@storybook/react/dist/esm/client/docs/typeScript/handleProp.js
<s> [webpack.Progress] 63% building 448/478 modules 30 active /Users/josuembuyu/Documents/work/multivers/projects/DEF-DGI/components/node_modules/@storybook/react/dist/esm/client/docs/typeScript/handleProp.js
<s> [webpack.Progress] 63% building 448/479 modules 31 active /Users/josuembuyu/Documents/work/multivers/projects/DEF-DGI/components/node_modules/@storybook/react/dist/esm/client/docs/propTypes/handleProp.js
<s> [webpack.Progress] 63% building 449/479 modules 30 active /Users/josuembuyu/Documents/work/multivers/projects/DEF-DGI/components/node_modules/@storybook/react/dist/esm/client/docs/propTypes/handleProp.js
<s> [webpack.Progress] 64% building 450/479 modules 29 active /Users/josuembuyu/Documents/work/multivers/projects/DEF-DGI/components/node_modules/@storybook/react/dist/esm/client/docs/propTypes/handleProp.js
<s> [webpack.Progress] 64% building 450/480 modules 30 active /Users/josuembuyu/Documents/work/multivers/projects/DEF-DGI/components/node_modules/uuid-browser/v4.js
<s> [webpack.Progress] 64% building 450/481 modules 31 active /Users/josuembuyu/Documents/work/multivers/projects/DEF-DGI/components/node_modules/lodash/_baseGetTag.js
<s> [webpack.Progress] 64% building 450/482 modules 32 active /Users/josuembuyu/Documents/work/multivers/projects/DEF-DGI/components/node_modules/lodash/_basePick.js
<s> [webpack.Progress] 64% building 450/483 modules 33 active /Users/josuembuyu/Documents/work/multivers/projects/DEF-DGI/components/node_modules/lodash/_baseAssignValue.js
<s> [webpack.Progress] 64% building 450/484 modules 34 active /Users/josuembuyu/Documents/work/multivers/projects/DEF-DGI/components/node_modules/lodash/_createCompounder.js
<s> [webpack.Progress] 64% building 450/485 modules 35 active /Users/josuembuyu/Documents/work/multivers/projects/DEF-DGI/components/node_modules/lodash/_arrayMap.js
<s> [webpack.Progress] 64% building 451/485 modules 34 active /Users/josuembuyu/Documents/work/multivers/projects/DEF-DGI/components/node_modules/lodash/_arrayMap.js
<s> [webpack.Progress] 64% building 451/486 modules 35 active /Users/josuembuyu/Documents/work/multivers/projects/DEF-DGI/components/node_modules/lodash/_baseIteratee.js
<s> [webpack.Progress] 64% building 452/486 modules 34 active /Users/josuembuyu/Documents/work/multivers/projects/DEF-DGI/components/node_modules/lodash/_baseIteratee.js
<s> [webpack.Progress] 64% building 453/486 modules 33 active /Users/josuembuyu/Documents/work/multivers/projects/DEF-DGI/components/node_modules/lodash/_baseIteratee.js
<s> [webpack.Progress] 64% building 454/486 modules 32 active /Users/josuembuyu/Documents/work/multivers/projects/DEF-DGI/components/node_modules/lodash/_baseIteratee.js
<s> [webpack.Progress] 64% building 455/486 modules 31 active /Users/josuembuyu/Documents/work/multivers/projects/DEF-DGI/components/node_modules/lodash/_baseIteratee.js
<s> [webpack.Progress] 64% building 456/486 modules 30 active /Users/josuembuyu/Documents/work/multivers/projects/DEF-DGI/components/node_modules/lodash/_baseIteratee.js
<s> [webpack.Progress] 64% building 457/486 modules 29 active /Users/josuembuyu/Documents/work/multivers/projects/DEF-DGI/components/node_modules/lodash/_baseIteratee.js
<s> [webpack.Progress] 64% building 457/487 modules 30 active /Users/josuembuyu/Documents/work/multivers/projects/DEF-DGI/components/node_modules/lodash/_baseForOwn.js
<s> [webpack.Progress] 64% building 458/487 modules 29 active /Users/josuembuyu/Documents/work/multivers/projects/DEF-DGI/components/node_modules/lodash/_baseForOwn.js
<s> [webpack.Progress] 65% building 459/487 modules 28 active /Users/josuembuyu/Documents/work/multivers/projects/DEF-DGI/components/node_modules/lodash/_baseForOwn.js
<s> [webpack.Progress] 65% building 460/487 modules 27 active /Users/josuembuyu/Documents/work/multivers/projects/DEF-DGI/components/node_modules/lodash/_baseForOwn.js
<s> [webpack.Progress] 65% building 460/488 modules 28 active /Users/josuembuyu/Documents/work/multivers/projects/DEF-DGI/components/node_modules/lodash/_flatRest.js
<s> [webpack.Progress] 65% building 460/489 modules 29 active /Users/josuembuyu/Documents/work/multivers/projects/DEF-DGI/components/node_modules/lodash/upperFirst.js
<s> [webpack.Progress] 65% building 460/490 modules 30 active /Users/josuembuyu/Documents/work/multivers/projects/DEF-DGI/components/node_modules/lodash/_getAllKeysIn.js
<s> [webpack.Progress] 65% building 461/490 modules 29 active /Users/josuembuyu/Documents/work/multivers/projects/DEF-DGI/components/node_modules/lodash/_getAllKeysIn.js
<s> [webpack.Progress] 65% building 462/490 modules 28 active /Users/josuembuyu/Documents/work/multivers/projects/DEF-DGI/components/node_modules/lodash/_getAllKeysIn.js
<s> [webpack.Progress] 65% building 462/491 modules 29 active /Users/josuembuyu/Documents/work/multivers/projects/DEF-DGI/components/node_modules/html-tags/index.js
<s> [webpack.Progress] 65% building 463/491 modules 28 active /Users/josuembuyu/Documents/work/multivers/projects/DEF-DGI/components/node_modules/html-tags/index.js
<s> [webpack.Progress] 65% building 463/492 modules 29 active /Users/josuembuyu/Documents/work/multivers/projects/DEF-DGI/components/node_modules/core-js/modules/es.regexp.flags.js
<s> [webpack.Progress] 65% building 463/493 modules 30 active /Users/josuembuyu/Documents/work/multivers/projects/DEF-DGI/components/node_modules/lodash/_basePickBy.js
<s> [webpack.Progress] 65% building 463/494 modules 31 active /Users/josuembuyu/Documents/work/multivers/projects/DEF-DGI/components/node_modules/lodash/isObjectLike.js
<s> [webpack.Progress] 65% building 463/495 modules 32 active /Users/josuembuyu/Documents/work/multivers/projects/DEF-DGI/components/node_modules/lodash/_getPrototype.js
<s> [webpack.Progress] 65% building 463/496 modules 33 active /Users/josuembuyu/Documents/work/multivers/projects/DEF-DGI/components/node_modules/function.prototype.name/polyfill.js
<s> [webpack.Progress] 65% building 464/496 modules 32 active /Users/josuembuyu/Documents/work/multivers/projects/DEF-DGI/components/node_modules/function.prototype.name/polyfill.js
<s> [webpack.Progress] 65% building 465/496 modules 31 active /Users/josuembuyu/Documents/work/multivers/projects/DEF-DGI/components/node_modules/function.prototype.name/polyfill.js
<s> [webpack.Progress] 65% building 466/496 modules 30 active /Users/josuembuyu/Documents/work/multivers/projects/DEF-DGI/components/node_modules/function.prototype.name/polyfill.js
<s> [webpack.Progress] 66% building 467/496 modules 29 active /Users/josuembuyu/Documents/work/multivers/projects/DEF-DGI/components/node_modules/function.prototype.name/polyfill.js
<s> [webpack.Progress] 66% building 468/496 modules 28 active /Users/josuembuyu/Documents/work/multivers/projects/DEF-DGI/components/node_modules/function.prototype.name/polyfill.js
<s> [webpack.Progress] 66% building 469/496 modules 27 active /Users/josuembuyu/Documents/work/multivers/projects/DEF-DGI/components/node_modules/function.prototype.name/polyfill.js
<s> [webpack.Progress] 66% building 470/496 modules 26 active /Users/josuembuyu/Documents/work/multivers/projects/DEF-DGI/components/node_modules/function.prototype.name/polyfill.js
<s> [webpack.Progress] 66% building 471/496 modules 25 active /Users/josuembuyu/Documents/work/multivers/projects/DEF-DGI/components/node_modules/function.prototype.name/polyfill.js
<s> [webpack.Progress] 66% building 471/497 modules 26 active /Users/josuembuyu/Documents/work/multivers/projects/DEF-DGI/components/node_modules/style-loader/dist/runtime/injectStylesIntoStyleTag.js
<s> [webpack.Progress] 66% building 472/497 modules 25 active /Users/josuembuyu/Documents/work/multivers/projects/DEF-DGI/components/node_modules/style-loader/dist/runtime/injectStylesIntoStyleTag.js
<s> [webpack.Progress] 66% building 473/497 modules 24 active /Users/josuembuyu/Documents/work/multivers/projects/DEF-DGI/components/node_modules/style-loader/dist/runtime/injectStylesIntoStyleTag.js
<s> [webpack.Progress] 66% building 474/497 modules 23 active /Users/josuembuyu/Documents/work/multivers/projects/DEF-DGI/components/node_modules/style-loader/dist/runtime/injectStylesIntoStyleTag.js
<s> [webpack.Progress] 66% building 474/498 modules 24 active /Users/josuembuyu/Documents/work/multivers/projects/DEF-DGI/components/node_modules/@storybook/docs-tools/dist/esm/argTypes/convert/index.js
<s> [webpack.Progress] 67% building 475/498 modules 23 active /Users/josuembuyu/Documents/work/multivers/projects/DEF-DGI/components/node_modules/@storybook/docs-tools/dist/esm/argTypes/convert/index.js
<s> [webpack.Progress] 67% building 476/498 modules 22 active /Users/josuembuyu/Documents/work/multivers/projects/DEF-DGI/components/node_modules/@storybook/docs-tools/dist/esm/argTypes/convert/index.js
<s> [webpack.Progress] 67% building 476/499 modules 23 active /Users/josuembuyu/Documents/work/multivers/projects/DEF-DGI/components/node_modules/core-js/modules/web.immediate.js
<s> [webpack.Progress] 67% building 477/499 modules 22 active /Users/josuembuyu/Documents/work/multivers/projects/DEF-DGI/components/node_modules/core-js/modules/web.immediate.js
<s> [webpack.Progress] 67% building 477/500 modules 23 active /Users/josuembuyu/Documents/work/multivers/projects/DEF-DGI/components/node_modules/core-js/modules/es.reflect.get.js
<s> [webpack.Progress] 67% building 477/501 modules 24 active /Users/josuembuyu/Documents/work/multivers/projects/DEF-DGI/components/node_modules/core-js/modules/es.string.anchor.js
<s> [webpack.Progress] 67% building 477/502 modules 25 active /Users/josuembuyu/Documents/work/multivers/projects/DEF-DGI/components/node_modules/core-js/modules/es.string.trim-start.js
<s> [webpack.Progress] 66% building 477/503 modules 26 active /Users/josuembuyu/Documents/work/multivers/projects/DEF-DGI/components/node_modules/core-js/modules/es.typed-array.float64-array.js
<s> [webpack.Progress] 66% building 477/504 modules 27 active /Users/josuembuyu/Documents/work/multivers/projects/DEF-DGI/components/node_modules/core-js/modules/es.typed-array.float32-array.js
<s> [webpack.Progress] 66% building 477/505 modules 28 active /Users/josuembuyu/Documents/work/multivers/projects/DEF-DGI/components/node_modules/core-js/modules/es.typed-array.uint16-array.js
<s> [webpack.Progress] 66% building 478/505 modules 27 active /Users/josuembuyu/Documents/work/multivers/projects/DEF-DGI/components/node_modules/core-js/modules/es.typed-array.uint16-array.js
<s> [webpack.Progress] 66% building 478/506 modules 28 active /Users/josuembuyu/Documents/work/multivers/projects/DEF-DGI/components/node_modules/es6-shim/es6-shim.js
<s> [webpack.Progress] 66% building 479/506 modules 27 active /Users/josuembuyu/Documents/work/multivers/projects/DEF-DGI/components/node_modules/es6-shim/es6-shim.js
<s> [webpack.Progress] 66% building 480/506 modules 26 active /Users/josuembuyu/Documents/work/multivers/projects/DEF-DGI/components/node_modules/es6-shim/es6-shim.js
<s> [webpack.Progress] 67% building 481/506 modules 25 active /Users/josuembuyu/Documents/work/multivers/projects/DEF-DGI/components/node_modules/es6-shim/es6-shim.js
<s> [webpack.Progress] 67% building 482/506 modules 24 active /Users/josuembuyu/Documents/work/multivers/projects/DEF-DGI/components/node_modules/es6-shim/es6-shim.js
<s> [webpack.Progress] 67% building 483/506 modules 23 active /Users/josuembuyu/Documents/work/multivers/projects/DEF-DGI/components/node_modules/es6-shim/es6-shim.js
<s> [webpack.Progress] 67% building 483/507 modules 24 active /Users/josuembuyu/Documents/work/multivers/projects/DEF-DGI/components/node_modules/stable/stable.js
<s> [webpack.Progress] 67% building 483/508 modules 25 active /Users/josuembuyu/Documents/work/multivers/projects/DEF-DGI/components/node_modules/fast-deep-equal/index.js

warn - The `purge`/`content` options have changed in Tailwind CSS v3.0.
warn - Update your configuration file to eliminate this warning.
warn - https://tailwindcss.com/docs/upgrade-guide#configure-content-sources
<s> [webpack.Progress] 67% building 484/508 modules 24 active /Users/josuembuyu/Documents/work/multivers/projects/DEF-DGI/components/node_modules/fast-deep-equal/index.js
<s> [webpack.Progress] 67% building 485/508 modules 23 active /Users/josuembuyu/Documents/work/multivers/projects/DEF-DGI/components/node_modules/fast-deep-equal/index.js
<s> [webpack.Progress] 67% building 485/509 modules 24 active /Users/josuembuyu/Documents/work/multivers/projects/DEF-DGI/components/node_modules/@storybook/store/dist/esm/csf/normalizeInputTypes.js
<s> [webpack.Progress] 67% building 486/509 modules 23 active /Users/josuembuyu/Documents/work/multivers/projects/DEF-DGI/components/node_modules/@storybook/store/dist/esm/csf/normalizeInputTypes.js
<s> [webpack.Progress] 67% building 487/509 modules 22 active /Users/josuembuyu/Documents/work/multivers/projects/DEF-DGI/components/node_modules/@storybook/store/dist/esm/csf/normalizeInputTypes.js
<s> [webpack.Progress] 67% building 488/509 modules 21 active /Users/josuembuyu/Documents/work/multivers/projects/DEF-DGI/components/node_modules/@storybook/store/dist/esm/csf/normalizeInputTypes.js
<s> [webpack.Progress] 67% building 489/509 modules 20 active /Users/josuembuyu/Documents/work/multivers/projects/DEF-DGI/components/node_modules/@storybook/store/dist/esm/csf/normalizeInputTypes.js
<s> [webpack.Progress] 67% building 489/510 modules 21 active /Users/josuembuyu/Documents/work/multivers/projects/DEF-DGI/components/node_modules/@storybook/csf/dist/SBType.js
<s> [webpack.Progress] 67% building 489/511 modules 22 active /Users/josuembuyu/Documents/work/multivers/projects/DEF-DGI/components/node_modules/lodash/isEqual.js
<s> [webpack.Progress] 67% building 490/511 modules 21 active /Users/josuembuyu/Documents/work/multivers/projects/DEF-DGI/components/node_modules/lodash/isEqual.js
<s> [webpack.Progress] 67% building 490/512 modules 22 active /Users/josuembuyu/Documents/work/multivers/projects/DEF-DGI/components/node_modules/core-js/actual/symbol/index.js
<s> [webpack.Progress] 67% building 491/512 modules 21 active /Users/josuembuyu/Documents/work/multivers/projects/DEF-DGI/components/node_modules/core-js/actual/symbol/index.js
<s> [webpack.Progress] 67% building 492/512 modules 20 active /Users/josuembuyu/Documents/work/multivers/projects/DEF-DGI/components/node_modules/core-js/actual/symbol/index.js
<s> [webpack.Progress] 67% building 492/513 modules 21 active /Users/josuembuyu/Documents/work/multivers/projects/DEF-DGI/components/node_modules/airbnb-js-shims/target/es2018.js
<s> [webpack.Progress] 67% building 492/514 modules 22 active /Users/josuembuyu/Documents/work/multivers/projects/DEF-DGI/components/node_modules/@storybook/store/dist/esm/csf/composeConfigs.js
<s> [webpack.Progress] 67% building 493/514 modules 21 active /Users/josuembuyu/Documents/work/multivers/projects/DEF-DGI/components/node_modules/@storybook/store/dist/esm/csf/composeConfigs.js
<s> [webpack.Progress] 67% building 494/514 modules 20 active /Users/josuembuyu/Documents/work/multivers/projects/DEF-DGI/components/node_modules/@storybook/store/dist/esm/csf/composeConfigs.js
<s> [webpack.Progress] 67% building 495/514 modules 19 active /Users/josuembuyu/Documents/work/multivers/projects/DEF-DGI/components/node_modules/@storybook/store/dist/esm/csf/composeConfigs.js
<s> [webpack.Progress] 67% building 496/514 modules 18 active /Users/josuembuyu/Documents/work/multivers/projects/DEF-DGI/components/node_modules/@storybook/store/dist/esm/csf/composeConfigs.js
<s> [webpack.Progress] 67% building 496/515 modules 19 active /Users/josuembuyu/Documents/work/multivers/projects/DEF-DGI/components/node_modules/object-assign/index.js
<s> [webpack.Progress] 67% building 497/515 modules 18 active /Users/josuembuyu/Documents/work/multivers/projects/DEF-DGI/components/node_modules/object-assign/index.js
<s> [webpack.Progress] 67% building 497/516 modules 19 active /Users/josuembuyu/Documents/work/multivers/projects/DEF-DGI/components/node_modules/memoizerific/memoizerific.js
<s> [webpack.Progress] 67% building 498/516 modules 18 active /Users/josuembuyu/Documents/work/multivers/projects/DEF-DGI/components/node_modules/memoizerific/memoizerific.js
<s> [webpack.Progress] 67% building 498/517 modules 19 active /Users/josuembuyu/Documents/work/multivers/projects/DEF-DGI/components/node_modules/babel-loader/lib/index.js??ref--5-0!/Users/josuembuyu/Documents/work/multivers/projects/DEF-DGI/components/node_modules/slash/index.js
<s> [webpack.Progress] 67% building 499/517 modules 18 active /Users/josuembuyu/Documents/work/multivers/projects/DEF-DGI/components/node_modules/babel-loader/lib/index.js??ref--5-0!/Users/josuembuyu/Documents/work/multivers/projects/DEF-DGI/components/node_modules/slash/index.js
<s> [webpack.Progress] 68% building 500/517 modules 17 active /Users/josuembuyu/Documents/work/multivers/projects/DEF-DGI/components/node_modules/babel-loader/lib/index.js??ref--5-0!/Users/josuembuyu/Documents/work/multivers/projects/DEF-DGI/components/node_modules/slash/index.js
<s> [webpack.Progress] 68% building 501/517 modules 16 active /Users/josuembuyu/Documents/work/multivers/projects/DEF-DGI/components/node_modules/babel-loader/lib/index.js??ref--5-0!/Users/josuembuyu/Documents/work/multivers/projects/DEF-DGI/components/node_modules/slash/index.js
<s> [webpack.Progress] 68% building 502/517 modules 15 active /Users/josuembuyu/Documents/work/multivers/projects/DEF-DGI/components/node_modules/babel-loader/lib/index.js??ref--5-0!/Users/josuembuyu/Documents/work/multivers/projects/DEF-DGI/components/node_modules/slash/index.js
<s> [webpack.Progress] 68% building 503/517 modules 14 active /Users/josuembuyu/Documents/work/multivers/projects/DEF-DGI/components/node_modules/babel-loader/lib/index.js??ref--5-0!/Users/josuembuyu/Documents/work/multivers/projects/DEF-DGI/components/node_modules/slash/index.js
<s> [webpack.Progress] 68% building 504/517 modules 13 active /Users/josuembuyu/Documents/work/multivers/projects/DEF-DGI/components/node_modules/babel-loader/lib/index.js??ref--5-0!/Users/josuembuyu/Documents/work/multivers/projects/DEF-DGI/components/node_modules/slash/index.js
<s> [webpack.Progress] 68% building 505/517 modules 12 active /Users/josuembuyu/Documents/work/multivers/projects/DEF-DGI/components/node_modules/babel-loader/lib/index.js??ref--5-0!/Users/josuembuyu/Documents/work/multivers/projects/DEF-DGI/components/node_modules/slash/index.js
<s> [webpack.Progress] 68% building 505/518 modules 13 active /Users/josuembuyu/Documents/work/multivers/projects/DEF-DGI/components/node_modules/timers-browserify/main.js
<s> [webpack.Progress] 68% building 505/519 modules 14 active /Users/josuembuyu/Documents/work/multivers/projects/DEF-DGI/components/node_modules/core-js/internals/validate-arguments-length.js
<s> [webpack.Progress] 68% building 505/520 modules 15 active /Users/josuembuyu/Documents/work/multivers/projects/DEF-DGI/components/node_modules/core-js/internals/engine-is-webos-webkit.js
<s> [webpack.Progress] 68% building 505/521 modules 16 active /Users/josuembuyu/Documents/work/multivers/projects/DEF-DGI/components/node_modules/core-js/internals/engine-is-ios.js
<s> [webpack.Progress] 68% building 506/521 modules 15 active /Users/josuembuyu/Documents/work/multivers/projects/DEF-DGI/components/node_modules/core-js/internals/engine-is-ios.js
<s> [webpack.Progress] 68% building 506/522 modules 16 active /Users/josuembuyu/Documents/work/multivers/projects/DEF-DGI/components/node_modules/html-tags/html-tags.json
<s> [webpack.Progress] 68% building 507/522 modules 15 active /Users/josuembuyu/Documents/work/multivers/projects/DEF-DGI/components/node_modules/html-tags/html-tags.json
<s> [webpack.Progress] 68% building 508/522 modules 14 active /Users/josuembuyu/Documents/work/multivers/projects/DEF-DGI/components/node_modules/html-tags/html-tags.json
<s> [webpack.Progress] 68% building 508/523 modules 15 active /Users/josuembuyu/Documents/work/multivers/projects/DEF-DGI/components/node_modules/core-js/internals/string-punycode-to-ascii.js
<s> [webpack.Progress] 68% building 509/523 modules 14 active /Users/josuembuyu/Documents/work/multivers/projects/DEF-DGI/components/node_modules/core-js/internals/string-punycode-to-ascii.js
<s> [webpack.Progress] 68% building 509/524 modules 15 active /Users/josuembuyu/Documents/work/multivers/projects/DEF-DGI/components/node_modules/core-js/internals/define-built-in-accessor.js
<s> [webpack.Progress] 68% building 509/525 modules 16 active /Users/josuembuyu/Documents/work/multivers/projects/DEF-DGI/components/node_modules/core-js/internals/native-url.js
<s> [webpack.Progress] 68% building 510/525 modules 15 active /Users/josuembuyu/Documents/work/multivers/projects/DEF-DGI/components/node_modules/core-js/internals/native-url.js
<s> [webpack.Progress] 68% building 511/525 modules 14 active /Users/josuembuyu/Documents/work/multivers/projects/DEF-DGI/components/node_modules/core-js/internals/native-url.js
<s> [webpack.Progress] 68% building 511/526 modules 15 active /Users/josuembuyu/Documents/work/multivers/projects/DEF-DGI/components/node_modules/core-js/internals/array-buffer.js
<s> [webpack.Progress] 68% building 511/527 modules 16 active /Users/josuembuyu/Documents/work/multivers/projects/DEF-DGI/components/node_modules/core-js/modules/es.string.trim-right.js
<s> [webpack.Progress] 68% building 511/528 modules 17 active /Users/josuembuyu/Documents/work/multivers/projects/DEF-DGI/components/node_modules/core-js/internals/string-html-forced.js
<s> [webpack.Progress] 67% building 511/529 modules 18 active /Users/josuembuyu/Documents/work/multivers/projects/DEF-DGI/components/node_modules/core-js/modules/es.global-this.js
<s> [webpack.Progress] 67% building 511/530 modules 19 active /Users/josuembuyu/Documents/work/multivers/projects/DEF-DGI/components/node_modules/core-js/internals/create-html.js
<s> [webpack.Progress] 67% building 512/530 modules 18 active /Users/josuembuyu/Documents/work/multivers/projects/DEF-DGI/components/node_modules/core-js/internals/create-html.js
<s> [webpack.Progress] 67% building 512/531 modules 19 active /Users/josuembuyu/Documents/work/multivers/projects/DEF-DGI/components/node_modules/prop-types/index.js
<s> [webpack.Progress] 67% building 513/531 modules 18 active /Users/josuembuyu/Documents/work/multivers/projects/DEF-DGI/components/node_modules/prop-types/index.js
<s> [webpack.Progress] 68% building 514/531 modules 17 active /Users/josuembuyu/Documents/work/multivers/projects/DEF-DGI/components/node_modules/prop-types/index.js
<s> [webpack.Progress] 67% building 514/532 modules 18 active /Users/josuembuyu/Documents/work/multivers/projects/DEF-DGI/components/node_modules/@mdx-js/react/dist/esm.js
<s> [webpack.Progress] 68% building 515/532 modules 17 active /Users/josuembuyu/Documents/work/multivers/projects/DEF-DGI/components/node_modules/@mdx-js/react/dist/esm.js
<s> [webpack.Progress] 67% building 515/533 modules 18 active /Users/josuembuyu/Documents/work/multivers/projects/DEF-DGI/components/node_modules/@storybook/docs-tools/dist/esm/argTypes/docgen/index.js
<s> [webpack.Progress] 67% building 515/534 modules 19 active /Users/josuembuyu/Documents/work/multivers/projects/DEF-DGI/components/node_modules/array-includes/polyfill.js
<s> [webpack.Progress] 67% building 515/535 modules 20 active /Users/josuembuyu/Documents/work/multivers/projects/DEF-DGI/components/node_modules/object.values/shim.js
<s> [webpack.Progress] 67% building 515/536 modules 21 active /Users/josuembuyu/Documents/work/multivers/projects/DEF-DGI/components/node_modules/object.getownpropertydescriptors/shim.js
<s> [webpack.Progress] 67% building 515/537 modules 22 active /Users/josuembuyu/Documents/work/multivers/projects/DEF-DGI/components/node_modules/string.prototype.padend/shim.js
<s> [webpack.Progress] 67% building 515/538 modules 23 active /Users/josuembuyu/Documents/work/multivers/projects/DEF-DGI/components/node_modules/string.prototype.padstart/shim.js
<s> [webpack.Progress] 67% building 515/539 modules 24 active /Users/josuembuyu/Documents/work/multivers/projects/DEF-DGI/components/node_modules/object.entries/shim.js
<s> [webpack.Progress] 67% building 516/539 modules 23 active /Users/josuembuyu/Documents/work/multivers/projects/DEF-DGI/components/node_modules/object.entries/shim.js
<s> [webpack.Progress] 67% building 516/540 modules 24 active /Users/josuembuyu/Documents/work/multivers/projects/DEF-DGI/components/node_modules/lodash/_Symbol.js
<s> [webpack.Progress] 67% building 516/541 modules 25 active /Users/josuembuyu/Documents/work/multivers/projects/DEF-DGI/components/node_modules/lodash/hasIn.js
<s> [webpack.Progress] 67% building 516/542 modules 26 active /Users/josuembuyu/Documents/work/multivers/projects/DEF-DGI/components/node_modules/lodash/_defineProperty.js
<s> [webpack.Progress] 67% building 516/543 modules 27 active /Users/josuembuyu/Documents/work/multivers/projects/DEF-DGI/components/node_modules/lodash/_arrayReduce.js
<s> [webpack.Progress] 66% building 516/544 modules 28 active /Users/josuembuyu/Documents/work/multivers/projects/DEF-DGI/components/node_modules/lodash/words.js
<s> [webpack.Progress] 66% building 516/545 modules 29 active /Users/josuembuyu/Documents/work/multivers/projects/DEF-DGI/components/node_modules/lodash/deburr.js
<s> [webpack.Progress] 66% building 516/546 modules 30 active /Users/josuembuyu/Documents/work/multivers/projects/DEF-DGI/components/node_modules/lodash/_baseMatches.js
<s> [webpack.Progress] 66% building 516/547 modules 31 active /Users/josuembuyu/Documents/work/multivers/projects/DEF-DGI/components/node_modules/css-loader/dist/runtime/api.js
<s> [webpack.Progress] 66% building 517/547 modules 30 active /Users/josuembuyu/Documents/work/multivers/projects/DEF-DGI/components/node_modules/css-loader/dist/runtime/api.js
<s> [webpack.Progress] 66% building 517/548 modules 31 active /Users/josuembuyu/Documents/work/multivers/projects/DEF-DGI/components/node_modules/lodash/_baseFor.js
<s> [webpack.Progress] 66% building 518/548 modules 30 active /Users/josuembuyu/Documents/work/multivers/projects/DEF-DGI/components/node_modules/lodash/_baseFor.js
<s> [webpack.Progress] 66% building 519/548 modules 29 active /Users/josuembuyu/Documents/work/multivers/projects/DEF-DGI/components/node_modules/lodash/_baseFor.js
<s> [webpack.Progress] 66% building 519/549 modules 30 active /Users/josuembuyu/Documents/work/multivers/projects/DEF-DGI/components/node_modules/lodash/flatten.js
<s> [webpack.Progress] 66% building 519/550 modules 31 active /Users/josuembuyu/Documents/work/multivers/projects/DEF-DGI/components/node_modules/lodash/_createCaseFirst.js
<s> [webpack.Progress] 66% building 519/551 modules 32 active /Users/josuembuyu/Documents/work/multivers/projects/DEF-DGI/components/node_modules/lodash/_baseGetAllKeys.js
<s> [webpack.Progress] 66% building 520/551 modules 31 active /Users/josuembuyu/Documents/work/multivers/projects/DEF-DGI/components/node_modules/lodash/_baseGetAllKeys.js
<s> [webpack.Progress] 66% building 521/551 modules 30 active /Users/josuembuyu/Documents/work/multivers/projects/DEF-DGI/components/node_modules/lodash/_baseGetAllKeys.js
<s> [webpack.Progress] 66% building 521/552 modules 31 active /Users/josuembuyu/Documents/work/multivers/projects/DEF-DGI/components/node_modules/side-channel/index.js
<s> [webpack.Progress] 66% building 522/552 modules 30 active /Users/josuembuyu/Documents/work/multivers/projects/DEF-DGI/components/node_modules/side-channel/index.js
<s> [webpack.Progress] 66% building 522/553 modules 31 active /Users/josuembuyu/Documents/work/multivers/projects/DEF-DGI/components/node_modules/escodegen/package.json
<s> [webpack.Progress] 66% building 523/553 modules 30 active /Users/josuembuyu/Documents/work/multivers/projects/DEF-DGI/components/node_modules/side-channel/index.js
<s> [webpack.Progress] 66% building 523/554 modules 31 active /Users/josuembuyu/Documents/work/multivers/projects/DEF-DGI/components/node_modules/core-js/modules/es.symbol.async-iterator.js
<s> [webpack.Progress] 66% building 523/555 modules 32 active /Users/josuembuyu/Documents/work/multivers/projects/DEF-DGI/components/node_modules/core-js/modules/es.typed-array.to-string.js
<s> [webpack.Progress] 66% building 523/556 modules 33 active /Users/josuembuyu/Documents/work/multivers/projects/DEF-DGI/components/node_modules/core-js/modules/es.typed-array.to-locale-string.js
<s> [webpack.Progress] 66% building 523/557 modules 34 active /Users/josuembuyu/Documents/work/multivers/projects/DEF-DGI/components/node_modules/@storybook/core-client/dist/esm/index.js
<s> [webpack.Progress] 66% building 523/558 modules 35 active /Users/josuembuyu/Documents/work/multivers/projects/DEF-DGI/components/node_modules/lodash/_baseGet.js
<s> [webpack.Progress] 66% building 523/559 modules 36 active /Users/josuembuyu/Documents/work/multivers/projects/DEF-DGI/components/node_modules/lodash/_castPath.js
<s> [webpack.Progress] 66% building 523/560 modules 37 active /Users/josuembuyu/Documents/work/multivers/projects/DEF-DGI/components/node_modules/lodash/_overArg.js
<s> [webpack.Progress] 66% building 524/560 modules 36 active /Users/josuembuyu/Documents/work/multivers/projects/DEF-DGI/components/node_modules/lodash/_overArg.js
<s> [webpack.Progress] 66% building 525/560 modules 35 active /Users/josuembuyu/Documents/work/multivers/projects/DEF-DGI/components/node_modules/lodash/_overArg.js
<s> [webpack.Progress] 66% building 525/561 modules 36 active /Users/josuembuyu/Documents/work/multivers/projects/DEF-DGI/components/node_modules/core-js/modules/es.typed-array.subarray.js
<s> [webpack.Progress] 66% building 525/562 modules 37 active /Users/josuembuyu/Documents/work/multivers/projects/DEF-DGI/components/node_modules/uuid-browser/lib/rng-browser.js
<s> [webpack.Progress] 65% building 525/563 modules 38 active /Users/josuembuyu/Documents/work/multivers/projects/DEF-DGI/components/node_modules/core-js/modules/es.typed-array.sort.js
<s> [webpack.Progress] 65% building 525/564 modules 39 active /Users/josuembuyu/Documents/work/multivers/projects/DEF-DGI/components/node_modules/core-js/modules/es.typed-array.some.js
<s> [webpack.Progress] 65% building 525/565 modules 40 active /Users/josuembuyu/Documents/work/multivers/projects/DEF-DGI/components/node_modules/lodash/_baseSet.js
<s> [webpack.Progress] 65% building 525/566 modules 41 active /Users/josuembuyu/Documents/work/multivers/projects/DEF-DGI/components/node_modules/function.prototype.name/implementation.js
<s> [webpack.Progress] 65% building 526/566 modules 40 active /Users/josuembuyu/Documents/work/multivers/projects/DEF-DGI/components/node_modules/function.prototype.name/implementation.js
<s> [webpack.Progress] 65% building 527/566 modules 39 active /Users/josuembuyu/Documents/work/multivers/projects/DEF-DGI/components/node_modules/function.prototype.name/implementation.js
<s> [webpack.Progress] 65% building 528/566 modules 38 active /Users/josuembuyu/Documents/work/multivers/projects/DEF-DGI/components/node_modules/function.prototype.name/implementation.js
<s> [webpack.Progress] 66% building 529/566 modules 37 active /Users/josuembuyu/Documents/work/multivers/projects/DEF-DGI/components/node_modules/function.prototype.name/implementation.js
<s> [webpack.Progress] 66% building 530/566 modules 36 active /Users/josuembuyu/Documents/work/multivers/projects/DEF-DGI/components/node_modules/function.prototype.name/implementation.js
<s> [webpack.Progress] 66% building 530/567 modules 37 active /Users/josuembuyu/Documents/work/multivers/projects/DEF-DGI/components/node_modules/lodash/keysIn.js
<s> [webpack.Progress] 66% building 531/567 modules 36 active /Users/josuembuyu/Documents/work/multivers/projects/DEF-DGI/components/node_modules/lodash/keysIn.js
<s> [webpack.Progress] 66% building 531/568 modules 37 active /Users/josuembuyu/Documents/work/multivers/projects/DEF-DGI/components/node_modules/lodash/_getSymbolsIn.js
<s> [webpack.Progress] 65% building 531/569 modules 38 active /Users/josuembuyu/Documents/work/multivers/projects/DEF-DGI/components/node_modules/core-js/modules/es.typed-array.slice.js
<s> [webpack.Progress] 65% building 531/570 modules 39 active /Users/josuembuyu/Documents/work/multivers/projects/DEF-DGI/components/node_modules/lodash/_setToString.js
<s> [webpack.Progress] 65% building 531/571 modules 40 active /Users/josuembuyu/Documents/work/multivers/projects/DEF-DGI/components/node_modules/lodash/keys.js
<s> [webpack.Progress] 65% building 531/572 modules 41 active /Users/josuembuyu/Documents/work/multivers/projects/DEF-DGI/components/node_modules/lodash/_overRest.js
<s> [webpack.Progress] 65% building 531/573 modules 42 active /Users/josuembuyu/Documents/work/multivers/projects/DEF-DGI/components/node_modules/lodash/property.js
<s> [webpack.Progress] 65% building 531/574 modules 43 active /Users/josuembuyu/Documents/work/multivers/projects/DEF-DGI/components/node_modules/lodash/isArray.js
<s> [webpack.Progress] 65% building 531/575 modules 44 active /Users/josuembuyu/Documents/work/multivers/projects/DEF-DGI/components/node_modules/lodash/identity.js
<s> [webpack.Progress] 65% building 532/575 modules 43 active /Users/josuembuyu/Documents/work/multivers/projects/DEF-DGI/components/node_modules/lodash/identity.js
<s> [webpack.Progress] 65% building 533/575 modules 42 active /Users/josuembuyu/Documents/work/multivers/projects/DEF-DGI/components/node_modules/lodash/identity.js
<s> [webpack.Progress] 65% building 534/575 modules 41 active /Users/josuembuyu/Documents/work/multivers/projects/DEF-DGI/components/node_modules/lodash/identity.js
<s> [webpack.Progress] 65% building 535/575 modules 40 active /Users/josuembuyu/Documents/work/multivers/projects/DEF-DGI/components/node_modules/lodash/identity.js
<s> [webpack.Progress] 65% building 535/576 modules 41 active /Users/josuembuyu/Documents/work/multivers/projects/DEF-DGI/components/node_modules/core-js/modules/web.clear-immediate.js
<s> [webpack.Progress] 65% building 536/576 modules 40 active /Users/josuembuyu/Documents/work/multivers/projects/DEF-DGI/components/node_modules/core-js/modules/web.clear-immediate.js
<s> [webpack.Progress] 65% building 536/577 modules 41 active /Users/josuembuyu/Documents/work/multivers/projects/DEF-DGI/components/node_modules/core-js/internals/is-data-descriptor.js
<s> [webpack.Progress] 65% building 536/578 modules 42 active /Users/josuembuyu/Documents/work/multivers/projects/DEF-DGI/components/node_modules/core-js/internals/typed-array-constructor.js
<s> [webpack.Progress] 65% building 536/579 modules 43 active /Users/josuembuyu/Documents/work/multivers/projects/DEF-DGI/components/node_modules/core-js/modules/es.string.trim-left.js
<s> [webpack.Progress] 65% building 537/579 modules 42 active /Users/josuembuyu/Documents/work/multivers/projects/DEF-DGI/components/node_modules/core-js/modules/es.string.trim-left.js
<s> [webpack.Progress] 65% building 538/579 modules 41 active /Users/josuembuyu/Documents/work/multivers/projects/DEF-DGI/components/node_modules/core-js/modules/es.string.trim-left.js
<s> [webpack.Progress] 65% building 538/580 modules 42 active /Users/josuembuyu/Documents/work/multivers/projects/DEF-DGI/components/node_modules/core-js/modules/es.typed-array.set.js
<s> [webpack.Progress] 65% building 538/581 modules 43 active /Users/josuembuyu/Documents/work/multivers/projects/DEF-DGI/components/node_modules/core-js/internals/string-trim-start.js
<s> [webpack.Progress] 65% building 538/582 modules 44 active /Users/josuembuyu/Documents/work/multivers/projects/DEF-DGI/components/node_modules/core-js/modules/es.typed-array.reverse.js
<s> [webpack.Progress] 65% building 539/582 modules 43 active /Users/josuembuyu/Documents/work/multivers/projects/DEF-DGI/components/node_modules/core-js/modules/es.typed-array.reverse.js
<s> [webpack.Progress] 65% building 539/583 modules 44 active /Users/josuembuyu/Documents/work/multivers/projects/DEF-DGI/components/node_modules/core-js/modules/es.typed-array.reduce-right.js
<s> [webpack.Progress] 65% building 539/584 modules 45 active /Users/josuembuyu/Documents/work/multivers/projects/DEF-DGI/components/node_modules/react-syntax-highlighter/dist/esm/prism-light.js
<s> [webpack.Progress] 65% building 539/585 modules 46 active /Users/josuembuyu/Documents/work/multivers/projects/DEF-DGI/components/node_modules/react-syntax-highlighter/dist/esm/languages/prism/typescript.js
<s> [webpack.Progress] 65% building 540/585 modules 45 active /Users/josuembuyu/Documents/work/multivers/projects/DEF-DGI/components/node_modules/react-syntax-highlighter/dist/esm/languages/prism/typescript.js
<s> [webpack.Progress] 65% building 541/585 modules 44 active /Users/josuembuyu/Documents/work/multivers/projects/DEF-DGI/components/node_modules/react-syntax-highlighter/dist/esm/languages/prism/typescript.js
<s> [webpack.Progress] 65% building 542/585 modules 43 active /Users/josuembuyu/Documents/work/multivers/projects/DEF-DGI/components/node_modules/react-syntax-highlighter/dist/esm/languages/prism/typescript.js
<s> [webpack.Progress] 65% building 543/585 modules 42 active /Users/josuembuyu/Documents/work/multivers/projects/DEF-DGI/components/node_modules/react-syntax-highlighter/dist/esm/languages/prism/typescript.js
<s> [webpack.Progress] 65% building 544/585 modules 41 active /Users/josuembuyu/Documents/work/multivers/projects/DEF-DGI/components/node_modules/react-syntax-highlighter/dist/esm/languages/prism/typescript.js
<s> [webpack.Progress] 65% building 544/586 modules 42 active /Users/josuembuyu/Documents/work/multivers/projects/DEF-DGI/components/node_modules/core-js/modules/web.set-immediate.js
<s> [webpack.Progress] 65% building 545/586 modules 41 active /Users/josuembuyu/Documents/work/multivers/projects/DEF-DGI/components/node_modules/core-js/modules/web.set-immediate.js
<s> [webpack.Progress] 65% building 545/587 modules 42 active /Users/josuembuyu/Documents/work/multivers/projects/DEF-DGI/components/node_modules/core-js/modules/es.typed-array.reduce.js
<s> [webpack.Progress] 65% building 545/588 modules 43 active /Users/josuembuyu/Documents/work/multivers/projects/DEF-DGI/components/node_modules/core-js/modules/es.typed-array.map.js
<s> [webpack.Progress] 65% building 545/589 modules 44 active /Users/josuembuyu/Documents/work/multivers/projects/DEF-DGI/components/node_modules/core-js/modules/es.typed-array.last-index-of.js
<s> [webpack.Progress] 65% building 546/589 modules 43 active /Users/josuembuyu/Documents/work/multivers/projects/DEF-DGI/components/node_modules/core-js/modules/es.typed-array.last-index-of.js
<s> [webpack.Progress] 65% building 547/589 modules 42 active /Users/josuembuyu/Documents/work/multivers/projects/DEF-DGI/components/node_modules/core-js/modules/es.typed-array.last-index-of.js
<s> [webpack.Progress] 65% building 548/589 modules 41 active /Users/josuembuyu/Documents/work/multivers/projects/DEF-DGI/components/node_modules/core-js/modules/es.typed-array.last-index-of.js
<s> [webpack.Progress] 65% building 549/589 modules 40 active /Users/josuembuyu/Documents/work/multivers/projects/DEF-DGI/components/node_modules/core-js/modules/es.typed-array.last-index-of.js
<s> [webpack.Progress] 66% building 550/589 modules 39 active /Users/josuembuyu/Documents/work/multivers/projects/DEF-DGI/components/node_modules/core-js/modules/es.typed-array.last-index-of.js
<s> [webpack.Progress] 66% building 551/589 modules 38 active /Users/josuembuyu/Documents/work/multivers/projects/DEF-DGI/components/node_modules/core-js/modules/es.typed-array.last-index-of.js
<s> [webpack.Progress] 66% building 552/589 modules 37 active /Users/josuembuyu/Documents/work/multivers/projects/DEF-DGI/components/node_modules/core-js/modules/es.typed-array.last-index-of.js
<s> [webpack.Progress] 66% building 552/590 modules 38 active /Users/josuembuyu/Documents/work/multivers/projects/DEF-DGI/components/node_modules/core-js/modules/es.typed-array.join.js
<s> [webpack.Progress] 66% building 552/591 modules 39 active /Users/josuembuyu/Documents/work/multivers/projects/DEF-DGI/components/node_modules/lodash/_baseMatchesProperty.js
<s> [webpack.Progress] 65% building 552/592 modules 40 active /Users/josuembuyu/Documents/work/multivers/projects/DEF-DGI/components/node_modules/core-js/modules/es.typed-array.iterator.js
<s> [webpack.Progress] 65% building 552/593 modules 41 active /Users/josuembuyu/Documents/work/multivers/projects/DEF-DGI/components/node_modules/lodash/_objectToString.js
<s> [webpack.Progress] 65% building 552/594 modules 42 active /Users/josuembuyu/Documents/work/multivers/projects/DEF-DGI/components/node_modules/process/browser.js
<s> [webpack.Progress] 65% building 552/595 modules 43 active /Users/josuembuyu/Documents/work/multivers/projects/DEF-DGI/components/node_modules/lodash/_baseIsEqual.js
<s> [webpack.Progress] 65% building 553/595 modules 42 active /Users/josuembuyu/Documents/work/multivers/projects/DEF-DGI/components/node_modules/lodash/_baseIsEqual.js
<s> [webpack.Progress] 65% building 553/596 modules 43 active /Users/josuembuyu/Documents/work/multivers/projects/DEF-DGI/components/node_modules/lodash/_getRawTag.js
<s> [webpack.Progress] 65% building 553/597 modules 44 active /Users/josuembuyu/Documents/work/multivers/projects/DEF-DGI/components/node_modules/uuid-browser/lib/bytesToUuid.js
<s> [webpack.Progress] 65% building 553/598 modules 45 active /Users/josuembuyu/Documents/work/multivers/projects/DEF-DGI/components/node_modules/core-js/modules/es.typed-array.index-of.js
<s> [webpack.Progress] 65% building 553/599 modules 46 active /Users/josuembuyu/Documents/work/multivers/projects/DEF-DGI/components/node_modules/@storybook/react/dist/esm/client/docs/propTypes/rawDefaultPropResolvers.js
<s> [webpack.Progress] 65% building 553/600 modules 47 active /Users/josuembuyu/Documents/work/multivers/projects/DEF-DGI/components/node_modules/@storybook/react/dist/esm/client/docs/propTypes/sortProps.js
<s> [webpack.Progress] 65% building 553/601 modules 48 active /Users/josuembuyu/Documents/work/multivers/projects/DEF-DGI/components/node_modules/core-js/internals/string-trim-end.js
<s> [webpack.Progress] 65% building 553/602 modules 49 active /Users/josuembuyu/Documents/work/multivers/projects/DEF-DGI/components/node_modules/@storybook/react/dist/esm/client/docs/propTypes/createType.js
<s> [webpack.Progress] 65% building 553/603 modules 50 active /Users/josuembuyu/Documents/work/multivers/projects/DEF-DGI/components/node_modules/core-js/internals/engine-is-ios-pebble.js
<s> [webpack.Progress] 65% building 554/603 modules 49 active /Users/josuembuyu/Documents/work/multivers/projects/DEF-DGI/components/node_modules/core-js/internals/engine-is-ios-pebble.js
<s> [webpack.Progress] 65% building 555/603 modules 48 active /Users/josuembuyu/Documents/work/multivers/projects/DEF-DGI/components/node_modules/core-js/internals/engine-is-ios-pebble.js
<s> [webpack.Progress] 65% building 556/603 modules 47 active /Users/josuembuyu/Documents/work/multivers/projects/DEF-DGI/components/node_modules/core-js/internals/engine-is-ios-pebble.js
<s> [webpack.Progress] 65% building 556/604 modules 48 active /Users/josuembuyu/Documents/work/multivers/projects/DEF-DGI/components/node_modules/define-properties/index.js
<s> [webpack.Progress] 65% building 557/604 modules 47 active /Users/josuembuyu/Documents/work/multivers/projects/DEF-DGI/components/node_modules/define-properties/index.js
<s> [webpack.Progress] 65% building 557/605 modules 48 active /Users/josuembuyu/Documents/work/multivers/projects/DEF-DGI/components/node_modules/airbnb-js-shims/target/es2019.js
<s> [webpack.Progress] 65% building 558/605 modules 47 active /Users/josuembuyu/Documents/work/multivers/projects/DEF-DGI/components/node_modules/airbnb-js-shims/target/es2019.js
<s> [webpack.Progress] 65% building 559/605 modules 46 active /Users/josuembuyu/Documents/work/multivers/projects/DEF-DGI/components/node_modules/airbnb-js-shims/target/es2019.js
<s> [webpack.Progress] 65% building 560/605 modules 45 active /Users/josuembuyu/Documents/work/multivers/projects/DEF-DGI/components/node_modules/airbnb-js-shims/target/es2019.js
<s> [webpack.Progress] 65% building 561/605 modules 44 active /Users/josuembuyu/Documents/work/multivers/projects/DEF-DGI/components/node_modules/airbnb-js-shims/target/es2019.js
<s> [webpack.Progress] 65% building 562/605 modules 43 active /Users/josuembuyu/Documents/work/multivers/projects/DEF-DGI/components/node_modules/airbnb-js-shims/target/es2019.js
<s> [webpack.Progress] 65% building 563/605 modules 42 active /Users/josuembuyu/Documents/work/multivers/projects/DEF-DGI/components/node_modules/airbnb-js-shims/target/es2019.js
<s> [webpack.Progress] 65% building 564/605 modules 41 active /Users/josuembuyu/Documents/work/multivers/projects/DEF-DGI/components/node_modules/airbnb-js-shims/target/es2019.js
<s> [webpack.Progress] 66% building 565/605 modules 40 active /Users/josuembuyu/Documents/work/multivers/projects/DEF-DGI/components/node_modules/airbnb-js-shims/target/es2019.js
<s> [webpack.Progress] 65% building 565/606 modules 41 active /Users/josuembuyu/Documents/work/multivers/projects/DEF-DGI/components/node_modules/core-js/modules/es.typed-array.includes.js
<s> [webpack.Progress] 66% building 566/606 modules 40 active /Users/josuembuyu/Documents/work/multivers/projects/DEF-DGI/components/node_modules/core-js/modules/es.typed-array.includes.js
<s> [webpack.Progress] 65% building 566/607 modules 41 active /Users/josuembuyu/Documents/work/multivers/projects/DEF-DGI/components/node_modules/file-loader/dist/cjs.js??ref--12!/Users/josuembuyu/Documents/work/multivers/projects/DEF-DGI/components/src/public/images/logo.svg
<s> [webpack.Progress] 66% building 567/607 modules 40 active /Users/josuembuyu/Documents/work/multivers/projects/DEF-DGI/components/node_modules/file-loader/dist/cjs.js??ref--12!/Users/josuembuyu/Documents/work/multivers/projects/DEF-DGI/components/src/public/images/logo.svg
<s> [webpack.Progress] 66% building 568/607 modules 39 active /Users/josuembuyu/Documents/work/multivers/projects/DEF-DGI/components/node_modules/file-loader/dist/cjs.js??ref--12!/Users/josuembuyu/Documents/work/multivers/projects/DEF-DGI/components/src/public/images/logo.svg
<s> [webpack.Progress] 66% building 569/607 modules 38 active /Users/josuembuyu/Documents/work/multivers/projects/DEF-DGI/components/node_modules/file-loader/dist/cjs.js??ref--12!/Users/josuembuyu/Documents/work/multivers/projects/DEF-DGI/components/src/public/images/logo.svg
<s> [webpack.Progress] 66% building 570/607 modules 37 active /Users/josuembuyu/Documents/work/multivers/projects/DEF-DGI/components/node_modules/file-loader/dist/cjs.js??ref--12!/Users/josuembuyu/Documents/work/multivers/projects/DEF-DGI/components/src/public/images/logo.svg
<s> [webpack.Progress] 66% building 571/607 modules 36 active /Users/josuembuyu/Documents/work/multivers/projects/DEF-DGI/components/node_modules/file-loader/dist/cjs.js??ref--12!/Users/josuembuyu/Documents/work/multivers/projects/DEF-DGI/components/src/public/images/logo.svg
<s> [webpack.Progress] 66% building 572/607 modules 35 active /Users/josuembuyu/Documents/work/multivers/projects/DEF-DGI/components/node_modules/file-loader/dist/cjs.js??ref--12!/Users/josuembuyu/Documents/work/multivers/projects/DEF-DGI/components/src/public/images/logo.svg
<s> [webpack.Progress] 66% building 573/607 modules 34 active /Users/josuembuyu/Documents/work/multivers/projects/DEF-DGI/components/node_modules/file-loader/dist/cjs.js??ref--12!/Users/josuembuyu/Documents/work/multivers/projects/DEF-DGI/components/src/public/images/logo.svg
<s> [webpack.Progress] 66% building 574/607 modules 33 active /Users/josuembuyu/Documents/work/multivers/projects/DEF-DGI/components/node_modules/file-loader/dist/cjs.js??ref--12!/Users/josuembuyu/Documents/work/multivers/projects/DEF-DGI/components/src/public/images/logo.svg
<s> [webpack.Progress] 66% building 575/607 modules 32 active /Users/josuembuyu/Documents/work/multivers/projects/DEF-DGI/components/node_modules/file-loader/dist/cjs.js??ref--12!/Users/josuembuyu/Documents/work/multivers/projects/DEF-DGI/components/src/public/images/logo.svg
<s> [webpack.Progress] 66% building 576/607 modules 31 active /Users/josuembuyu/Documents/work/multivers/projects/DEF-DGI/components/node_modules/file-loader/dist/cjs.js??ref--12!/Users/josuembuyu/Documents/work/multivers/projects/DEF-DGI/components/src/public/images/logo.svg
<s> [webpack.Progress] 67% building 577/607 modules 30 active /Users/josuembuyu/Documents/work/multivers/projects/DEF-DGI/components/node_modules/file-loader/dist/cjs.js??ref--12!/Users/josuembuyu/Documents/work/multivers/projects/DEF-DGI/components/src/public/images/logo.svg
<s> [webpack.Progress] 67% building 578/607 modules 29 active /Users/josuembuyu/Documents/work/multivers/projects/DEF-DGI/components/node_modules/file-loader/dist/cjs.js??ref--12!/Users/josuembuyu/Documents/work/multivers/projects/DEF-DGI/components/src/public/images/logo.svg
<s> [webpack.Progress] 67% building 579/607 modules 28 active /Users/josuembuyu/Documents/work/multivers/projects/DEF-DGI/components/node_modules/file-loader/dist/cjs.js??ref--12!/Users/josuembuyu/Documents/work/multivers/projects/DEF-DGI/components/src/public/images/logo.svg
<s> [webpack.Progress] 67% building 580/607 modules 27 active /Users/josuembuyu/Documents/work/multivers/projects/DEF-DGI/components/node_modules/file-loader/dist/cjs.js??ref--12!/Users/josuembuyu/Documents/work/multivers/projects/DEF-DGI/components/src/public/images/logo.svg
<s> [webpack.Progress] 67% building 581/607 modules 26 active /Users/josuembuyu/Documents/work/multivers/projects/DEF-DGI/components/node_modules/file-loader/dist/cjs.js??ref--12!/Users/josuembuyu/Documents/work/multivers/projects/DEF-DGI/components/src/public/images/logo.svg
<s> [webpack.Progress] 67% building 582/607 modules 25 active /Users/josuembuyu/Documents/work/multivers/projects/DEF-DGI/components/node_modules/file-loader/dist/cjs.js??ref--12!/Users/josuembuyu/Documents/work/multivers/projects/DEF-DGI/components/src/public/images/logo.svg
<s> [webpack.Progress] 67% building 583/607 modules 24 active /Users/josuembuyu/Documents/work/multivers/projects/DEF-DGI/components/node_modules/file-loader/dist/cjs.js??ref--12!/Users/josuembuyu/Documents/work/multivers/projects/DEF-DGI/components/src/public/images/logo.svg
<s> [webpack.Progress] 67% building 583/608 modules 25 active /Users/josuembuyu/Documents/work/multivers/projects/DEF-DGI/components/node_modules/functions-have-names/index.js
<s> [webpack.Progress] 67% building 584/608 modules 24 active /Users/josuembuyu/Documents/work/multivers/projects/DEF-DGI/components/node_modules/functions-have-names/index.js
<s> [webpack.Progress] 67% building 585/608 modules 23 active /Users/josuembuyu/Documents/work/multivers/projects/DEF-DGI/components/node_modules/functions-have-names/index.js
<s> [webpack.Progress] 67% building 586/608 modules 22 active /Users/josuembuyu/Documents/work/multivers/projects/DEF-DGI/components/node_modules/functions-have-names/index.js
<s> [webpack.Progress] 67% building 587/608 modules 21 active /Users/josuembuyu/Documents/work/multivers/projects/DEF-DGI/components/node_modules/functions-have-names/index.js
<s> [webpack.Progress] 68% building 588/608 modules 20 active /Users/josuembuyu/Documents/work/multivers/projects/DEF-DGI/components/node_modules/functions-have-names/index.js
<s> [webpack.Progress] 68% building 589/608 modules 19 active /Users/josuembuyu/Documents/work/multivers/projects/DEF-DGI/components/node_modules/functions-have-names/index.js
<s> [webpack.Progress] 68% building 590/608 modules 18 active /Users/josuembuyu/Documents/work/multivers/projects/DEF-DGI/components/node_modules/functions-have-names/index.js
<s> [webpack.Progress] 68% building 591/608 modules 17 active /Users/josuembuyu/Documents/work/multivers/projects/DEF-DGI/components/node_modules/functions-have-names/index.js
<s> [webpack.Progress] 68% building 592/608 modules 16 active /Users/josuembuyu/Documents/work/multivers/projects/DEF-DGI/components/node_modules/functions-have-names/index.js
<s> [webpack.Progress] 68% building 593/608 modules 15 active /Users/josuembuyu/Documents/work/multivers/projects/DEF-DGI/components/node_modules/functions-have-names/index.js
<s> [webpack.Progress] 68% building 594/608 modules 14 active /Users/josuembuyu/Documents/work/multivers/projects/DEF-DGI/components/node_modules/functions-have-names/index.js
<s> [webpack.Progress] 68% building 595/608 modules 13 active /Users/josuembuyu/Documents/work/multivers/projects/DEF-DGI/components/node_modules/functions-have-names/index.js
<s> [webpack.Progress] 68% building 595/609 modules 14 active /Users/josuembuyu/Documents/work/multivers/projects/DEF-DGI/components/node_modules/doctrine/lib/doctrine.js
<s> [webpack.Progress] 68% building 595/610 modules 15 active /Users/josuembuyu/Documents/work/multivers/projects/DEF-DGI/components/node_modules/core-js/internals/ieee754.js
<s> [webpack.Progress] 68% building 595/611 modules 16 active /Users/josuembuyu/Documents/work/multivers/projects/DEF-DGI/components/node_modules/core-js/internals/to-index.js
<s> [webpack.Progress] 68% building 596/611 modules 15 active /Users/josuembuyu/Documents/work/multivers/projects/DEF-DGI/components/node_modules/core-js/internals/to-index.js
<s> [webpack.Progress] 68% building 596/612 modules 16 active /Users/josuembuyu/Documents/work/multivers/projects/DEF-DGI/components/node_modules/core-js/internals/array-buffer-native.js
<s> [webpack.Progress] 68% building 597/612 modules 15 active /Users/josuembuyu/Documents/work/multivers/projects/DEF-DGI/components/node_modules/core-js/internals/array-buffer-native.js
<s> [webpack.Progress] 68% building 598/612 modules 14 active /Users/josuembuyu/Documents/work/multivers/projects/DEF-DGI/components/node_modules/core-js/internals/array-buffer-native.js
<s> [webpack.Progress] 68% building 599/612 modules 13 active /Users/josuembuyu/Documents/work/multivers/projects/DEF-DGI/components/node_modules/core-js/internals/array-buffer-native.js
<s> [webpack.Progress] 68% building 600/612 modules 12 active /Users/josuembuyu/Documents/work/multivers/projects/DEF-DGI/components/node_modules/core-js/internals/array-buffer-native.js
<s> [webpack.Progress] 68% building 601/612 modules 11 active /Users/josuembuyu/Documents/work/multivers/projects/DEF-DGI/components/node_modules/core-js/internals/array-buffer-native.js
<s> [webpack.Progress] 69% building 602/612 modules 10 active /Users/josuembuyu/Documents/work/multivers/projects/DEF-DGI/components/node_modules/core-js/internals/array-buffer-native.js
<s> [webpack.Progress] 68% building 602/613 modules 11 active /Users/josuembuyu/Documents/work/multivers/projects/DEF-DGI/components/node_modules/prop-types/factoryWithThrowingShims.js
<s> [webpack.Progress] 69% building 603/613 modules 10 active /Users/josuembuyu/Documents/work/multivers/projects/DEF-DGI/components/node_modules/prop-types/factoryWithThrowingShims.js
<s> [webpack.Progress] 69% building 604/613 modules 9 active /Users/josuembuyu/Documents/work/multivers/projects/DEF-DGI/components/node_modules/prop-types/factoryWithThrowingShims.js
<s> [webpack.Progress] 69% building 605/613 modules 8 active /Users/josuembuyu/Documents/work/multivers/projects/DEF-DGI/components/node_modules/prop-types/factoryWithThrowingShims.js
<s> [webpack.Progress] 69% building 606/613 modules 7 active /Users/josuembuyu/Documents/work/multivers/projects/DEF-DGI/components/node_modules/prop-types/factoryWithThrowingShims.js
<s> [webpack.Progress] 69% building 606/614 modules 8 active /Users/josuembuyu/Documents/work/multivers/projects/DEF-DGI/components/node_modules/@storybook/docs-tools/dist/esm/argTypes/docgen/types.js
<s> [webpack.Progress] 69% building 606/615 modules 9 active /Users/josuembuyu/Documents/work/multivers/projects/DEF-DGI/components/node_modules/array-includes/implementation.js
<s> [webpack.Progress] 69% building 607/615 modules 8 active /Users/josuembuyu/Documents/work/multivers/projects/DEF-DGI/components/node_modules/array-includes/implementation.js
<s> [webpack.Progress] 69% building 607/616 modules 9 active /Users/josuembuyu/Documents/work/multivers/projects/DEF-DGI/components/node_modules/object.values/polyfill.js
<s> [webpack.Progress] 69% building 607/617 modules 10 active /Users/josuembuyu/Documents/work/multivers/projects/DEF-DGI/components/node_modules/object.getownpropertydescriptors/polyfill.js
<s> [webpack.Progress] 68% building 607/618 modules 11 active /Users/josuembuyu/Documents/work/multivers/projects/DEF-DGI/components/node_modules/promise.prototype.finally/auto.js
<s> [webpack.Progress] 68% building 607/619 modules 12 active /Users/josuembuyu/Documents/work/multivers/projects/DEF-DGI/components/node_modules/string.prototype.padend/polyfill.js
<s> [webpack.Progress] 68% building 607/620 modules 13 active /Users/josuembuyu/Documents/work/multivers/projects/DEF-DGI/components/node_modules/string.prototype.padstart/polyfill.js
<s> [webpack.Progress] 68% building 607/621 modules 14 active /Users/josuembuyu/Documents/work/multivers/projects/DEF-DGI/components/node_modules/object.entries/polyfill.js
<s> [webpack.Progress] 68% building 607/622 modules 15 active /Users/josuembuyu/Documents/work/multivers/projects/DEF-DGI/components/node_modules/lodash/_baseHasIn.js
<s> [webpack.Progress] 68% building 607/623 modules 16 active /Users/josuembuyu/Documents/work/multivers/projects/DEF-DGI/components/node_modules/lodash/_root.js
<s> [webpack.Progress] 68% building 607/624 modules 17 active /Users/josuembuyu/Documents/work/multivers/projects/DEF-DGI/components/node_modules/lodash/_getNative.js
<s> [webpack.Progress] 68% building 607/625 modules 18 active /Users/josuembuyu/Documents/work/multivers/projects/DEF-DGI/components/node_modules/lodash/_hasPath.js
<s> [webpack.Progress] 68% building 607/626 modules 19 active /Users/josuembuyu/Documents/work/multivers/projects/DEF-DGI/components/node_modules/lodash/_asciiWords.js
<s> [webpack.Progress] 68% building 607/627 modules 20 active /Users/josuembuyu/Documents/work/multivers/projects/DEF-DGI/components/node_modules/react-dom/index.js
<s> [webpack.Progress] 67% building 607/628 modules 21 active /Users/josuembuyu/Documents/work/multivers/projects/DEF-DGI/components/node_modules/lodash/_deburrLetter.js
<s> [webpack.Progress] 67% building 607/629 modules 22 active /Users/josuembuyu/Documents/work/multivers/projects/DEF-DGI/components/node_modules/lodash/_baseIsMatch.js
<s> [webpack.Progress] 67% building 607/630 modules 23 active /Users/josuembuyu/Documents/work/multivers/projects/DEF-DGI/components/node_modules/lodash/_matchesStrictComparable.js
<s> [webpack.Progress] 67% building 607/631 modules 24 active /Users/josuembuyu/Documents/work/multivers/projects/DEF-DGI/components/node_modules/lodash/_getMatchData.js
<s> [webpack.Progress] 67% building 607/632 modules 25 active /Users/josuembuyu/Documents/work/multivers/projects/DEF-DGI/components/node_modules/lodash/_createBaseFor.js
<s> [webpack.Progress] 67% building 607/633 modules 26 active /Users/josuembuyu/Documents/work/multivers/projects/DEF-DGI/components/node_modules/lodash/_baseFlatten.js
<s> [webpack.Progress] 67% building 607/634 modules 27 active /Users/josuembuyu/Documents/work/multivers/projects/DEF-DGI/components/node_modules/lodash/_castSlice.js
<s> [webpack.Progress] 67% building 607/635 modules 28 active /Users/josuembuyu/Documents/work/multivers/projects/DEF-DGI/components/node_modules/lodash/_arrayPush.js
<s> [webpack.Progress] 67% building 607/636 modules 29 active /Users/josuembuyu/Documents/work/multivers/projects/DEF-DGI/components/node_modules/@storybook/store/dist/esm/csf/testing-utils/index.js
<s> [webpack.Progress] 67% building 608/636 modules 28 active /Users/josuembuyu/Documents/work/multivers/projects/DEF-DGI/components/node_modules/@storybook/store/dist/esm/csf/testing-utils/index.js
<s> [webpack.Progress] 67% building 608/637 modules 29 active /Users/josuembuyu/Documents/work/multivers/projects/DEF-DGI/components/node_modules/core-js/internals/array-buffer-view-core.js
<s> [webpack.Progress] 67% building 608/638 modules 30 active /Users/josuembuyu/Documents/work/multivers/projects/DEF-DGI/components/node_modules/lodash/toString.js
<s> [webpack.Progress] 67% building 608/639 modules 31 active /Users/josuembuyu/Documents/work/multivers/projects/DEF-DGI/components/node_modules/lodash/_stringToArray.js
<s> [webpack.Progress] 67% building 608/640 modules 32 active /Users/josuembuyu/Documents/work/multivers/projects/DEF-DGI/components/node_modules/lodash/_hasUnicode.js
<s> [webpack.Progress] 66% building 608/641 modules 33 active /Users/josuembuyu/Documents/work/multivers/projects/DEF-DGI/components/node_modules/lodash/_toKey.js
<s> [webpack.Progress] 66% building 608/642 modules 34 active /Users/josuembuyu/Documents/work/multivers/projects/DEF-DGI/components/node_modules/lodash/_stringToPath.js
<s> [webpack.Progress] 66% building 608/643 modules 35 active /Users/josuembuyu/Documents/work/multivers/projects/DEF-DGI/components/node_modules/core-js/internals/typed-array-species-constructor.js
<s> [webpack.Progress] 66% building 608/644 modules 36 active /Users/josuembuyu/Documents/work/multivers/projects/DEF-DGI/components/node_modules/lodash/_assignValue.js
<s> [webpack.Progress] 66% building 609/644 modules 35 active /Users/josuembuyu/Documents/work/multivers/projects/DEF-DGI/components/node_modules/lodash/_assignValue.js
<s> [webpack.Progress] 66% building 610/644 modules 34 active /Users/josuembuyu/Documents/work/multivers/projects/DEF-DGI/components/node_modules/lodash/_assignValue.js
<s> [webpack.Progress] 66% building 611/644 modules 33 active /Users/josuembuyu/Documents/work/multivers/projects/DEF-DGI/components/node_modules/lodash/_assignValue.js
<s> [webpack.Progress] 67% building 612/644 modules 32 active /Users/josuembuyu/Documents/work/multivers/projects/DEF-DGI/components/node_modules/lodash/_assignValue.js
<s> [webpack.Progress] 66% building 612/645 modules 33 active /Users/josuembuyu/Documents/work/multivers/projects/DEF-DGI/components/node_modules/lodash/_arrayLikeKeys.js
<s> [webpack.Progress] 67% building 613/645 modules 32 active /Users/josuembuyu/Documents/work/multivers/projects/DEF-DGI/components/node_modules/lodash/_arrayLikeKeys.js
<s> [webpack.Progress] 66% building 613/646 modules 33 active /Users/josuembuyu/Documents/work/multivers/projects/DEF-DGI/components/node_modules/estraverse/estraverse.js
<s> [webpack.Progress] 66% building 613/647 modules 34 active /Users/josuembuyu/Documents/work/multivers/projects/DEF-DGI/components/node_modules/lodash/_baseSetToString.js
<s> [webpack.Progress] 66% building 613/648 modules 35 active /Users/josuembuyu/Documents/work/multivers/projects/DEF-DGI/components/node_modules/lodash/_apply.js
<s> [webpack.Progress] 66% building 613/649 modules 36 active /Users/josuembuyu/Documents/work/multivers/projects/DEF-DGI/components/node_modules/lodash/isArrayLike.js
<s> [webpack.Progress] 66% building 613/650 modules 37 active /Users/josuembuyu/Documents/work/multivers/projects/DEF-DGI/components/node_modules/lodash/_baseProperty.js
<s> [webpack.Progress] 66% building 614/650 modules 36 active /Users/josuembuyu/Documents/work/multivers/projects/DEF-DGI/components/node_modules/lodash/_baseProperty.js
<s> [webpack.Progress] 66% building 615/650 modules 35 active /Users/josuembuyu/Documents/work/multivers/projects/DEF-DGI/components/node_modules/lodash/_baseProperty.js
<s> [webpack.Progress] 66% building 616/650 modules 34 active /Users/josuembuyu/Documents/work/multivers/projects/DEF-DGI/components/node_modules/lodash/_baseProperty.js
<s> [webpack.Progress] 66% building 616/651 modules 35 active /Users/josuembuyu/Documents/work/multivers/projects/DEF-DGI/components/node_modules/lodash/_isKey.js
<s> [webpack.Progress] 66% building 617/651 modules 34 active /Users/josuembuyu/Documents/work/multivers/projects/DEF-DGI/components/node_modules/lodash/_isKey.js
<s> [webpack.Progress] 66% building 617/652 modules 35 active /Users/josuembuyu/Documents/work/multivers/projects/DEF-DGI/components/node_modules/lodash/_basePropertyDeep.js
<s> [webpack.Progress] 66% building 617/653 modules 36 active /Users/josuembuyu/Documents/work/multivers/projects/DEF-DGI/components/node_modules/core-js/internals/typed-array-from.js
<s> [webpack.Progress] 66% building 617/654 modules 37 active /Users/josuembuyu/Documents/work/multivers/projects/DEF-DGI/components/node_modules/core-js/internals/to-offset.js
<s> [webpack.Progress] 66% building 618/654 modules 36 active /Users/josuembuyu/Documents/work/multivers/projects/DEF-DGI/components/node_modules/core-js/internals/to-offset.js
<s> [webpack.Progress] 66% building 619/654 modules 35 active /Users/josuembuyu/Documents/work/multivers/projects/DEF-DGI/components/node_modules/core-js/internals/to-offset.js
<s> [webpack.Progress] 66% building 620/654 modules 34 active /Users/josuembuyu/Documents/work/multivers/projects/DEF-DGI/components/node_modules/core-js/internals/to-offset.js
<s> [webpack.Progress] 66% building 621/654 modules 33 active /Users/josuembuyu/Documents/work/multivers/projects/DEF-DGI/components/node_modules/core-js/internals/to-offset.js
<s> [webpack.Progress] 67% building 622/654 modules 32 active /Users/josuembuyu/Documents/work/multivers/projects/DEF-DGI/components/node_modules/core-js/internals/to-offset.js
<s> [webpack.Progress] 67% building 623/654 modules 31 active /Users/josuembuyu/Documents/work/multivers/projects/DEF-DGI/components/node_modules/core-js/internals/to-offset.js
<s> [webpack.Progress] 67% building 624/654 modules 30 active /Users/josuembuyu/Documents/work/multivers/projects/DEF-DGI/components/node_modules/core-js/internals/to-offset.js
<s> [webpack.Progress] 67% building 625/654 modules 29 active /Users/josuembuyu/Documents/work/multivers/projects/DEF-DGI/components/node_modules/core-js/internals/to-offset.js
<s> [webpack.Progress] 67% building 626/654 modules 28 active /Users/josuembuyu/Documents/work/multivers/projects/DEF-DGI/components/node_modules/core-js/internals/to-offset.js
<s> [webpack.Progress] 67% building 627/654 modules 27 active /Users/josuembuyu/Documents/work/multivers/projects/DEF-DGI/components/node_modules/core-js/internals/to-offset.js
<s> [webpack.Progress] 67% building 627/655 modules 28 active /Users/josuembuyu/Documents/work/multivers/projects/DEF-DGI/components/node_modules/react-syntax-highlighter/dist/esm/highlight.js
<s> [webpack.Progress] 67% building 628/655 modules 27 active /Users/josuembuyu/Documents/work/multivers/projects/DEF-DGI/components/node_modules/react-syntax-highlighter/dist/esm/highlight.js
<s> [webpack.Progress] 67% building 629/655 modules 26 active /Users/josuembuyu/Documents/work/multivers/projects/DEF-DGI/components/node_modules/react-syntax-highlighter/dist/esm/highlight.js
<s> [webpack.Progress] 67% building 630/655 modules 25 active /Users/josuembuyu/Documents/work/multivers/projects/DEF-DGI/components/node_modules/react-syntax-highlighter/dist/esm/highlight.js
<s> [webpack.Progress] 67% building 631/655 modules 24 active /Users/josuembuyu/Documents/work/multivers/projects/DEF-DGI/components/node_modules/react-syntax-highlighter/dist/esm/highlight.js
<s> [webpack.Progress] 67% building 632/655 modules 23 active /Users/josuembuyu/Documents/work/multivers/projects/DEF-DGI/components/node_modules/react-syntax-highlighter/dist/esm/highlight.js
<s> [webpack.Progress] 67% building 633/655 modules 22 active /Users/josuembuyu/Documents/work/multivers/projects/DEF-DGI/components/node_modules/react-syntax-highlighter/dist/esm/highlight.js
<s> [webpack.Progress] 68% building 634/655 modules 21 active /Users/josuembuyu/Documents/work/multivers/projects/DEF-DGI/components/node_modules/react-syntax-highlighter/dist/esm/highlight.js
<s> [webpack.Progress] 68% building 635/655 modules 20 active /Users/josuembuyu/Documents/work/multivers/projects/DEF-DGI/components/node_modules/react-syntax-highlighter/dist/esm/highlight.js
<s> [webpack.Progress] 68% building 635/656 modules 21 active /Users/josuembuyu/Documents/work/multivers/projects/DEF-DGI/components/node_modules/core-js/internals/array-last-index-of.js
<s> [webpack.Progress] 67% building 635/657 modules 22 active /Users/josuembuyu/Documents/work/multivers/projects/DEF-DGI/components/node_modules/lodash/_baseIsEqualDeep.js
<s> [webpack.Progress] 68% building 636/657 modules 21 active /Users/josuembuyu/Documents/work/multivers/projects/DEF-DGI/components/node_modules/lodash/_baseIsEqualDeep.js
<s> [webpack.Progress] 67% building 636/658 modules 22 active /Users/josuembuyu/Documents/work/multivers/projects/DEF-DGI/components/node_modules/lodash/_isStrictComparable.js
<s> [webpack.Progress] 67% building 636/659 modules 23 active /Users/josuembuyu/Documents/work/multivers/projects/DEF-DGI/components/node_modules/lodash/get.js
<s> [webpack.Progress] 67% building 637/659 modules 22 active /Users/josuembuyu/Documents/work/multivers/projects/DEF-DGI/components/node_modules/lodash/get.js
<s> [webpack.Progress] 68% building 638/659 modules 21 active /Users/josuembuyu/Documents/work/multivers/projects/DEF-DGI/components/node_modules/lodash/get.js
<s> [webpack.Progress] 68% building 639/659 modules 20 active /Users/josuembuyu/Documents/work/multivers/projects/DEF-DGI/components/node_modules/lodash/get.js
<s> [webpack.Progress] 68% building 640/659 modules 19 active /Users/josuembuyu/Documents/work/multivers/projects/DEF-DGI/components/node_modules/lodash/get.js
<s> [webpack.Progress] 68% building 641/659 modules 18 active /Users/josuembuyu/Documents/work/multivers/projects/DEF-DGI/components/node_modules/lodash/get.js
<s> [webpack.Progress] 68% building 642/659 modules 17 active /Users/josuembuyu/Documents/work/multivers/projects/DEF-DGI/components/node_modules/lodash/get.js
<s> [webpack.Progress] 68% building 643/659 modules 16 active /Users/josuembuyu/Documents/work/multivers/projects/DEF-DGI/components/node_modules/lodash/get.js
<s> [webpack.Progress] 68% building 644/659 modules 15 active /Users/josuembuyu/Documents/work/multivers/projects/DEF-DGI/components/node_modules/lodash/get.js
<s> [webpack.Progress] 68% building 644/660 modules 16 active /Users/josuembuyu/Documents/work/multivers/projects/DEF-DGI/components/node_modules/refractor/lang/typescript.js
<s> [webpack.Progress] 68% building 644/661 modules 17 active /Users/josuembuyu/Documents/work/multivers/projects/DEF-DGI/components/node_modules/@storybook/react/dist/esm/client/docs/lib/defaultValues/index.js
<s> [webpack.Progress] 68% building 644/662 modules 18 active /Users/josuembuyu/Documents/work/multivers/projects/DEF-DGI/components/node_modules/airbnb-js-shims/target/es2020.js
<s> [webpack.Progress] 68% building 645/662 modules 17 active /Users/josuembuyu/Documents/work/multivers/projects/DEF-DGI/components/node_modules/airbnb-js-shims/target/es2020.js
<s> [webpack.Progress] 68% building 645/663 modules 18 active /Users/josuembuyu/Documents/work/multivers/projects/DEF-DGI/components/node_modules/call-bind/callBound.js
<s> [webpack.Progress] 68% building 646/663 modules 17 active /Users/josuembuyu/Documents/work/multivers/projects/DEF-DGI/components/node_modules/call-bind/callBound.js
<s> [webpack.Progress] 68% building 647/663 modules 16 active /Users/josuembuyu/Documents/work/multivers/projects/DEF-DGI/components/node_modules/call-bind/callBound.js
<s> [webpack.Progress] 68% building 648/663 modules 15 active /Users/josuembuyu/Documents/work/multivers/projects/DEF-DGI/components/node_modules/call-bind/callBound.js
<s> [webpack.Progress] 68% building 649/663 modules 14 active /Users/josuembuyu/Documents/work/multivers/projects/DEF-DGI/components/node_modules/call-bind/callBound.js
<s> [webpack.Progress] 68% building 650/663 modules 13 active /Users/josuembuyu/Documents/work/multivers/projects/DEF-DGI/components/node_modules/call-bind/callBound.js
<s> [webpack.Progress] 68% building 651/663 modules 12 active /Users/josuembuyu/Documents/work/multivers/projects/DEF-DGI/components/node_modules/call-bind/callBound.js
<s> [webpack.Progress] 69% building 652/663 modules 11 active /Users/josuembuyu/Documents/work/multivers/projects/DEF-DGI/components/node_modules/call-bind/callBound.js
<s> [webpack.Progress] 69% building 653/663 modules 10 active /Users/josuembuyu/Documents/work/multivers/projects/DEF-DGI/components/node_modules/call-bind/callBound.js
<s> [webpack.Progress] 69% building 654/663 modules 9 active /Users/josuembuyu/Documents/work/multivers/projects/DEF-DGI/components/node_modules/call-bind/callBound.js
<s> [webpack.Progress] 69% building 655/663 modules 8 active /Users/josuembuyu/Documents/work/multivers/projects/DEF-DGI/components/node_modules/call-bind/callBound.js
<s> [webpack.Progress] 69% building 655/664 modules 9 active /Users/josuembuyu/Documents/work/multivers/projects/DEF-DGI/components/node_modules/refractor/core.js
<s> [webpack.Progress] 69% building 655/665 modules 10 active /Users/josuembuyu/Documents/work/multivers/projects/DEF-DGI/components/node_modules/@storybook/react/dist/esm/client/docs/propTypes/generateFuncSignature.js
<s> [webpack.Progress] 69% building 655/666 modules 11 active /Users/josuembuyu/Documents/work/multivers/projects/DEF-DGI/components/node_modules/core-js/internals/array-reduce.js
<s> [webpack.Progress] 68% building 655/667 modules 12 active /Users/josuembuyu/Documents/work/multivers/projects/DEF-DGI/components/node_modules/core-js/internals/typed-array-constructors-require-wrappers.js
<s> [webpack.Progress] 68% building 655/668 modules 13 active /Users/josuembuyu/Documents/work/multivers/projects/DEF-DGI/components/node_modules/lodash/_shortOut.js
<s> [webpack.Progress] 68% building 655/669 modules 14 active /Users/josuembuyu/Documents/work/multivers/projects/DEF-DGI/components/node_modules/lodash/_baseKeys.js
<s> [webpack.Progress] 68% building 655/670 modules 15 active /Users/josuembuyu/Documents/work/multivers/projects/DEF-DGI/components/node_modules/lodash/stubArray.js
<s> [webpack.Progress] 68% building 655/671 modules 16 active /Users/josuembuyu/Documents/work/multivers/projects/DEF-DGI/components/node_modules/@storybook/react/dist/esm/client/docs/lib/defaultValues/prettyIdentifier.js
<s> [webpack.Progress] 68% building 655/672 modules 17 active /Users/josuembuyu/Documents/work/multivers/projects/DEF-DGI/components/node_modules/lodash/_getSymbols.js
<s> [webpack.Progress] 68% building 655/673 modules 18 active /Users/josuembuyu/Documents/work/multivers/projects/DEF-DGI/components/node_modules/lodash/_baseKeysIn.js
<s> [webpack.Progress] 68% building 656/673 modules 17 active /Users/josuembuyu/Documents/work/multivers/projects/DEF-DGI/components/node_modules/lodash/_baseKeysIn.js
<s> [webpack.Progress] 68% building 656/674 modules 18 active /Users/josuembuyu/Documents/work/multivers/projects/DEF-DGI/components/node_modules/lodash/isObject.js
<s> [webpack.Progress] 68% building 657/674 modules 17 active /Users/josuembuyu/Documents/work/multivers/projects/DEF-DGI/components/node_modules/lodash/isObject.js
<s> [webpack.Progress] 68% building 657/675 modules 18 active /Users/josuembuyu/Documents/work/multivers/projects/DEF-DGI/components/node_modules/react-dom/cjs/react-dom.production.min.js
<s> [webpack.Progress] 68% building 657/676 modules 19 active /Users/josuembuyu/Documents/work/multivers/projects/DEF-DGI/components/node_modules/es-abstract/2021/IsCallable.js
<s> [webpack.Progress] 68% building 658/676 modules 18 active /Users/josuembuyu/Documents/work/multivers/projects/DEF-DGI/components/node_modules/es-abstract/2021/IsCallable.js
<s> [webpack.Progress] 68% building 658/677 modules 19 active /Users/josuembuyu/Documents/work/multivers/projects/DEF-DGI/components/node_modules/doctrine/lib/utility.js
<s> [webpack.Progress] 68% building 658/678 modules 20 active /Users/josuembuyu/Documents/work/multivers/projects/DEF-DGI/components/node_modules/doctrine/lib/typed.js
<s> [webpack.Progress] 68% building 659/678 modules 19 active /Users/josuembuyu/Documents/work/multivers/projects/DEF-DGI/components/node_modules/doctrine/lib/typed.js
<s> [webpack.Progress] 68% building 659/679 modules 20 active /Users/josuembuyu/Documents/work/multivers/projects/DEF-DGI/components/node_modules/lodash/_isIndex.js
<s> [webpack.Progress] 68% building 660/679 modules 19 active /Users/josuembuyu/Documents/work/multivers/projects/DEF-DGI/components/node_modules/lodash/_isIndex.js
<s> [webpack.Progress] 68% building 660/680 modules 20 active /Users/josuembuyu/Documents/work/multivers/projects/DEF-DGI/components/node_modules/@storybook/docs-tools/dist/esm/argTypes/convert/typescript/index.js
<s> [webpack.Progress] 68% building 660/681 modules 21 active /Users/josuembuyu/Documents/work/multivers/projects/DEF-DGI/components/node_modules/lodash/_unicodeWords.js
<s> [webpack.Progress] 68% building 660/682 modules 22 active /Users/josuembuyu/Documents/work/multivers/projects/DEF-DGI/components/node_modules/es-abstract/2021/ToIntegerOrInfinity.js
<s> [webpack.Progress] 68% building 661/682 modules 21 active /Users/josuembuyu/Documents/work/multivers/projects/DEF-DGI/components/node_modules/es-abstract/2021/ToIntegerOrInfinity.js
<s> [webpack.Progress] 68% building 662/682 modules 20 active /Users/josuembuyu/Documents/work/multivers/projects/DEF-DGI/components/node_modules/es-abstract/2021/ToIntegerOrInfinity.js
<s> [webpack.Progress] 68% building 663/682 modules 19 active /Users/josuembuyu/Documents/work/multivers/projects/DEF-DGI/components/node_modules/es-abstract/2021/ToIntegerOrInfinity.js
<s> [webpack.Progress] 68% building 663/683 modules 20 active /Users/josuembuyu/Documents/work/multivers/projects/DEF-DGI/components/node_modules/object.values/implementation.js
<s> [webpack.Progress] 68% building 663/684 modules 21 active /Users/josuembuyu/Documents/work/multivers/projects/DEF-DGI/components/node_modules/object.getownpropertydescriptors/implementation.js
<s> [webpack.Progress] 68% building 663/685 modules 22 active /Users/josuembuyu/Documents/work/multivers/projects/DEF-DGI/components/node_modules/promise.prototype.finally/shim.js
<s> [webpack.Progress] 67% building 663/686 modules 23 active /Users/josuembuyu/Documents/work/multivers/projects/DEF-DGI/components/node_modules/string.prototype.padend/implementation.js
<s> [webpack.Progress] 67% building 663/687 modules 24 active /Users/josuembuyu/Documents/work/multivers/projects/DEF-DGI/components/node_modules/string.prototype.padstart/implementation.js
<s> [webpack.Progress] 67% building 663/688 modules 25 active /Users/josuembuyu/Documents/work/multivers/projects/DEF-DGI/components/node_modules/object.entries/implementation.js
<s> [webpack.Progress] 67% building 663/689 modules 26 active /Users/josuembuyu/Documents/work/multivers/projects/DEF-DGI/components/node_modules/@storybook/core-client/dist/esm/preview/types.js
<s> [webpack.Progress] 67% building 663/690 modules 27 active /Users/josuembuyu/Documents/work/multivers/projects/DEF-DGI/components/node_modules/array.prototype.flat/auto.js
<s> [webpack.Progress] 67% building 663/691 modules 28 active /Users/josuembuyu/Documents/work/multivers/projects/DEF-DGI/components/node_modules/lodash/_freeGlobal.js
<s> [webpack.Progress] 67% building 663/692 modules 29 active /Users/josuembuyu/Documents/work/multivers/projects/DEF-DGI/components/node_modules/lodash/isLength.js
<s> [webpack.Progress] 67% building 663/693 modules 30 active /Users/josuembuyu/Documents/work/multivers/projects/DEF-DGI/components/node_modules/lodash/_baseIsNative.js
<s> [webpack.Progress] 67% building 663/694 modules 31 active /Users/josuembuyu/Documents/work/multivers/projects/DEF-DGI/components/node_modules/lodash/_basePropertyOf.js
<s> [webpack.Progress] 67% building 663/695 modules 32 active /Users/josuembuyu/Documents/work/multivers/projects/DEF-DGI/components/node_modules/@storybook/docs-tools/dist/esm/argTypes/convert/proptypes/index.js
<s> [webpack.Progress] 67% building 663/696 modules 33 active /Users/josuembuyu/Documents/work/multivers/projects/DEF-DGI/components/node_modules/source-map/source-map.js
<s> [webpack.Progress] 67% building 663/697 modules 34 active /Users/josuembuyu/Documents/work/multivers/projects/DEF-DGI/components/node_modules/lodash/_Stack.js
<s> [webpack.Progress] 66% building 663/698 modules 35 active /Users/josuembuyu/Documents/work/multivers/projects/DEF-DGI/components/node_modules/lodash/isArguments.js
<s> [webpack.Progress] 66% building 663/699 modules 36 active /Users/josuembuyu/Documents/work/multivers/projects/DEF-DGI/components/node_modules/@storybook/docs-tools/dist/esm/argTypes/convert/flow/index.js
<s> [webpack.Progress] 66% building 663/700 modules 37 active /Users/josuembuyu/Documents/work/multivers/projects/DEF-DGI/components/node_modules/prop-types/lib/ReactPropTypesSecret.js
<s> [webpack.Progress] 66% building 663/701 modules 38 active /Users/josuembuyu/Documents/work/multivers/projects/DEF-DGI/components/node_modules/lodash/_getValue.js
<s> [webpack.Progress] 66% building 663/702 modules 39 active /Users/josuembuyu/Documents/work/multivers/projects/DEF-DGI/components/node_modules/lodash/_isFlattenable.js
<s> [webpack.Progress] 66% building 663/703 modules 40 active /Users/josuembuyu/Documents/work/multivers/projects/DEF-DGI/components/node_modules/lodash/_baseSlice.js
<s> [webpack.Progress] 66% building 664/703 modules 39 active /Users/josuembuyu/Documents/work/multivers/projects/DEF-DGI/components/node_modules/lodash/_baseSlice.js
<s> [webpack.Progress] 66% building 664/704 modules 40 active /Users/josuembuyu/Documents/work/multivers/projects/DEF-DGI/components/node_modules/@storybook/store/dist/esm/csf/testing-utils/types.js
<s> [webpack.Progress] 66% building 665/704 modules 39 active /Users/josuembuyu/Documents/work/multivers/projects/DEF-DGI/components/node_modules/@storybook/store/dist/esm/csf/testing-utils/types.js
<s> [webpack.Progress] 66% building 665/705 modules 40 active /Users/josuembuyu/Documents/work/multivers/projects/DEF-DGI/components/node_modules/@storybook/store/dist/esm/csf/normalizeProjectAnnotations.js
<s> [webpack.Progress] 66% building 666/705 modules 39 active /Users/josuembuyu/Documents/work/multivers/projects/DEF-DGI/components/node_modules/@storybook/store/dist/esm/csf/normalizeProjectAnnotations.js
<s> [webpack.Progress] 66% building 667/705 modules 38 active /Users/josuembuyu/Documents/work/multivers/projects/DEF-DGI/components/node_modules/@storybook/store/dist/esm/csf/normalizeProjectAnnotations.js
<s> [webpack.Progress] 66% building 668/705 modules 37 active /Users/josuembuyu/Documents/work/multivers/projects/DEF-DGI/components/node_modules/@storybook/store/dist/esm/csf/normalizeProjectAnnotations.js
<s> [webpack.Progress] 66% building 669/705 modules 36 active /Users/josuembuyu/Documents/work/multivers/projects/DEF-DGI/components/node_modules/@storybook/store/dist/esm/csf/normalizeProjectAnnotations.js
<s> [webpack.Progress] 67% building 670/705 modules 35 active /Users/josuembuyu/Documents/work/multivers/projects/DEF-DGI/components/node_modules/@storybook/store/dist/esm/csf/normalizeProjectAnnotations.js
<s> [webpack.Progress] 67% building 671/705 modules 34 active /Users/josuembuyu/Documents/work/multivers/projects/DEF-DGI/components/node_modules/@storybook/store/dist/esm/csf/normalizeProjectAnnotations.js
<s> [webpack.Progress] 67% building 671/706 modules 35 active /Users/josuembuyu/Documents/work/multivers/projects/DEF-DGI/components/node_modules/object.fromentries/auto.js
<s> [webpack.Progress] 67% building 672/706 modules 34 active /Users/josuembuyu/Documents/work/multivers/projects/DEF-DGI/components/node_modules/object.fromentries/auto.js
<s> [webpack.Progress] 67% building 672/707 modules 35 active /Users/josuembuyu/Documents/work/multivers/projects/DEF-DGI/components/node_modules/lodash/_baseToString.js
<s> [webpack.Progress] 66% building 672/708 modules 36 active /Users/josuembuyu/Documents/work/multivers/projects/DEF-DGI/components/node_modules/lodash/_asciiToArray.js
<s> [webpack.Progress] 66% building 672/709 modules 37 active /Users/josuembuyu/Documents/work/multivers/projects/DEF-DGI/components/node_modules/lodash/_unicodeToArray.js
<s> [webpack.Progress] 66% building 672/710 modules 38 active /Users/josuembuyu/Documents/work/multivers/projects/DEF-DGI/components/node_modules/lodash/isSymbol.js
<s> [webpack.Progress] 66% building 673/710 modules 37 active /Users/josuembuyu/Documents/work/multivers/projects/DEF-DGI/components/node_modules/lodash/isSymbol.js
<s> [webpack.Progress] 66% building 673/711 modules 38 active /Users/josuembuyu/Documents/work/multivers/projects/DEF-DGI/components/node_modules/lodash/_memoizeCapped.js
<s> [webpack.Progress] 66% building 674/711 modules 37 active /Users/josuembuyu/Documents/work/multivers/projects/DEF-DGI/components/node_modules/lodash/_memoizeCapped.js
<s> [webpack.Progress] 66% building 674/712 modules 38 active /Users/josuembuyu/Documents/work/multivers/projects/DEF-DGI/components/node_modules/@storybook/store/dist/esm/csf/normalizeComponentAnnotations.js
<s> [webpack.Progress] 66% building 674/713 modules 39 active /Users/josuembuyu/Documents/work/multivers/projects/DEF-DGI/components/node_modules/lodash/eq.js
<s> [webpack.Progress] 66% building 674/714 modules 40 active /Users/josuembuyu/Documents/work/multivers/projects/DEF-DGI/components/node_modules/symbol.prototype.description/auto.js
<s> [webpack.Progress] 66% building 674/715 modules 41 active /Users/josuembuyu/Documents/work/multivers/projects/DEF-DGI/components/node_modules/array.prototype.flatmap/auto.js
<s> [webpack.Progress] 66% building 674/716 modules 42 active /Users/josuembuyu/Documents/work/multivers/projects/DEF-DGI/components/node_modules/es-abstract/helpers/isFinite.js
<s> [webpack.Progress] 66% building 674/717 modules 43 active /Users/josuembuyu/Documents/work/multivers/projects/DEF-DGI/components/node_modules/es-abstract/helpers/isNaN.js
<s> [webpack.Progress] 66% building 675/717 modules 42 active /Users/josuembuyu/Documents/work/multivers/projects/DEF-DGI/components/node_modules/es-abstract/helpers/isNaN.js
<s> [webpack.Progress] 66% building 675/718 modules 43 active /Users/josuembuyu/Documents/work/multivers/projects/DEF-DGI/components/node_modules/@storybook/store/dist/esm/csf/normalizeStory.js
<s> [webpack.Progress] 66% building 676/718 modules 42 active /Users/josuembuyu/Documents/work/multivers/projects/DEF-DGI/components/node_modules/@storybook/store/dist/esm/csf/normalizeStory.js
<s> [webpack.Progress] 66% building 677/718 modules 41 active /Users/josuembuyu/Documents/work/multivers/projects/DEF-DGI/components/node_modules/@storybook/store/dist/esm/csf/normalizeStory.js
<s> [webpack.Progress] 66% building 678/718 modules 40 active /Users/josuembuyu/Documents/work/multivers/projects/DEF-DGI/components/node_modules/@storybook/store/dist/esm/csf/normalizeStory.js
<s> [webpack.Progress] 66% building 679/718 modules 39 active /Users/josuembuyu/Documents/work/multivers/projects/DEF-DGI/components/node_modules/@storybook/store/dist/esm/csf/normalizeStory.js
<s> [webpack.Progress] 66% building 679/719 modules 40 active /Users/josuembuyu/Documents/work/multivers/projects/DEF-DGI/components/node_modules/@storybook/store/dist/esm/csf/prepareStory.js
<s> [webpack.Progress] 66% building 679/720 modules 41 active /Users/josuembuyu/Documents/work/multivers/projects/DEF-DGI/components/node_modules/es-abstract/2021/SameValueZero.js
<s> [webpack.Progress] 66% building 679/721 modules 42 active /Users/josuembuyu/Documents/work/multivers/projects/DEF-DGI/components/node_modules/lodash/_baseTimes.js
<s> [webpack.Progress] 66% building 679/722 modules 43 active /Users/josuembuyu/Documents/work/multivers/projects/DEF-DGI/components/node_modules/lodash/isTypedArray.js
<s> [webpack.Progress] 66% building 679/723 modules 44 active /Users/josuembuyu/Documents/work/multivers/projects/DEF-DGI/components/node_modules/esutils/lib/utils.js
<s> [webpack.Progress] 66% building 679/724 modules 45 active /Users/josuembuyu/Documents/work/multivers/projects/DEF-DGI/components/node_modules/lodash/isBuffer.js
<s> [webpack.Progress] 66% building 679/725 modules 46 active /Users/josuembuyu/Documents/work/multivers/projects/DEF-DGI/components/node_modules/setimmediate/setImmediate.js
<s> [webpack.Progress] 66% building 679/726 modules 47 active /Users/josuembuyu/Documents/work/multivers/projects/DEF-DGI/components/node_modules/lodash/constant.js
<s> [webpack.Progress] 66% building 679/727 modules 48 active /Users/josuembuyu/Documents/work/multivers/projects/DEF-DGI/components/node_modules/lodash/isFunction.js
<s> [webpack.Progress] 66% building 680/727 modules 47 active /Users/josuembuyu/Documents/work/multivers/projects/DEF-DGI/components/node_modules/lodash/isFunction.js
<s> [webpack.Progress] 66% building 681/727 modules 46 active /Users/josuembuyu/Documents/work/multivers/projects/DEF-DGI/components/node_modules/lodash/isFunction.js
<s> [webpack.Progress] 66% building 682/727 modules 45 active /Users/josuembuyu/Documents/work/multivers/projects/DEF-DGI/components/node_modules/lodash/isFunction.js
<s> [webpack.Progress] 66% building 682/728 modules 46 active /Users/josuembuyu/Documents/work/multivers/projects/DEF-DGI/components/node_modules/core-js/stable/symbol/index.js
<s> [webpack.Progress] 66% building 683/728 modules 45 active /Users/josuembuyu/Documents/work/multivers/projects/DEF-DGI/components/node_modules/core-js/stable/symbol/index.js
<s> [webpack.Progress] 66% building 683/729 modules 46 active /Users/josuembuyu/Documents/work/multivers/projects/DEF-DGI/components/node_modules/es-abstract/2021/ToLength.js
<s> [webpack.Progress] 66% building 683/730 modules 47 active /Users/josuembuyu/Documents/work/multivers/projects/DEF-DGI/components/node_modules/es-abstract/2021/ToObject.js
<s> [webpack.Progress] 66% building 683/731 modules 48 active /Users/josuembuyu/Documents/work/multivers/projects/DEF-DGI/components/node_modules/core-js/internals/to-positive-integer.js
<s> [webpack.Progress] 66% building 684/731 modules 47 active /Users/josuembuyu/Documents/work/multivers/projects/DEF-DGI/components/node_modules/core-js/internals/to-positive-integer.js
<s> [webpack.Progress] 66% building 685/731 modules 46 active /Users/josuembuyu/Documents/work/multivers/projects/DEF-DGI/components/node_modules/core-js/internals/to-positive-integer.js
<s> [webpack.Progress] 66% building 686/731 modules 45 active /Users/josuembuyu/Documents/work/multivers/projects/DEF-DGI/components/node_modules/core-js/internals/to-positive-integer.js
<s> [webpack.Progress] 66% building 687/731 modules 44 active /Users/josuembuyu/Documents/work/multivers/projects/DEF-DGI/components/node_modules/core-js/internals/to-positive-integer.js
<s> [webpack.Progress] 66% building 688/731 modules 43 active /Users/josuembuyu/Documents/work/multivers/projects/DEF-DGI/components/node_modules/core-js/internals/to-positive-integer.js
<s> [webpack.Progress] 66% building 689/731 modules 42 active /Users/josuembuyu/Documents/work/multivers/projects/DEF-DGI/components/node_modules/core-js/internals/to-positive-integer.js
<s> [webpack.Progress] 66% building 690/731 modules 41 active /Users/josuembuyu/Documents/work/multivers/projects/DEF-DGI/components/node_modules/core-js/internals/to-positive-integer.js
<s> [webpack.Progress] 66% building 691/731 modules 40 active /Users/josuembuyu/Documents/work/multivers/projects/DEF-DGI/components/node_modules/core-js/internals/to-positive-integer.js
<s> [webpack.Progress] 66% building 692/731 modules 39 active /Users/josuembuyu/Documents/work/multivers/projects/DEF-DGI/components/node_modules/core-js/internals/to-positive-integer.js
<s> [webpack.Progress] 66% building 693/731 modules 38 active /Users/josuembuyu/Documents/work/multivers/projects/DEF-DGI/components/node_modules/core-js/internals/to-positive-integer.js
<s> [webpack.Progress] 66% building 693/732 modules 39 active /Users/josuembuyu/Documents/work/multivers/projects/DEF-DGI/components/node_modules/call-bind/index.js
<s> [webpack.Progress] 66% building 694/732 modules 38 active /Users/josuembuyu/Documents/work/multivers/projects/DEF-DGI/components/node_modules/call-bind/index.js
<s> [webpack.Progress] 66% building 695/732 modules 37 active /Users/josuembuyu/Documents/work/multivers/projects/DEF-DGI/components/node_modules/call-bind/index.js
<s> [webpack.Progress] 67% building 696/732 modules 36 active /Users/josuembuyu/Documents/work/multivers/projects/DEF-DGI/components/node_modules/call-bind/index.js
<s> [webpack.Progress] 66% building 696/733 modules 37 active /Users/josuembuyu/Documents/work/multivers/projects/DEF-DGI/components/node_modules/react-syntax-highlighter/dist/esm/checkForListedLanguage.js
<s> [webpack.Progress] 67% building 697/733 modules 36 active /Users/josuembuyu/Documents/work/multivers/projects/DEF-DGI/components/node_modules/react-syntax-highlighter/dist/esm/checkForListedLanguage.js
<s> [webpack.Progress] 67% building 698/733 modules 35 active /Users/josuembuyu/Documents/work/multivers/projects/DEF-DGI/components/node_modules/react-syntax-highlighter/dist/esm/checkForListedLanguage.js
<s> [webpack.Progress] 67% building 699/733 modules 34 active /Users/josuembuyu/Documents/work/multivers/projects/DEF-DGI/components/node_modules/react-syntax-highlighter/dist/esm/checkForListedLanguage.js
<s> [webpack.Progress] 67% building 700/733 modules 33 active /Users/josuembuyu/Documents/work/multivers/projects/DEF-DGI/components/node_modules/react-syntax-highlighter/dist/esm/checkForListedLanguage.js
<s> [webpack.Progress] 67% building 701/733 modules 32 active /Users/josuembuyu/Documents/work/multivers/projects/DEF-DGI/components/node_modules/react-syntax-highlighter/dist/esm/checkForListedLanguage.js
<s> [webpack.Progress] 67% building 702/733 modules 31 active /Users/josuembuyu/Documents/work/multivers/projects/DEF-DGI/components/node_modules/react-syntax-highlighter/dist/esm/checkForListedLanguage.js
<s> [webpack.Progress] 67% building 703/733 modules 30 active /Users/josuembuyu/Documents/work/multivers/projects/DEF-DGI/components/node_modules/react-syntax-highlighter/dist/esm/checkForListedLanguage.js
<s> [webpack.Progress] 67% building 703/734 modules 31 active /Users/josuembuyu/Documents/work/multivers/projects/DEF-DGI/components/node_modules/react-syntax-highlighter/dist/esm/create-element.js
<s> [webpack.Progress] 67% building 703/735 modules 32 active /Users/josuembuyu/Documents/work/multivers/projects/DEF-DGI/components/node_modules/doctrine/package.json
<s> [webpack.Progress] 67% building 704/735 modules 31 active /Users/josuembuyu/Documents/work/multivers/projects/DEF-DGI/components/node_modules/react-syntax-highlighter/dist/esm/create-element.js
<s> [webpack.Progress] 67% building 704/736 modules 32 active /Users/josuembuyu/Documents/work/multivers/projects/DEF-DGI/components/node_modules/lodash/_getTag.js
<s> [webpack.Progress] 67% building 705/736 modules 31 active /Users/josuembuyu/Documents/work/multivers/projects/DEF-DGI/components/node_modules/lodash/_getTag.js
<s> [webpack.Progress] 67% building 705/737 modules 32 active /Users/josuembuyu/Documents/work/multivers/projects/DEF-DGI/components/node_modules/lodash/_equalObjects.js
<s> [webpack.Progress] 67% building 706/737 modules 31 active /Users/josuembuyu/Documents/work/multivers/projects/DEF-DGI/components/node_modules/lodash/_equalObjects.js
<s> [webpack.Progress] 67% building 707/737 modules 30 active /Users/josuembuyu/Documents/work/multivers/projects/DEF-DGI/components/node_modules/lodash/_equalObjects.js
<s> [webpack.Progress] 67% building 708/737 modules 29 active /Users/josuembuyu/Documents/work/multivers/projects/DEF-DGI/components/node_modules/lodash/_equalObjects.js
<s> [webpack.Progress] 67% building 709/737 modules 28 active /Users/josuembuyu/Documents/work/multivers/projects/DEF-DGI/components/node_modules/lodash/_equalObjects.js
<s> [webpack.Progress] 67% building 710/737 modules 27 active /Users/josuembuyu/Documents/work/multivers/projects/DEF-DGI/components/node_modules/lodash/_equalObjects.js
<s> [webpack.Progress] 67% building 711/737 modules 26 active /Users/josuembuyu/Documents/work/multivers/projects/DEF-DGI/components/node_modules/lodash/_equalObjects.js
<s> [webpack.Progress] 67% building 712/737 modules 25 active /Users/josuembuyu/Documents/work/multivers/projects/DEF-DGI/components/node_modules/lodash/_equalObjects.js
<s> [webpack.Progress] 68% building 713/737 modules 24 active /Users/josuembuyu/Documents/work/multivers/projects/DEF-DGI/components/node_modules/lodash/_equalObjects.js
<s> [webpack.Progress] 68% building 714/737 modules 23 active /Users/josuembuyu/Documents/work/multivers/projects/DEF-DGI/components/node_modules/lodash/_equalObjects.js
<s> [webpack.Progress] 68% building 715/737 modules 22 active /Users/josuembuyu/Documents/work/multivers/projects/DEF-DGI/components/node_modules/lodash/_equalObjects.js
<s> [webpack.Progress] 68% building 716/737 modules 21 active /Users/josuembuyu/Documents/work/multivers/projects/DEF-DGI/components/node_modules/lodash/_equalObjects.js
<s> [webpack.Progress] 68% building 717/737 modules 20 active /Users/josuembuyu/Documents/work/multivers/projects/DEF-DGI/components/node_modules/lodash/_equalObjects.js
<s> [webpack.Progress] 68% building 718/737 modules 19 active /Users/josuembuyu/Documents/work/multivers/projects/DEF-DGI/components/node_modules/lodash/_equalObjects.js
<s> [webpack.Progress] 68% building 719/737 modules 18 active /Users/josuembuyu/Documents/work/multivers/projects/DEF-DGI/components/node_modules/lodash/_equalObjects.js
<s> [webpack.Progress] 68% building 719/738 modules 19 active /Users/josuembuyu/Documents/work/multivers/projects/DEF-DGI/components/node_modules/lodash/_equalByTag.js
<s> [webpack.Progress] 68% building 720/738 modules 18 active /Users/josuembuyu/Documents/work/multivers/projects/DEF-DGI/components/node_modules/lodash/_equalByTag.js
<s> [webpack.Progress] 68% building 721/738 modules 17 active /Users/josuembuyu/Documents/work/multivers/projects/DEF-DGI/components/node_modules/lodash/_equalByTag.js
<s> [webpack.Progress] 68% building 722/738 modules 16 active /Users/josuembuyu/Documents/work/multivers/projects/DEF-DGI/components/node_modules/lodash/_equalByTag.js
<s> [webpack.Progress] 68% building 722/739 modules 17 active /Users/josuembuyu/Documents/work/multivers/projects/DEF-DGI/components/node_modules/@storybook/react/dist/esm/client/docs/lib/defaultValues/createDefaultValue.js
<s> [webpack.Progress] 68% building 723/739 modules 16 active /Users/josuembuyu/Documents/work/multivers/projects/DEF-DGI/components/node_modules/@storybook/react/dist/esm/client/docs/lib/defaultValues/createDefaultValue.js
<s> [webpack.Progress] 68% building 724/739 modules 15 active /Users/josuembuyu/Documents/work/multivers/projects/DEF-DGI/components/node_modules/@storybook/react/dist/esm/client/docs/lib/defaultValues/createDefaultValue.js
<s> [webpack.Progress] 68% building 725/739 modules 14 active /Users/josuembuyu/Documents/work/multivers/projects/DEF-DGI/components/node_modules/@storybook/react/dist/esm/client/docs/lib/defaultValues/createDefaultValue.js
<s> [webpack.Progress] 68% building 726/739 modules 13 active /Users/josuembuyu/Documents/work/multivers/projects/DEF-DGI/components/node_modules/@storybook/react/dist/esm/client/docs/lib/defaultValues/createDefaultValue.js
<s> [webpack.Progress] 69% building 727/739 modules 12 active /Users/josuembuyu/Documents/work/multivers/projects/DEF-DGI/components/node_modules/@storybook/react/dist/esm/client/docs/lib/defaultValues/createDefaultValue.js
<s> [webpack.Progress] 69% building 728/739 modules 11 active /Users/josuembuyu/Documents/work/multivers/projects/DEF-DGI/components/node_modules/@storybook/react/dist/esm/client/docs/lib/defaultValues/createDefaultValue.js
<s> [webpack.Progress] 69% building 728/740 modules 12 active /Users/josuembuyu/Documents/work/multivers/projects/DEF-DGI/components/node_modules/get-intrinsic/index.js
<s> [webpack.Progress] 68% building 728/741 modules 13 active /Users/josuembuyu/Documents/work/multivers/projects/DEF-DGI/components/node_modules/object-inspect/index.js
<s> [webpack.Progress] 69% building 729/741 modules 12 active /Users/josuembuyu/Documents/work/multivers/projects/DEF-DGI/components/node_modules/object-inspect/index.js
<s> [webpack.Progress] 68% building 729/742 modules 13 active /Users/josuembuyu/Documents/work/multivers/projects/DEF-DGI/components/node_modules/@storybook/react/dist/esm/client/docs/lib/defaultValues/createFromRawDefaultProp.js
<s> [webpack.Progress] 69% building 730/742 modules 12 active /Users/josuembuyu/Documents/work/multivers/projects/DEF-DGI/components/node_modules/@storybook/react/dist/esm/client/docs/lib/defaultValues/createFromRawDefaultProp.js
<s> [webpack.Progress] 69% building 731/742 modules 11 active /Users/josuembuyu/Documents/work/multivers/projects/DEF-DGI/components/node_modules/@storybook/react/dist/esm/client/docs/lib/defaultValues/createFromRawDefaultProp.js
<s> [webpack.Progress] 69% building 732/742 modules 10 active /Users/josuembuyu/Documents/work/multivers/projects/DEF-DGI/components/node_modules/@storybook/react/dist/esm/client/docs/lib/defaultValues/createFromRawDefaultProp.js
<s> [webpack.Progress] 69% building 732/743 modules 11 active /Users/josuembuyu/Documents/work/multivers/projects/DEF-DGI/components/node_modules/@storybook/core-client/dist/esm/preview/index.js
<s> [webpack.Progress] 69% building 733/743 modules 10 active /Users/josuembuyu/Documents/work/multivers/projects/DEF-DGI/components/node_modules/@storybook/core-client/dist/esm/preview/index.js
<s> [webpack.Progress] 69% building 733/744 modules 11 active /Users/josuembuyu/Documents/work/multivers/projects/DEF-DGI/components/node_modules/refractor/lang/javascript.js
<s> [webpack.Progress] 69% building 734/744 modules 10 active /Users/josuembuyu/Documents/work/multivers/projects/DEF-DGI/components/node_modules/refractor/lang/javascript.js
<s> [webpack.Progress] 69% building 734/745 modules 11 active /Users/josuembuyu/Documents/work/multivers/projects/DEF-DGI/components/node_modules/refractor/lang/clike.js
<s> [webpack.Progress] 69% building 734/746 modules 12 active /Users/josuembuyu/Documents/work/multivers/projects/DEF-DGI/components/node_modules/refractor/lang/css.js
<s> [webpack.Progress] 68% building 734/747 modules 13 active /Users/josuembuyu/Documents/work/multivers/projects/DEF-DGI/components/node_modules/lodash/_isPrototype.js
<s> [webpack.Progress] 68% building 734/748 modules 14 active /Users/josuembuyu/Documents/work/multivers/projects/DEF-DGI/components/node_modules/lodash/_nativeKeys.js
<s> [webpack.Progress] 68% building 734/749 modules 15 active /Users/josuembuyu/Documents/work/multivers/projects/DEF-DGI/components/node_modules/lodash/_arrayFilter.js
<s> [webpack.Progress] 68% building 734/750 modules 16 active /Users/josuembuyu/Documents/work/multivers/projects/DEF-DGI/components/node_modules/refractor/lang/markup.js
<s> [webpack.Progress] 68% building 734/751 modules 17 active /Users/josuembuyu/Documents/work/multivers/projects/DEF-DGI/components/node_modules/lodash/_nativeKeysIn.js
<s> [webpack.Progress] 68% building 735/751 modules 16 active /Users/josuembuyu/Documents/work/multivers/projects/DEF-DGI/components/node_modules/lodash/_nativeKeysIn.js
<s> [webpack.Progress] 68% building 736/751 modules 15 active /Users/josuembuyu/Documents/work/multivers/projects/DEF-DGI/components/node_modules/lodash/_nativeKeysIn.js
<s> [webpack.Progress] 68% building 737/751 modules 14 active /Users/josuembuyu/Documents/work/multivers/projects/DEF-DGI/components/node_modules/lodash/_nativeKeysIn.js
<s> [webpack.Progress] 68% building 737/752 modules 15 active /Users/josuembuyu/Documents/work/multivers/projects/DEF-DGI/components/node_modules/core-js/modules/es.typed-array.for-each.js
<s> [webpack.Progress] 68% building 737/753 modules 16 active /Users/josuembuyu/Documents/work/multivers/projects/DEF-DGI/components/node_modules/core-js/modules/es.typed-array.find-index.js
<s> [webpack.Progress] 68% building 737/754 modules 17 active /Users/josuembuyu/Documents/work/multivers/projects/DEF-DGI/components/node_modules/lodash/_equalArrays.js
<s> [webpack.Progress] 68% building 737/755 modules 18 active /Users/josuembuyu/Documents/work/multivers/projects/DEF-DGI/components/node_modules/core-js/modules/es.typed-array.find.js
<s> [webpack.Progress] 68% building 738/755 modules 17 active /Users/josuembuyu/Documents/work/multivers/projects/DEF-DGI/components/node_modules/core-js/modules/es.typed-array.find.js
<s> [webpack.Progress] 68% building 738/756 modules 18 active /Users/josuembuyu/Documents/work/multivers/projects/DEF-DGI/components/node_modules/assert/assert.js
<s> [webpack.Progress] 68% building 738/757 modules 19 active /Users/josuembuyu/Documents/work/multivers/projects/DEF-DGI/components/node_modules/@storybook/docs-tools/dist/esm/argTypes/convert/typescript/convert.js
<s> [webpack.Progress] 68% building 738/758 modules 20 active /Users/josuembuyu/Documents/work/multivers/projects/DEF-DGI/components/node_modules/@storybook/docs-tools/dist/esm/argTypes/convert/typescript/types.js
<s> [webpack.Progress] 68% building 738/759 modules 21 active /Users/josuembuyu/Documents/work/multivers/projects/DEF-DGI/components/node_modules/es-abstract/2021/abs.js
<s> [webpack.Progress] 68% building 739/759 modules 20 active /Users/josuembuyu/Documents/work/multivers/projects/DEF-DGI/components/node_modules/es-abstract/2021/abs.js
<s> [webpack.Progress] 68% building 739/760 modules 21 active /Users/josuembuyu/Documents/work/multivers/projects/DEF-DGI/components/node_modules/core-js/modules/es.typed-array.filter.js
<s> [webpack.Progress] 68% building 739/761 modules 22 active /Users/josuembuyu/Documents/work/multivers/projects/DEF-DGI/components/node_modules/core-js/modules/es.typed-array.fill.js
<s> [webpack.Progress] 68% building 739/762 modules 23 active /Users/josuembuyu/Documents/work/multivers/projects/DEF-DGI/components/node_modules/core-js/modules/es.typed-array.every.js
<s> [webpack.Progress] 68% building 739/763 modules 24 active /Users/josuembuyu/Documents/work/multivers/projects/DEF-DGI/components/node_modules/core-js/modules/es.typed-array.copy-within.js
<s> [webpack.Progress] 68% building 739/764 modules 25 active /Users/josuembuyu/Documents/work/multivers/projects/DEF-DGI/components/node_modules/es-abstract/2021/RequireObjectCoercible.js
<s> [webpack.Progress] 67% building 739/765 modules 26 active /Users/josuembuyu/Documents/work/multivers/projects/DEF-DGI/components/node_modules/es-abstract/2021/CreateDataProperty.js
<s> [webpack.Progress] 67% building 739/766 modules 27 active /Users/josuembuyu/Documents/work/multivers/projects/DEF-DGI/components/node_modules/promise.prototype.finally/requirePromise.js
<s> [webpack.Progress] 67% building 739/767 modules 28 active /Users/josuembuyu/Documents/work/multivers/projects/DEF-DGI/components/node_modules/promise.prototype.finally/polyfill.js
<s> [webpack.Progress] 67% building 739/768 modules 29 active /Users/josuembuyu/Documents/work/multivers/projects/DEF-DGI/components/node_modules/lodash/_toSource.js
<s> [webpack.Progress] 67% building 739/769 modules 30 active /Users/josuembuyu/Documents/work/multivers/projects/DEF-DGI/components/node_modules/array.prototype.flat/shim.js
<s> [webpack.Progress] 67% building 739/770 modules 31 active /Users/josuembuyu/Documents/work/multivers/projects/DEF-DGI/components/node_modules/lodash/_isMasked.js
<s> [webpack.Progress] 67% building 740/770 modules 30 active /Users/josuembuyu/Documents/work/multivers/projects/DEF-DGI/components/node_modules/lodash/_isMasked.js
<s> [webpack.Progress] 67% building 740/771 modules 31 active /Users/josuembuyu/Documents/work/multivers/projects/DEF-DGI/components/node_modules/@storybook/docs-tools/dist/esm/argTypes/convert/proptypes/convert.js
<s> [webpack.Progress] 67% building 740/772 modules 32 active /Users/josuembuyu/Documents/work/multivers/projects/DEF-DGI/components/node_modules/@storybook/docs-tools/dist/esm/argTypes/convert/proptypes/types.js
<s> [webpack.Progress] 67% building 740/773 modules 33 active /Users/josuembuyu/Documents/work/multivers/projects/DEF-DGI/components/node_modules/es-abstract/2021/ToString.js
<s> [webpack.Progress] 67% building 741/773 modules 32 active /Users/josuembuyu/Documents/work/multivers/projects/DEF-DGI/components/node_modules/es-abstract/2021/ToString.js
<s> [webpack.Progress] 67% building 741/774 modules 33 active /Users/josuembuyu/Documents/work/multivers/projects/DEF-DGI/components/node_modules/string.prototype.matchall/auto.js
<s> [webpack.Progress] 67% building 741/775 modules 34 active /Users/josuembuyu/Documents/work/multivers/projects/DEF-DGI/components/node_modules/core-js/modules/es.typed-array.uint8-array.js
<s> [webpack.Progress] 67% building 741/776 modules 35 active /Users/josuembuyu/Documents/work/multivers/projects/DEF-DGI/components/node_modules/core-js/modules/web.url.to-json.js
<s> [webpack.Progress] 67% building 741/777 modules 36 active /Users/josuembuyu/Documents/work/multivers/projects/DEF-DGI/components/node_modules/lodash/_ListCache.js
<s> [webpack.Progress] 67% building 741/778 modules 37 active /Users/josuembuyu/Documents/work/multivers/projects/DEF-DGI/components/node_modules/lodash/_baseIsArguments.js
<s> [webpack.Progress] 67% building 742/778 modules 36 active /Users/josuembuyu/Documents/work/multivers/projects/DEF-DGI/components/node_modules/lodash/_baseIsArguments.js
<s> [webpack.Progress] 67% building 742/779 modules 37 active /Users/josuembuyu/Documents/work/multivers/projects/DEF-DGI/components/node_modules/@storybook/docs-tools/dist/esm/argTypes/convert/flow/convert.js
<s> [webpack.Progress] 67% building 742/780 modules 38 active /Users/josuembuyu/Documents/work/multivers/projects/DEF-DGI/components/node_modules/@storybook/docs-tools/dist/esm/argTypes/convert/flow/types.js
<s> [webpack.Progress] 67% building 742/781 modules 39 active /Users/josuembuyu/Documents/work/multivers/projects/DEF-DGI/components/node_modules/object-keys/index.js
<s> [webpack.Progress] 66% building 742/782 modules 40 active /Users/josuembuyu/Documents/work/multivers/projects/DEF-DGI/components/node_modules/lodash/_stackSet.js
<s> [webpack.Progress] 67% building 743/782 modules 39 active /Users/josuembuyu/Documents/work/multivers/projects/DEF-DGI/components/node_modules/lodash/_stackSet.js
<s> [webpack.Progress] 66% building 743/783 modules 40 active /Users/josuembuyu/Documents/work/multivers/projects/DEF-DGI/components/node_modules/lodash/_stackHas.js
<s> [webpack.Progress] 66% building 743/784 modules 41 active /Users/josuembuyu/Documents/work/multivers/projects/DEF-DGI/components/node_modules/lodash/_stackGet.js
<s> [webpack.Progress] 66% building 743/785 modules 42 active /Users/josuembuyu/Documents/work/multivers/projects/DEF-DGI/components/node_modules/lodash/_stackDelete.js
<s> [webpack.Progress] 66% building 743/786 modules 43 active /Users/josuembuyu/Documents/work/multivers/projects/DEF-DGI/components/node_modules/lodash/_stackClear.js
<s> [webpack.Progress] 66% building 743/787 modules 44 active /Users/josuembuyu/Documents/work/multivers/projects/DEF-DGI/components/node_modules/@babel/runtime/helpers/objectWithoutProperties.js
<s> [webpack.Progress] 66% building 743/788 modules 45 active /Users/josuembuyu/Documents/work/multivers/projects/DEF-DGI/components/node_modules/@storybook/react/dist/esm/client/docs/lib/inspection/index.js
<s> [webpack.Progress] 66% building 744/788 modules 44 active /Users/josuembuyu/Documents/work/multivers/projects/DEF-DGI/components/node_modules/@storybook/react/dist/esm/client/docs/lib/inspection/index.js
<s> [webpack.Progress] 66% building 745/788 modules 43 active /Users/josuembuyu/Documents/work/multivers/projects/DEF-DGI/components/node_modules/@storybook/react/dist/esm/client/docs/lib/inspection/index.js
<s> [webpack.Progress] 66% building 746/788 modules 42 active /Users/josuembuyu/Documents/work/multivers/projects/DEF-DGI/components/node_modules/@storybook/react/dist/esm/client/docs/lib/inspection/index.js
<s> [webpack.Progress] 66% building 747/788 modules 41 active /Users/josuembuyu/Documents/work/multivers/projects/DEF-DGI/components/node_modules/@storybook/react/dist/esm/client/docs/lib/inspection/index.js
<s> [webpack.Progress] 66% building 748/788 modules 40 active /Users/josuembuyu/Documents/work/multivers/projects/DEF-DGI/components/node_modules/@storybook/react/dist/esm/client/docs/lib/inspection/index.js
<s> [webpack.Progress] 66% building 748/789 modules 41 active /Users/josuembuyu/Documents/work/multivers/projects/DEF-DGI/components/node_modules/@storybook/store/dist/esm/inferArgTypes.js
<s> [webpack.Progress] 66% building 748/790 modules 42 active /Users/josuembuyu/Documents/work/multivers/projects/DEF-DGI/components/node_modules/object.fromentries/shim.js
<s> [webpack.Progress] 66% building 748/791 modules 43 active /Users/josuembuyu/Documents/work/multivers/projects/DEF-DGI/components/node_modules/promise.allsettled/auto.js
<s> [webpack.Progress] 66% building 749/791 modules 42 active /Users/josuembuyu/Documents/work/multivers/projects/DEF-DGI/components/node_modules/promise.allsettled/auto.js
<s> [webpack.Progress] 66% building 749/792 modules 43 active /Users/josuembuyu/Documents/work/multivers/projects/DEF-DGI/components/node_modules/es-abstract/helpers/sign.js
<s> [webpack.Progress] 66% building 749/793 modules 44 active /Users/josuembuyu/Documents/work/multivers/projects/DEF-DGI/components/node_modules/es-abstract/2021/ToNumber.js
<s> [webpack.Progress] 66% building 749/794 modules 45 active /Users/josuembuyu/Documents/work/multivers/projects/DEF-DGI/components/node_modules/es-abstract/2021/floor.js
<s> [webpack.Progress] 66% building 750/794 modules 44 active /Users/josuembuyu/Documents/work/multivers/projects/DEF-DGI/components/node_modules/es-abstract/2021/floor.js
<s> [webpack.Progress] 66% building 751/794 modules 43 active /Users/josuembuyu/Documents/work/multivers/projects/DEF-DGI/components/node_modules/es-abstract/2021/floor.js
<s> [webpack.Progress] 66% building 751/795 modules 44 active /Users/josuembuyu/Documents/work/multivers/projects/DEF-DGI/components/node_modules/lodash/memoize.js
<s> [webpack.Progress] 66% building 751/796 modules 45 active /Users/josuembuyu/Documents/work/multivers/projects/DEF-DGI/components/node_modules/@babel/runtime/helpers/defineProperty.js
<s> [webpack.Progress] 66% building 751/797 modules 46 active /Users/josuembuyu/Documents/work/multivers/projects/DEF-DGI/components/node_modules/@babel/runtime/helpers/toConsumableArray.js
<s> [webpack.Progress] 66% building 751/798 modules 47 active /Users/josuembuyu/Documents/work/multivers/projects/DEF-DGI/components/node_modules/symbol.prototype.description/shim.js
<s> [webpack.Progress] 66% building 751/799 modules 48 active /Users/josuembuyu/Documents/work/multivers/projects/DEF-DGI/components/node_modules/lodash/_hasUnicodeWord.js
<s> [webpack.Progress] 66% building 751/800 modules 49 active /Users/josuembuyu/Documents/work/multivers/projects/DEF-DGI/components/node_modules/array.prototype.flatmap/shim.js
<s> [webpack.Progress] 66% building 751/801 modules 50 active /Users/josuembuyu/Documents/work/multivers/projects/DEF-DGI/components/node_modules/@storybook/docs-tools/dist/esm/argTypes/docgen/PropDef.js
<s> [webpack.Progress] 66% building 751/802 modules 51 active /Users/josuembuyu/Documents/work/multivers/projects/DEF-DGI/components/node_modules/@storybook/docs-tools/dist/esm/argTypes/docgen/extractDocgenProps.js
<s> [webpack.Progress] 66% building 752/802 modules 50 active /Users/josuembuyu/Documents/work/multivers/projects/DEF-DGI/components/node_modules/@storybook/docs-tools/dist/esm/argTypes/docgen/extractDocgenProps.js
<s> [webpack.Progress] 66% building 753/802 modules 49 active /Users/josuembuyu/Documents/work/multivers/projects/DEF-DGI/components/node_modules/@storybook/docs-tools/dist/esm/argTypes/docgen/extractDocgenProps.js
<s> [webpack.Progress] 66% building 753/803 modules 50 active /Users/josuembuyu/Documents/work/multivers/projects/DEF-DGI/components/node_modules/source-map/lib/source-map-generator.js
<s> [webpack.Progress] 66% building 753/804 modules 51 active /Users/josuembuyu/Documents/work/multivers/projects/DEF-DGI/components/node_modules/source-map/lib/source-node.js
<s> [webpack.Progress] 66% building 753/805 modules 52 active /Users/josuembuyu/Documents/work/multivers/projects/DEF-DGI/components/node_modules/source-map/lib/source-map-consumer.js
<s> [webpack.Progress] 66% building 753/806 modules 53 active /Users/josuembuyu/Documents/work/multivers/projects/DEF-DGI/components/node_modules/lodash/_baseIsTypedArray.js
<s> [webpack.Progress] 65% building 753/807 modules 54 active /Users/josuembuyu/Documents/work/multivers/projects/DEF-DGI/components/node_modules/esutils/lib/ast.js
<s> [webpack.Progress] 65% building 753/808 modules 55 active /Users/josuembuyu/Documents/work/multivers/projects/DEF-DGI/components/node_modules/lodash/stubFalse.js
<s> [webpack.Progress] 65% building 753/809 modules 56 active /Users/josuembuyu/Documents/work/multivers/projects/DEF-DGI/components/node_modules/esutils/lib/keyword.js
<s> [webpack.Progress] 65% building 753/810 modules 57 active /Users/josuembuyu/Documents/work/multivers/projects/DEF-DGI/components/node_modules/esutils/lib/code.js
<s> [webpack.Progress] 65% building 753/811 modules 58 active /Users/josuembuyu/Documents/work/multivers/projects/DEF-DGI/components/node_modules/lodash/_nodeUtil.js
<s> [webpack.Progress] 65% building 754/811 modules 57 active /Users/josuembuyu/Documents/work/multivers/projects/DEF-DGI/components/node_modules/lodash/_nodeUtil.js
<s> [webpack.Progress] 65% building 754/812 modules 58 active /Users/josuembuyu/Documents/work/multivers/projects/DEF-DGI/components/node_modules/lodash/_baseUnary.js
<s> [webpack.Progress] 65% building 755/812 modules 57 active /Users/josuembuyu/Documents/work/multivers/projects/DEF-DGI/components/node_modules/lodash/_baseUnary.js
<s> [webpack.Progress] 65% building 756/812 modules 56 active /Users/josuembuyu/Documents/work/multivers/projects/DEF-DGI/components/node_modules/lodash/_baseUnary.js
<s> [webpack.Progress] 65% building 757/812 modules 55 active /Users/josuembuyu/Documents/work/multivers/projects/DEF-DGI/components/node_modules/lodash/_baseUnary.js
<s> [webpack.Progress] 66% building 758/812 modules 54 active /Users/josuembuyu/Documents/work/multivers/projects/DEF-DGI/components/node_modules/lodash/_baseUnary.js
<s> [webpack.Progress] 66% building 759/812 modules 53 active /Users/josuembuyu/Documents/work/multivers/projects/DEF-DGI/components/node_modules/lodash/_baseUnary.js
<s> [webpack.Progress] 66% building 760/812 modules 52 active /Users/josuembuyu/Documents/work/multivers/projects/DEF-DGI/components/node_modules/lodash/_baseUnary.js
<s> [webpack.Progress] 66% building 761/812 modules 51 active /Users/josuembuyu/Documents/work/multivers/projects/DEF-DGI/components/node_modules/lodash/_baseUnary.js
<s> [webpack.Progress] 66% building 762/812 modules 50 active /Users/josuembuyu/Documents/work/multivers/projects/DEF-DGI/components/node_modules/lodash/_baseUnary.js
<s> [webpack.Progress] 66% building 762/813 modules 51 active /Users/josuembuyu/Documents/work/multivers/projects/DEF-DGI/components/node_modules/has-property-descriptors/index.js
<s> [webpack.Progress] 66% building 763/813 modules 50 active /Users/josuembuyu/Documents/work/multivers/projects/DEF-DGI/components/node_modules/has-property-descriptors/index.js
<s> [webpack.Progress] 66% building 764/813 modules 49 active /Users/josuembuyu/Documents/work/multivers/projects/DEF-DGI/components/node_modules/has-property-descriptors/index.js
<s> [webpack.Progress] 66% building 764/814 modules 50 active /Users/josuembuyu/Documents/work/multivers/projects/DEF-DGI/components/node_modules/es-abstract/helpers/maxSafeInteger.js
<s> [webpack.Progress] 66% building 765/814 modules 49 active /Users/josuembuyu/Documents/work/multivers/projects/DEF-DGI/components/node_modules/es-abstract/helpers/maxSafeInteger.js
<s> [webpack.Progress] 66% building 765/815 modules 50 active /Users/josuembuyu/Documents/work/multivers/projects/DEF-DGI/components/node_modules/globalthis/auto.js
<s> [webpack.Progress] 66% building 766/815 modules 49 active /Users/josuembuyu/Documents/work/multivers/projects/DEF-DGI/components/node_modules/globalthis/auto.js
<s> [webpack.Progress] 66% building 767/815 modules 48 active /Users/josuembuyu/Documents/work/multivers/projects/DEF-DGI/components/node_modules/globalthis/auto.js
<s> [webpack.Progress] 66% building 768/815 modules 47 active /Users/josuembuyu/Documents/work/multivers/projects/DEF-DGI/components/node_modules/globalthis/auto.js
<s> [webpack.Progress] 66% building 769/815 modules 46 active /Users/josuembuyu/Documents/work/multivers/projects/DEF-DGI/components/node_modules/globalthis/auto.js
<s> [webpack.Progress] 66% building 770/815 modules 45 active /Users/josuembuyu/Documents/work/multivers/projects/DEF-DGI/components/node_modules/globalthis/auto.js
<s> [webpack.Progress] 66% building 771/815 modules 44 active /Users/josuembuyu/Documents/work/multivers/projects/DEF-DGI/components/node_modules/globalthis/auto.js
<s> [webpack.Progress] 66% building 772/815 modules 43 active /Users/josuembuyu/Documents/work/multivers/projects/DEF-DGI/components/node_modules/globalthis/auto.js
<s> [webpack.Progress] 66% building 773/815 modules 42 active /Users/josuembuyu/Documents/work/multivers/projects/DEF-DGI/components/node_modules/globalthis/auto.js
<s> [webpack.Progress] 66% building 774/815 modules 41 active /Users/josuembuyu/Documents/work/multivers/projects/DEF-DGI/components/node_modules/globalthis/auto.js
<s> [webpack.Progress] 67% building 775/815 modules 40 active /Users/josuembuyu/Documents/work/multivers/projects/DEF-DGI/components/node_modules/globalthis/auto.js
<s> [webpack.Progress] 67% building 776/815 modules 39 active /Users/josuembuyu/Documents/work/multivers/projects/DEF-DGI/components/node_modules/globalthis/auto.js
<s> [webpack.Progress] 67% building 777/815 modules 38 active /Users/josuembuyu/Documents/work/multivers/projects/DEF-DGI/components/node_modules/globalthis/auto.js
<s> [webpack.Progress] 67% building 778/815 modules 37 active /Users/josuembuyu/Documents/work/multivers/projects/DEF-DGI/components/node_modules/globalthis/auto.js
<s> [webpack.Progress] 67% building 779/815 modules 36 active /Users/josuembuyu/Documents/work/multivers/projects/DEF-DGI/components/node_modules/globalthis/auto.js
<s> [webpack.Progress] 67% building 780/815 modules 35 active /Users/josuembuyu/Documents/work/multivers/projects/DEF-DGI/components/node_modules/globalthis/auto.js
<s> [webpack.Progress] 67% building 781/815 modules 34 active /Users/josuembuyu/Documents/work/multivers/projects/DEF-DGI/components/node_modules/globalthis/auto.js
<s> [webpack.Progress] 67% building 782/815 modules 33 active /Users/josuembuyu/Documents/work/multivers/projects/DEF-DGI/components/node_modules/globalthis/auto.js
<s> [webpack.Progress] 67% building 783/815 modules 32 active /Users/josuembuyu/Documents/work/multivers/projects/DEF-DGI/components/node_modules/globalthis/auto.js
<s> [webpack.Progress] 67% building 784/815 modules 31 active /Users/josuembuyu/Documents/work/multivers/projects/DEF-DGI/components/node_modules/globalthis/auto.js
<s> [webpack.Progress] 67% building 785/815 modules 30 active /Users/josuembuyu/Documents/work/multivers/projects/DEF-DGI/components/node_modules/globalthis/auto.js
<s> [webpack.Progress] 67% building 786/815 modules 29 active /Users/josuembuyu/Documents/work/multivers/projects/DEF-DGI/components/node_modules/globalthis/auto.js
<s> [webpack.Progress] 67% building 786/816 modules 30 active /Users/josuembuyu/Documents/work/multivers/projects/DEF-DGI/components/node_modules/core-js/modules/es.string.from-code-point.js
<s> [webpack.Progress] 67% building 786/817 modules 31 active /Users/josuembuyu/Documents/work/multivers/projects/DEF-DGI/components/node_modules/@babel/runtime/helpers/extends.js
<s> [webpack.Progress] 67% building 786/818 modules 32 active /Users/josuembuyu/Documents/work/multivers/projects/DEF-DGI/components/node_modules/lodash/_DataView.js
<s> [webpack.Progress] 67% building 787/818 modules 31 active /Users/josuembuyu/Documents/work/multivers/projects/DEF-DGI/components/node_modules/lodash/_DataView.js
<s> [webpack.Progress] 67% building 787/819 modules 32 active /Users/josuembuyu/Documents/work/multivers/projects/DEF-DGI/components/node_modules/lodash/_getAllKeys.js
<s> [webpack.Progress] 67% building 787/820 modules 33 active /Users/josuembuyu/Documents/work/multivers/projects/DEF-DGI/components/node_modules/core-js/modules/es.number.max-safe-integer.js
<s> [webpack.Progress] 67% building 787/821 modules 34 active /Users/josuembuyu/Documents/work/multivers/projects/DEF-DGI/components/node_modules/core-js/modules/es.string.code-point-at.js
<s> [webpack.Progress] 67% building 788/821 modules 33 active /Users/josuembuyu/Documents/work/multivers/projects/DEF-DGI/components/node_modules/core-js/modules/es.string.code-point-at.js
<s> [webpack.Progress] 67% building 788/822 modules 34 active ignored /Users/josuembuyu/Documents/work/multivers/projects/DEF-DGI/components/node_modules/object-inspect ./util.inspect
<s> [webpack.Progress] 67% building 789/822 modules 33 active /Users/josuembuyu/Documents/work/multivers/projects/DEF-DGI/components/node_modules/core-js/modules/es.string.code-point-at.js
<s> [webpack.Progress] 67% building 790/822 modules 32 active /Users/josuembuyu/Documents/work/multivers/projects/DEF-DGI/components/node_modules/core-js/modules/es.string.code-point-at.js
<s> [webpack.Progress] 67% building 791/822 modules 31 active /Users/josuembuyu/Documents/work/multivers/projects/DEF-DGI/components/node_modules/core-js/modules/es.string.code-point-at.js
<s> [webpack.Progress] 67% building 792/822 modules 30 active /Users/josuembuyu/Documents/work/multivers/projects/DEF-DGI/components/node_modules/core-js/modules/es.string.code-point-at.js
<s> [webpack.Progress] 67% building 793/822 modules 29 active /Users/josuembuyu/Documents/work/multivers/projects/DEF-DGI/components/node_modules/core-js/modules/es.string.code-point-at.js
<s> [webpack.Progress] 67% building 794/822 modules 28 active /Users/josuembuyu/Documents/work/multivers/projects/DEF-DGI/components/node_modules/core-js/modules/es.string.code-point-at.js
<s> [webpack.Progress] 67% building 794/823 modules 29 active /Users/josuembuyu/Documents/work/multivers/projects/DEF-DGI/components/node_modules/is-string/index.js
<s> [webpack.Progress] 67% building 795/823 modules 28 active /Users/josuembuyu/Documents/work/multivers/projects/DEF-DGI/components/node_modules/is-string/index.js
<s> [webpack.Progress] 68% building 796/823 modules 27 active /Users/josuembuyu/Documents/work/multivers/projects/DEF-DGI/components/node_modules/is-string/index.js
<s> [webpack.Progress] 68% building 797/823 modules 26 active /Users/josuembuyu/Documents/work/multivers/projects/DEF-DGI/components/node_modules/is-string/index.js
<s> [webpack.Progress] 68% building 798/823 modules 25 active /Users/josuembuyu/Documents/work/multivers/projects/DEF-DGI/components/node_modules/is-string/index.js
<s> [webpack.Progress] 68% building 799/823 modules 24 active /Users/josuembuyu/Documents/work/multivers/projects/DEF-DGI/components/node_modules/is-string/index.js
<s> [webpack.Progress] 68% building 800/823 modules 23 active /Users/josuembuyu/Documents/work/multivers/projects/DEF-DGI/components/node_modules/is-string/index.js
<s> [webpack.Progress] 68% building 801/823 modules 22 active /Users/josuembuyu/Documents/work/multivers/projects/DEF-DGI/components/node_modules/is-string/index.js
<s> [webpack.Progress] 68% building 802/823 modules 21 active /Users/josuembuyu/Documents/work/multivers/projects/DEF-DGI/components/node_modules/is-string/index.js
<s> [webpack.Progress] 68% building 803/823 modules 20 active /Users/josuembuyu/Documents/work/multivers/projects/DEF-DGI/components/node_modules/is-string/index.js
<s> [webpack.Progress] 68% building 803/824 modules 21 active /Users/josuembuyu/Documents/work/multivers/projects/DEF-DGI/components/node_modules/lodash/_setToArray.js
<s> [webpack.Progress] 68% building 804/824 modules 20 active /Users/josuembuyu/Documents/work/multivers/projects/DEF-DGI/components/node_modules/lodash/_setToArray.js
<s> [webpack.Progress] 68% building 805/824 modules 19 active /Users/josuembuyu/Documents/work/multivers/projects/DEF-DGI/components/node_modules/lodash/_setToArray.js
<s> [webpack.Progress] 68% building 806/824 modules 18 active /Users/josuembuyu/Documents/work/multivers/projects/DEF-DGI/components/node_modules/lodash/_setToArray.js
<s> [webpack.Progress] 68% building 807/824 modules 17 active /Users/josuembuyu/Documents/work/multivers/projects/DEF-DGI/components/node_modules/lodash/_setToArray.js
<s> [webpack.Progress] 68% building 808/824 modules 16 active /Users/josuembuyu/Documents/work/multivers/projects/DEF-DGI/components/node_modules/lodash/_setToArray.js
<s> [webpack.Progress] 68% building 808/825 modules 17 active /Users/josuembuyu/Documents/work/multivers/projects/DEF-DGI/components/node_modules/@storybook/react/dist/esm/client/docs/lib/defaultValues/generateArray.js
<s> [webpack.Progress] 68% building 808/826 modules 18 active /Users/josuembuyu/Documents/work/multivers/projects/DEF-DGI/components/node_modules/@storybook/react/dist/esm/client/docs/lib/defaultValues/generateObject.js
<s> [webpack.Progress] 68% building 808/827 modules 19 active /Users/josuembuyu/Documents/work/multivers/projects/DEF-DGI/components/node_modules/lodash/_mapToArray.js
<s> [webpack.Progress] 68% building 808/828 modules 20 active /Users/josuembuyu/Documents/work/multivers/projects/DEF-DGI/components/node_modules/lodash/_Uint8Array.js
<s> [webpack.Progress] 68% building 809/828 modules 19 active /Users/josuembuyu/Documents/work/multivers/projects/DEF-DGI/components/node_modules/lodash/_Uint8Array.js
<s> [webpack.Progress] 68% building 810/828 modules 18 active /Users/josuembuyu/Documents/work/multivers/projects/DEF-DGI/components/node_modules/lodash/_Uint8Array.js
<s> [webpack.Progress] 68% building 811/828 modules 17 active /Users/josuembuyu/Documents/work/multivers/projects/DEF-DGI/components/node_modules/lodash/_Uint8Array.js
<s> [webpack.Progress] 68% building 812/828 modules 16 active /Users/josuembuyu/Documents/work/multivers/projects/DEF-DGI/components/node_modules/lodash/_Uint8Array.js
<s> [webpack.Progress] 68% building 813/828 modules 15 active /Users/josuembuyu/Documents/work/multivers/projects/DEF-DGI/components/node_modules/lodash/_Uint8Array.js
<s> [webpack.Progress] 68% building 813/829 modules 16 active /Users/josuembuyu/Documents/work/multivers/projects/DEF-DGI/components/node_modules/refractor/node_modules/prismjs/components/prism-core.js
<s> [webpack.Progress] 68% building 814/829 modules 15 active /Users/josuembuyu/Documents/work/multivers/projects/DEF-DGI/components/node_modules/refractor/node_modules/prismjs/components/prism-core.js
<s> [webpack.Progress] 68% building 815/829 modules 14 active /Users/josuembuyu/Documents/work/multivers/projects/DEF-DGI/components/node_modules/refractor/node_modules/prismjs/components/prism-core.js
<s> [webpack.Progress] 68% building 815/830 modules 15 active /Users/josuembuyu/Documents/work/multivers/projects/DEF-DGI/components/node_modules/@storybook/core-client/dist/esm/preview/start.js
<s> [webpack.Progress] 68% building 816/830 modules 14 active /Users/josuembuyu/Documents/work/multivers/projects/DEF-DGI/components/node_modules/@storybook/core-client/dist/esm/preview/start.js
<s> [webpack.Progress] 68% building 816/831 modules 15 active /Users/josuembuyu/Documents/work/multivers/projects/DEF-DGI/components/node_modules/lodash/_WeakMap.js
<s> [webpack.Progress] 68% building 816/832 modules 16 active /Users/josuembuyu/Documents/work/multivers/projects/DEF-DGI/components/node_modules/lodash/_Set.js
<s> [webpack.Progress] 68% building 816/833 modules 17 active /Users/josuembuyu/Documents/work/multivers/projects/DEF-DGI/components/node_modules/lodash/_Promise.js
<s> [webpack.Progress] 68% building 816/834 modules 18 active /Users/josuembuyu/Documents/work/multivers/projects/DEF-DGI/components/node_modules/lodash/_Map.js
<s> [webpack.Progress] 68% building 817/834 modules 17 active /Users/josuembuyu/Documents/work/multivers/projects/DEF-DGI/components/node_modules/lodash/_Map.js
<s> [webpack.Progress] 68% building 818/834 modules 16 active /Users/josuembuyu/Documents/work/multivers/projects/DEF-DGI/components/node_modules/lodash/_Map.js
<s> [webpack.Progress] 68% building 819/834 modules 15 active /Users/josuembuyu/Documents/work/multivers/projects/DEF-DGI/components/node_modules/lodash/_Map.js
<s> [webpack.Progress] 68% building 820/834 modules 14 active /Users/josuembuyu/Documents/work/multivers/projects/DEF-DGI/components/node_modules/lodash/_Map.js
<s> [webpack.Progress] 69% building 821/834 modules 13 active /Users/josuembuyu/Documents/work/multivers/projects/DEF-DGI/components/node_modules/lodash/_Map.js
<s> [webpack.Progress] 69% building 822/834 modules 12 active /Users/josuembuyu/Documents/work/multivers/projects/DEF-DGI/components/node_modules/lodash/_Map.js
<s> [webpack.Progress] 69% building 822/835 modules 13 active /Users/josuembuyu/Documents/work/multivers/projects/DEF-DGI/components/node_modules/react-syntax-highlighter/dist/esm/languages/prism/tsx.js
<s> [webpack.Progress] 69% building 823/835 modules 12 active /Users/josuembuyu/Documents/work/multivers/projects/DEF-DGI/components/node_modules/react-syntax-highlighter/dist/esm/languages/prism/tsx.js
<s> [webpack.Progress] 69% building 823/836 modules 13 active /Users/josuembuyu/Documents/work/multivers/projects/DEF-DGI/components/node_modules/lodash/_SetCache.js
<s> [webpack.Progress] 68% building 823/837 modules 14 active /Users/josuembuyu/Documents/work/multivers/projects/DEF-DGI/components/node_modules/lodash/_cacheHas.js
<s> [webpack.Progress] 69% building 824/837 modules 13 active /Users/josuembuyu/Documents/work/multivers/projects/DEF-DGI/components/node_modules/lodash/_cacheHas.js
<s> [webpack.Progress] 68% building 824/838 modules 14 active /Users/josuembuyu/Documents/work/multivers/projects/DEF-DGI/components/node_modules/core-js/internals/typed-array-from-species-and-list.js
<s> [webpack.Progress] 68% building 824/839 modules 15 active /Users/josuembuyu/Documents/work/multivers/projects/DEF-DGI/components/node_modules/core-js/internals/to-big-int.js
<s> [webpack.Progress] 68% building 824/840 modules 16 active /Users/josuembuyu/Documents/work/multivers/projects/DEF-DGI/components/node_modules/core-js/internals/array-copy-within.js
<s> [webpack.Progress] 68% building 825/840 modules 15 active /Users/josuembuyu/Documents/work/multivers/projects/DEF-DGI/components/node_modules/core-js/internals/array-copy-within.js
<s> [webpack.Progress] 69% building 826/840 modules 14 active /Users/josuembuyu/Documents/work/multivers/projects/DEF-DGI/components/node_modules/core-js/internals/array-copy-within.js
<s> [webpack.Progress] 69% building 827/840 modules 13 active /Users/josuembuyu/Documents/work/multivers/projects/DEF-DGI/components/node_modules/core-js/internals/array-copy-within.js
<s> [webpack.Progress] 69% building 828/840 modules 12 active /Users/josuembuyu/Documents/work/multivers/projects/DEF-DGI/components/node_modules/core-js/internals/array-copy-within.js
<s> [webpack.Progress] 69% building 828/841 modules 13 active /Users/josuembuyu/Documents/work/multivers/projects/DEF-DGI/components/node_modules/es-abstract/2021/Type.js
<s> [webpack.Progress] 69% building 828/842 modules 14 active /Users/josuembuyu/Documents/work/multivers/projects/DEF-DGI/components/node_modules/es-abstract/2021/SameValue.js
<s> [webpack.Progress] 68% building 828/843 modules 15 active /Users/josuembuyu/Documents/work/multivers/projects/DEF-DGI/components/node_modules/es-abstract/2021/IsPropertyKey.js
<s> [webpack.Progress] 68% building 828/844 modules 16 active /Users/josuembuyu/Documents/work/multivers/projects/DEF-DGI/components/node_modules/promise.prototype.finally/implementation.js
<s> [webpack.Progress] 68% building 828/845 modules 17 active /Users/josuembuyu/Documents/work/multivers/projects/DEF-DGI/components/node_modules/lodash/_coreJsData.js
<s> [webpack.Progress] 68% building 828/846 modules 18 active /Users/josuembuyu/Documents/work/multivers/projects/DEF-DGI/components/node_modules/array.prototype.flat/polyfill.js
<s> [webpack.Progress] 68% building 828/847 modules 19 active /Users/josuembuyu/Documents/work/multivers/projects/DEF-DGI/components/node_modules/util/util.js
<s> [webpack.Progress] 68% building 829/847 modules 18 active /Users/josuembuyu/Documents/work/multivers/projects/DEF-DGI/components/node_modules/util/util.js
<s> [webpack.Progress] 68% building 829/848 modules 19 active /Users/josuembuyu/Documents/work/multivers/projects/DEF-DGI/components/node_modules/@storybook/docs-tools/dist/esm/argTypes/convert/utils.js
<s> [webpack.Progress] 68% building 829/849 modules 20 active /Users/josuembuyu/Documents/work/multivers/projects/DEF-DGI/components/node_modules/string.prototype.matchall/shim.js
<s> [webpack.Progress] 68% building 829/850 modules 21 active /Users/josuembuyu/Documents/work/multivers/projects/DEF-DGI/components/node_modules/lodash/_listCacheClear.js
<s> [webpack.Progress] 68% building 829/851 modules 22 active /Users/josuembuyu/Documents/work/multivers/projects/DEF-DGI/components/node_modules/lodash/_listCacheSet.js
<s> [webpack.Progress] 68% building 829/852 modules 23 active /Users/josuembuyu/Documents/work/multivers/projects/DEF-DGI/components/node_modules/lodash/_listCacheHas.js
<s> [webpack.Progress] 68% building 829/853 modules 24 active /Users/josuembuyu/Documents/work/multivers/projects/DEF-DGI/components/node_modules/object-keys/isArguments.js
<s> [webpack.Progress] 68% building 829/854 modules 25 active /Users/josuembuyu/Documents/work/multivers/projects/DEF-DGI/components/node_modules/lodash/_MapCache.js
<s> [webpack.Progress] 68% building 829/855 modules 26 active /Users/josuembuyu/Documents/work/multivers/projects/DEF-DGI/components/node_modules/object-keys/implementation.js
<s> [webpack.Progress] 68% building 830/855 modules 25 active /Users/josuembuyu/Documents/work/multivers/projects/DEF-DGI/components/node_modules/object-keys/implementation.js
<s> [webpack.Progress] 68% building 830/856 modules 26 active /Users/josuembuyu/Documents/work/multivers/projects/DEF-DGI/components/node_modules/@babel/runtime/helpers/objectWithoutPropertiesLoose.js
<s> [webpack.Progress] 68% building 830/857 modules 27 active /Users/josuembuyu/Documents/work/multivers/projects/DEF-DGI/components/node_modules/lodash/_listCacheDelete.js
<s> [webpack.Progress] 68% building 830/858 modules 28 active /Users/josuembuyu/Documents/work/multivers/projects/DEF-DGI/components/node_modules/lodash/_listCacheGet.js
<s> [webpack.Progress] 67% building 830/859 modules 29 active /Users/josuembuyu/Documents/work/multivers/projects/DEF-DGI/components/node_modules/@storybook/react/dist/esm/client/docs/lib/inspection/types.js
<s> [webpack.Progress] 67% building 830/860 modules 30 active /Users/josuembuyu/Documents/work/multivers/projects/DEF-DGI/components/node_modules/@storybook/react/dist/esm/client/docs/lib/inspection/inspectValue.js
<s> [webpack.Progress] 67% building 831/860 modules 29 active /Users/josuembuyu/Documents/work/multivers/projects/DEF-DGI/components/node_modules/@storybook/react/dist/esm/client/docs/lib/inspection/inspectValue.js
<s> [webpack.Progress] 67% building 831/861 modules 30 active /Users/josuembuyu/Documents/work/multivers/projects/DEF-DGI/components/node_modules/es-abstract/2021/IsExtensible.js
<s> [webpack.Progress] 67% building 831/862 modules 31 active /Users/josuembuyu/Documents/work/multivers/projects/DEF-DGI/components/node_modules/es-abstract/5/CheckObjectCoercible.js
<s> [webpack.Progress] 67% building 831/863 modules 32 active /Users/josuembuyu/Documents/work/multivers/projects/DEF-DGI/components/node_modules/object.fromentries/polyfill.js
<s> [webpack.Progress] 67% building 831/864 modules 33 active /Users/josuembuyu/Documents/work/multivers/projects/DEF-DGI/components/node_modules/promise.allsettled/shim.js
<s> [webpack.Progress] 67% building 831/865 modules 34 active /Users/josuembuyu/Documents/work/multivers/projects/DEF-DGI/components/node_modules/es-abstract/2021/IsDataDescriptor.js
<s> [webpack.Progress] 67% building 831/866 modules 35 active /Users/josuembuyu/Documents/work/multivers/projects/DEF-DGI/components/node_modules/es-abstract/2021/OrdinaryGetOwnProperty.js
<s> [webpack.Progress] 67% building 831/867 modules 36 active /Users/josuembuyu/Documents/work/multivers/projects/DEF-DGI/components/node_modules/es-abstract/2021/FromPropertyDescriptor.js
<s> [webpack.Progress] 67% building 831/868 modules 37 active /Users/josuembuyu/Documents/work/multivers/projects/DEF-DGI/components/node_modules/es-abstract/helpers/DefineOwnProperty.js
<s> [webpack.Progress] 67% building 831/869 modules 38 active /Users/josuembuyu/Documents/work/multivers/projects/DEF-DGI/components/node_modules/lodash/_arraySome.js
<s> [webpack.Progress] 67% building 831/870 modules 39 active /Users/josuembuyu/Documents/work/multivers/projects/DEF-DGI/components/node_modules/react-syntax-highlighter/dist/esm/languages/prism/yaml.js
<s> [webpack.Progress] 67% building 832/870 modules 38 active /Users/josuembuyu/Documents/work/multivers/projects/DEF-DGI/components/node_modules/react-syntax-highlighter/dist/esm/languages/prism/yaml.js
<s> [webpack.Progress] 67% building 832/871 modules 39 active /Users/josuembuyu/Documents/work/multivers/projects/DEF-DGI/components/node_modules/react-syntax-highlighter/dist/esm/languages/prism/markdown.js
<s> [webpack.Progress] 67% building 832/872 modules 40 active /Users/josuembuyu/Documents/work/multivers/projects/DEF-DGI/components/node_modules/es-abstract/2021/ToPrimitive.js
<s> [webpack.Progress] 67% building 833/872 modules 39 active /Users/josuembuyu/Documents/work/multivers/projects/DEF-DGI/components/node_modules/es-abstract/2021/ToPrimitive.js
<s> [webpack.Progress] 67% building 834/872 modules 38 active /Users/josuembuyu/Documents/work/multivers/projects/DEF-DGI/components/node_modules/es-abstract/2021/ToPrimitive.js
<s> [webpack.Progress] 67% building 834/873 modules 39 active /Users/josuembuyu/Documents/work/multivers/projects/DEF-DGI/components/node_modules/es-abstract/helpers/regexTester.js
<s> [webpack.Progress] 67% building 834/874 modules 40 active /Users/josuembuyu/Documents/work/multivers/projects/DEF-DGI/components/node_modules/es-abstract/helpers/isPrimitive.js
<s> [webpack.Progress] 67% building 834/875 modules 41 active /Users/josuembuyu/Documents/work/multivers/projects/DEF-DGI/components/node_modules/@babel/runtime/helpers/arrayWithoutHoles.js
<s> [webpack.Progress] 67% building 834/876 modules 42 active /Users/josuembuyu/Documents/work/multivers/projects/DEF-DGI/components/node_modules/@babel/runtime/helpers/nonIterableSpread.js
<s> [webpack.Progress] 67% building 834/877 modules 43 active /Users/josuembuyu/Documents/work/multivers/projects/DEF-DGI/components/node_modules/@babel/runtime/helpers/iterableToArray.js
<s> [webpack.Progress] 67% building 835/877 modules 42 active /Users/josuembuyu/Documents/work/multivers/projects/DEF-DGI/components/node_modules/@babel/runtime/helpers/iterableToArray.js
<s> [webpack.Progress] 67% building 835/878 modules 43 active /Users/josuembuyu/Documents/work/multivers/projects/DEF-DGI/components/node_modules/source-map/lib/base64-vlq.js
<s> [webpack.Progress] 66% building 835/879 modules 44 active /Users/josuembuyu/Documents/work/multivers/projects/DEF-DGI/components/node_modules/source-map/lib/util.js
<s> [webpack.Progress] 66% building 835/880 modules 45 active /Users/josuembuyu/Documents/work/multivers/projects/DEF-DGI/components/node_modules/source-map/lib/quick-sort.js
<s> [webpack.Progress] 66% building 835/881 modules 46 active /Users/josuembuyu/Documents/work/multivers/projects/DEF-DGI/components/node_modules/source-map/lib/array-set.js
<s> [webpack.Progress] 66% building 835/882 modules 47 active /Users/josuembuyu/Documents/work/multivers/projects/DEF-DGI/components/node_modules/source-map/lib/binary-search.js
<s> [webpack.Progress] 66% building 835/883 modules 48 active /Users/josuembuyu/Documents/work/multivers/projects/DEF-DGI/components/node_modules/source-map/lib/mapping-list.js
<s> [webpack.Progress] 66% building 835/884 modules 49 active /Users/josuembuyu/Documents/work/multivers/projects/DEF-DGI/components/node_modules/@storybook/docs-tools/dist/esm/argTypes/docgen/createPropDef.js
<s> [webpack.Progress] 66% building 836/884 modules 48 active /Users/josuembuyu/Documents/work/multivers/projects/DEF-DGI/components/node_modules/@storybook/docs-tools/dist/esm/argTypes/docgen/createPropDef.js
<s> [webpack.Progress] 66% building 836/885 modules 49 active /Users/josuembuyu/Documents/work/multivers/projects/DEF-DGI/components/node_modules/array.prototype.flatmap/polyfill.js
<s> [webpack.Progress] 66% building 837/885 modules 48 active /Users/josuembuyu/Documents/work/multivers/projects/DEF-DGI/components/node_modules/array.prototype.flatmap/polyfill.js
<s> [webpack.Progress] 66% building 838/885 modules 47 active /Users/josuembuyu/Documents/work/multivers/projects/DEF-DGI/components/node_modules/array.prototype.flatmap/polyfill.js
<s> [webpack.Progress] 66% building 839/885 modules 46 active /Users/josuembuyu/Documents/work/multivers/projects/DEF-DGI/components/node_modules/array.prototype.flatmap/polyfill.js
<s> [webpack.Progress] 66% building 840/885 modules 45 active /Users/josuembuyu/Documents/work/multivers/projects/DEF-DGI/components/node_modules/array.prototype.flatmap/polyfill.js
<s> [webpack.Progress] 67% building 841/885 modules 44 active /Users/josuembuyu/Documents/work/multivers/projects/DEF-DGI/components/node_modules/array.prototype.flatmap/polyfill.js
<s> [webpack.Progress] 66% building 841/886 modules 45 active /Users/josuembuyu/Documents/work/multivers/projects/DEF-DGI/components/node_modules/globalthis/shim.js
<s> [webpack.Progress] 67% building 842/886 modules 44 active /Users/josuembuyu/Documents/work/multivers/projects/DEF-DGI/components/node_modules/globalthis/shim.js
<s> [webpack.Progress] 67% building 843/886 modules 43 active /Users/josuembuyu/Documents/work/multivers/projects/DEF-DGI/components/node_modules/globalthis/shim.js
<s> [webpack.Progress] 67% building 843/887 modules 44 active /Users/josuembuyu/Documents/work/multivers/projects/DEF-DGI/components/node_modules/scheduler/index.js
<s> [webpack.Progress] 66% building 843/888 modules 45 active /Users/josuembuyu/Documents/work/multivers/projects/DEF-DGI/components/node_modules/is-callable/index.js
<s> [webpack.Progress] 67% building 844/888 modules 44 active /Users/josuembuyu/Documents/work/multivers/projects/DEF-DGI/components/node_modules/is-callable/index.js
<s> [webpack.Progress] 67% building 845/888 modules 43 active /Users/josuembuyu/Documents/work/multivers/projects/DEF-DGI/components/node_modules/is-callable/index.js
<s> [webpack.Progress] 67% building 846/888 modules 42 active /Users/josuembuyu/Documents/work/multivers/projects/DEF-DGI/components/node_modules/is-callable/index.js
<s> [webpack.Progress] 67% building 847/888 modules 41 active /Users/josuembuyu/Documents/work/multivers/projects/DEF-DGI/components/node_modules/is-callable/index.js
<s> [webpack.Progress] 67% building 848/888 modules 40 active /Users/josuembuyu/Documents/work/multivers/projects/DEF-DGI/components/node_modules/is-callable/index.js
<s> [webpack.Progress] 67% building 848/889 modules 41 active /Users/josuembuyu/Documents/work/multivers/projects/DEF-DGI/components/node_modules/symbol.prototype.description/polyfill.js
<s> [webpack.Progress] 67% building 849/889 modules 40 active /Users/josuembuyu/Documents/work/multivers/projects/DEF-DGI/components/node_modules/symbol.prototype.description/polyfill.js
<s> [webpack.Progress] 67% building 850/889 modules 39 active /Users/josuembuyu/Documents/work/multivers/projects/DEF-DGI/components/node_modules/symbol.prototype.description/polyfill.js
<s> [webpack.Progress] 67% building 851/889 modules 38 active /Users/josuembuyu/Documents/work/multivers/projects/DEF-DGI/components/node_modules/symbol.prototype.description/polyfill.js
<s> [webpack.Progress] 67% building 852/889 modules 37 active /Users/josuembuyu/Documents/work/multivers/projects/DEF-DGI/components/node_modules/symbol.prototype.description/polyfill.js
<s> [webpack.Progress] 67% building 853/889 modules 36 active /Users/josuembuyu/Documents/work/multivers/projects/DEF-DGI/components/node_modules/symbol.prototype.description/polyfill.js
<s> [webpack.Progress] 67% building 853/890 modules 37 active /Users/josuembuyu/Documents/work/multivers/projects/DEF-DGI/components/node_modules/react-syntax-highlighter/dist/esm/languages/prism/markup.js
<s> [webpack.Progress] 67% building 854/890 modules 36 active /Users/josuembuyu/Documents/work/multivers/projects/DEF-DGI/components/node_modules/react-syntax-highlighter/dist/esm/languages/prism/markup.js
<s> [webpack.Progress] 67% building 854/891 modules 37 active /Users/josuembuyu/Documents/work/multivers/projects/DEF-DGI/components/node_modules/react-syntax-highlighter/dist/esm/languages/prism/graphql.js
<s> [webpack.Progress] 67% building 854/892 modules 38 active /Users/josuembuyu/Documents/work/multivers/projects/DEF-DGI/components/node_modules/react-syntax-highlighter/dist/esm/languages/prism/json.js
<s> [webpack.Progress] 67% building 854/893 modules 39 active /Users/josuembuyu/Documents/work/multivers/projects/DEF-DGI/components/node_modules/react-syntax-highlighter/dist/esm/languages/prism/js-extras.js
<s> [webpack.Progress] 67% building 855/893 modules 38 active /Users/josuembuyu/Documents/work/multivers/projects/DEF-DGI/components/node_modules/react-syntax-highlighter/dist/esm/languages/prism/js-extras.js
<s> [webpack.Progress] 67% building 855/894 modules 39 active /Users/josuembuyu/Documents/work/multivers/projects/DEF-DGI/components/node_modules/react-syntax-highlighter/dist/esm/languages/prism/css.js
<s> [webpack.Progress] 67% building 856/894 modules 38 active /Users/josuembuyu/Documents/work/multivers/projects/DEF-DGI/components/node_modules/react-syntax-highlighter/dist/esm/languages/prism/css.js
<s> [webpack.Progress] 67% building 856/895 modules 39 active /Users/josuembuyu/Documents/work/multivers/projects/DEF-DGI/components/node_modules/react-syntax-highlighter/dist/esm/languages/prism/bash.js
<s> [webpack.Progress] 67% building 857/895 modules 38 active /Users/josuembuyu/Documents/work/multivers/projects/DEF-DGI/components/node_modules/react-syntax-highlighter/dist/esm/languages/prism/bash.js
<s> [webpack.Progress] 67% building 857/896 modules 39 active /Users/josuembuyu/Documents/work/multivers/projects/DEF-DGI/components/node_modules/react-syntax-highlighter/dist/esm/languages/prism/jsx.js
<s> [webpack.Progress] 67% building 858/896 modules 38 active /Users/josuembuyu/Documents/work/multivers/projects/DEF-DGI/components/node_modules/react-syntax-highlighter/dist/esm/languages/prism/jsx.js
<s> [webpack.Progress] 67% building 858/897 modules 39 active /Users/josuembuyu/Documents/work/multivers/projects/DEF-DGI/components/node_modules/@storybook/store/dist/esm/csf/processCSFFile.js
<s> [webpack.Progress] 67% building 859/897 modules 38 active /Users/josuembuyu/Documents/work/multivers/projects/DEF-DGI/components/node_modules/@storybook/store/dist/esm/csf/processCSFFile.js
<s> [webpack.Progress] 67% building 859/898 modules 39 active /Users/josuembuyu/Documents/work/multivers/projects/DEF-DGI/components/node_modules/refractor/lang/tsx.js
<s> [webpack.Progress] 67% building 860/898 modules 38 active /Users/josuembuyu/Documents/work/multivers/projects/DEF-DGI/components/node_modules/refractor/lang/tsx.js
<s> [webpack.Progress] 67% building 861/898 modules 37 active /Users/josuembuyu/Documents/work/multivers/projects/DEF-DGI/components/node_modules/refractor/lang/tsx.js
<s> [webpack.Progress] 67% building 862/898 modules 36 active /Users/josuembuyu/Documents/work/multivers/projects/DEF-DGI/components/node_modules/refractor/lang/tsx.js
<s> [webpack.Progress] 67% building 863/898 modules 35 active /Users/josuembuyu/Documents/work/multivers/projects/DEF-DGI/components/node_modules/refractor/lang/tsx.js
<s> [webpack.Progress] 67% building 864/898 modules 34 active /Users/josuembuyu/Documents/work/multivers/projects/DEF-DGI/components/node_modules/refractor/lang/tsx.js
<s> [webpack.Progress] 67% building 865/898 modules 33 active /Users/josuembuyu/Documents/work/multivers/projects/DEF-DGI/components/node_modules/refractor/lang/tsx.js
<s> [webpack.Progress] 67% building 866/898 modules 32 active /Users/josuembuyu/Documents/work/multivers/projects/DEF-DGI/components/node_modules/refractor/lang/tsx.js
<s> [webpack.Progress] 67% building 867/898 modules 31 active /Users/josuembuyu/Documents/work/multivers/projects/DEF-DGI/components/node_modules/refractor/lang/tsx.js
<s> [webpack.Progress] 67% building 868/898 modules 30 active /Users/josuembuyu/Documents/work/multivers/projects/DEF-DGI/components/node_modules/refractor/lang/tsx.js
<s> [webpack.Progress] 68% building 869/898 modules 29 active /Users/josuembuyu/Documents/work/multivers/projects/DEF-DGI/components/node_modules/refractor/lang/tsx.js
<s> [webpack.Progress] 68% building 870/898 modules 28 active /Users/josuembuyu/Documents/work/multivers/projects/DEF-DGI/components/node_modules/refractor/lang/tsx.js
<s> [webpack.Progress] 68% building 871/898 modules 27 active /Users/josuembuyu/Documents/work/multivers/projects/DEF-DGI/components/node_modules/refractor/lang/tsx.js
<s> [webpack.Progress] 68% building 872/898 modules 26 active /Users/josuembuyu/Documents/work/multivers/projects/DEF-DGI/components/node_modules/refractor/lang/tsx.js
<s> [webpack.Progress] 68% building 873/898 modules 25 active /Users/josuembuyu/Documents/work/multivers/projects/DEF-DGI/components/node_modules/refractor/lang/tsx.js
<s> [webpack.Progress] 68% building 874/898 modules 24 active /Users/josuembuyu/Documents/work/multivers/projects/DEF-DGI/components/node_modules/refractor/lang/tsx.js
<s> [webpack.Progress] 68% building 875/898 modules 23 active /Users/josuembuyu/Documents/work/multivers/projects/DEF-DGI/components/node_modules/refractor/lang/tsx.js
<s> [webpack.Progress] 68% building 876/898 modules 22 active /Users/josuembuyu/Documents/work/multivers/projects/DEF-DGI/components/node_modules/refractor/lang/tsx.js
<s> [webpack.Progress] 68% building 877/898 modules 21 active /Users/josuembuyu/Documents/work/multivers/projects/DEF-DGI/components/node_modules/refractor/lang/tsx.js
<s> [webpack.Progress] 68% building 878/898 modules 20 active /Users/josuembuyu/Documents/work/multivers/projects/DEF-DGI/components/node_modules/refractor/lang/tsx.js
<s> [webpack.Progress] 68% building 879/898 modules 19 active /Users/josuembuyu/Documents/work/multivers/projects/DEF-DGI/components/node_modules/refractor/lang/tsx.js
<s> [webpack.Progress] 68% building 880/898 modules 18 active /Users/josuembuyu/Documents/work/multivers/projects/DEF-DGI/components/node_modules/refractor/lang/tsx.js
<s> [webpack.Progress] 68% building 881/898 modules 17 active /Users/josuembuyu/Documents/work/multivers/projects/DEF-DGI/components/node_modules/refractor/lang/tsx.js
<s> [webpack.Progress] 68% building 881/899 modules 18 active /Users/josuembuyu/Documents/work/multivers/projects/DEF-DGI/components/node_modules/@storybook/react/dist/esm/client/preview/types-6-3.js
<s> [webpack.Progress] 68% building 882/899 modules 17 active /Users/josuembuyu/Documents/work/multivers/projects/DEF-DGI/components/node_modules/@storybook/react/dist/esm/client/preview/types-6-3.js
<s> [webpack.Progress] 68% building 882/900 modules 18 active /Users/josuembuyu/Documents/work/multivers/projects/DEF-DGI/components/node_modules/core-js/modules/es.promise.reject.js
<s> [webpack.Progress] 68% building 882/901 modules 19 active /Users/josuembuyu/Documents/work/multivers/projects/DEF-DGI/components/node_modules/core-js/modules/es.promise.race.js
<s> [webpack.Progress] 68% building 883/901 modules 18 active /Users/josuembuyu/Documents/work/multivers/projects/DEF-DGI/components/node_modules/core-js/modules/es.promise.race.js
<s> [webpack.Progress] 68% building 884/901 modules 17 active /Users/josuembuyu/Documents/work/multivers/projects/DEF-DGI/components/node_modules/core-js/modules/es.promise.race.js
<s> [webpack.Progress] 68% building 884/902 modules 18 active /Users/josuembuyu/Documents/work/multivers/projects/DEF-DGI/components/node_modules/hastscript/index.js
<s> [webpack.Progress] 68% building 885/902 modules 17 active /Users/josuembuyu/Documents/work/multivers/projects/DEF-DGI/components/node_modules/hastscript/index.js
<s> [webpack.Progress] 68% building 885/903 modules 18 active /Users/josuembuyu/Documents/work/multivers/projects/DEF-DGI/components/node_modules/array.prototype.reduce/index.js
<s> [webpack.Progress] 68% building 885/904 modules 19 active /Users/josuembuyu/Documents/work/multivers/projects/DEF-DGI/components/node_modules/core-js/modules/es.promise.catch.js
<s> [webpack.Progress] 68% building 885/905 modules 20 active /Users/josuembuyu/Documents/work/multivers/projects/DEF-DGI/components/node_modules/core-js/modules/es.promise.all.js
<s> [webpack.Progress] 68% building 886/905 modules 19 active /Users/josuembuyu/Documents/work/multivers/projects/DEF-DGI/components/node_modules/core-js/modules/es.promise.all.js
<s> [webpack.Progress] 68% building 886/906 modules 20 active /Users/josuembuyu/Documents/work/multivers/projects/DEF-DGI/components/node_modules/@storybook/core-client/dist/esm/preview/executeLoadable.js
<s> [webpack.Progress] 68% building 887/906 modules 19 active /Users/josuembuyu/Documents/work/multivers/projects/DEF-DGI/components/node_modules/@storybook/core-client/dist/esm/preview/executeLoadable.js
<s> [webpack.Progress] 68% building 888/906 modules 18 active /Users/josuembuyu/Documents/work/multivers/projects/DEF-DGI/components/node_modules/@storybook/core-client/dist/esm/preview/executeLoadable.js
<s> [webpack.Progress] 68% building 888/907 modules 19 active /Users/josuembuyu/Documents/work/multivers/projects/DEF-DGI/components/node_modules/get-symbol-description/getInferredName.js
<s> [webpack.Progress] 68% building 888/908 modules 20 active /Users/josuembuyu/Documents/work/multivers/projects/DEF-DGI/components/node_modules/lodash/isString.js
<s> [webpack.Progress] 68% building 888/909 modules 21 active /Users/josuembuyu/Documents/work/multivers/projects/DEF-DGI/components/node_modules/parse-entities/index.js
<s> [webpack.Progress] 68% building 889/909 modules 20 active /Users/josuembuyu/Documents/work/multivers/projects/DEF-DGI/components/node_modules/parse-entities/index.js
<s> [webpack.Progress] 68% building 889/910 modules 21 active /Users/josuembuyu/Documents/work/multivers/projects/DEF-DGI/components/node_modules/refractor/lang/yaml.js
<s> [webpack.Progress] 68% building 889/911 modules 22 active /Users/josuembuyu/Documents/work/multivers/projects/DEF-DGI/components/node_modules/refractor/lang/markdown.js
<s> [webpack.Progress] 68% building 889/912 modules 23 active /Users/josuembuyu/Documents/work/multivers/projects/DEF-DGI/components/node_modules/core-js/internals/object-to-string.js
<s> [webpack.Progress] 68% building 890/912 modules 22 active /Users/josuembuyu/Documents/work/multivers/projects/DEF-DGI/components/node_modules/core-js/internals/object-to-string.js
<s> [webpack.Progress] 68% building 891/912 modules 21 active /Users/josuembuyu/Documents/work/multivers/projects/DEF-DGI/components/node_modules/core-js/internals/object-to-string.js
<s> [webpack.Progress] 68% building 892/912 modules 20 active /Users/josuembuyu/Documents/work/multivers/projects/DEF-DGI/components/node_modules/core-js/internals/object-to-string.js
<s> [webpack.Progress] 68% building 893/912 modules 19 active /Users/josuembuyu/Documents/work/multivers/projects/DEF-DGI/components/node_modules/core-js/internals/object-to-string.js
<s> [webpack.Progress] 68% building 894/912 modules 18 active /Users/josuembuyu/Documents/work/multivers/projects/DEF-DGI/components/node_modules/core-js/internals/object-to-string.js
<s> [webpack.Progress] 68% building 894/913 modules 19 active /Users/josuembuyu/Documents/work/multivers/projects/DEF-DGI/components/node_modules/@storybook/docs-tools/dist/esm/argTypes/docgen/utils/index.js
<s> [webpack.Progress] 68% building 895/913 modules 18 active /Users/josuembuyu/Documents/work/multivers/projects/DEF-DGI/components/node_modules/@storybook/docs-tools/dist/esm/argTypes/docgen/utils/index.js
<s> [webpack.Progress] 68% building 896/913 modules 17 active /Users/josuembuyu/Documents/work/multivers/projects/DEF-DGI/components/node_modules/@storybook/docs-tools/dist/esm/argTypes/docgen/utils/index.js
<s> [webpack.Progress] 68% building 897/913 modules 16 active /Users/josuembuyu/Documents/work/multivers/projects/DEF-DGI/components/node_modules/@storybook/docs-tools/dist/esm/argTypes/docgen/utils/index.js
<s> [webpack.Progress] 69% building 898/913 modules 15 active /Users/josuembuyu/Documents/work/multivers/projects/DEF-DGI/components/node_modules/@storybook/docs-tools/dist/esm/argTypes/docgen/utils/index.js
<s> [webpack.Progress] 68% building 898/914 modules 16 active /Users/josuembuyu/Documents/work/multivers/projects/DEF-DGI/components/node_modules/lodash/_setCacheHas.js
<s> [webpack.Progress] 68% building 898/915 modules 17 active /Users/josuembuyu/Documents/work/multivers/projects/DEF-DGI/components/node_modules/lodash/_setCacheAdd.js
<s> [webpack.Progress] 68% building 898/916 modules 18 active /Users/josuembuyu/Documents/work/multivers/projects/DEF-DGI/components/node_modules/core-js/internals/array-from-constructor-and-list.js
<s> [webpack.Progress] 68% building 899/916 modules 17 active /Users/josuembuyu/Documents/work/multivers/projects/DEF-DGI/components/node_modules/core-js/internals/array-from-constructor-and-list.js
<s> [webpack.Progress] 68% building 900/916 modules 16 active /Users/josuembuyu/Documents/work/multivers/projects/DEF-DGI/components/node_modules/core-js/internals/array-from-constructor-and-list.js
<s> [webpack.Progress] 69% building 901/916 modules 15 active /Users/josuembuyu/Documents/work/multivers/projects/DEF-DGI/components/node_modules/core-js/internals/array-from-constructor-and-list.js
<s> [webpack.Progress] 68% building 901/917 modules 16 active /Users/josuembuyu/Documents/work/multivers/projects/DEF-DGI/components/node_modules/es-abstract/5/Type.js
<s> [webpack.Progress] 68% building 901/918 modules 17 active /Users/josuembuyu/Documents/work/multivers/projects/DEF-DGI/components/node_modules/has-tostringtag/shams.js
<s> [webpack.Progress] 68% building 902/918 modules 16 active /Users/josuembuyu/Documents/work/multivers/projects/DEF-DGI/components/node_modules/has-tostringtag/shams.js
<s> [webpack.Progress] 68% building 902/919 modules 17 active /Users/josuembuyu/Documents/work/multivers/projects/DEF-DGI/components/node_modules/es-abstract/2021/SpeciesConstructor.js
<s> [webpack.Progress] 68% building 903/919 modules 16 active /Users/josuembuyu/Documents/work/multivers/projects/DEF-DGI/components/node_modules/es-abstract/2021/SpeciesConstructor.js
<s> [webpack.Progress] 69% building 904/919 modules 15 active /Users/josuembuyu/Documents/work/multivers/projects/DEF-DGI/components/node_modules/es-abstract/2021/SpeciesConstructor.js
<s> [webpack.Progress] 68% building 904/920 modules 16 active /Users/josuembuyu/Documents/work/multivers/projects/DEF-DGI/components/node_modules/array.prototype.flat/implementation.js
<s> [webpack.Progress] 68% building 904/921 modules 17 active /Users/josuembuyu/Documents/work/multivers/projects/DEF-DGI/components/node_modules/lodash/_assocIndexOf.js
<s> [webpack.Progress] 68% building 904/922 modules 18 active /Users/josuembuyu/Documents/work/multivers/projects/DEF-DGI/components/node_modules/string.prototype.matchall/polyfill-regexp-matchall.js
<s> [webpack.Progress] 68% building 904/923 modules 19 active /Users/josuembuyu/Documents/work/multivers/projects/DEF-DGI/components/node_modules/lodash/_mapCacheClear.js
<s> [webpack.Progress] 68% building 905/923 modules 18 active /Users/josuembuyu/Documents/work/multivers/projects/DEF-DGI/components/node_modules/lodash/_mapCacheClear.js
<s> [webpack.Progress] 68% building 905/924 modules 19 active /Users/josuembuyu/Documents/work/multivers/projects/DEF-DGI/components/node_modules/refractor/lang/graphql.js
<s> [webpack.Progress] 68% building 905/925 modules 20 active /Users/josuembuyu/Documents/work/multivers/projects/DEF-DGI/components/node_modules/lodash/_mapCacheSet.js
<s> [webpack.Progress] 68% building 905/926 modules 21 active /Users/josuembuyu/Documents/work/multivers/projects/DEF-DGI/components/node_modules/refractor/lang/js-extras.js
<s> [webpack.Progress] 68% building 905/927 modules 22 active /Users/josuembuyu/Documents/work/multivers/projects/DEF-DGI/components/node_modules/refractor/lang/json.js
<s> [webpack.Progress] 68% building 906/927 modules 21 active /Users/josuembuyu/Documents/work/multivers/projects/DEF-DGI/components/node_modules/refractor/lang/json.js
<s> [webpack.Progress] 68% building 906/928 modules 22 active /Users/josuembuyu/Documents/work/multivers/projects/DEF-DGI/components/node_modules/lodash/_mapCacheHas.js
<s> [webpack.Progress] 68% building 906/929 modules 23 active /Users/josuembuyu/Documents/work/multivers/projects/DEF-DGI/components/node_modules/refractor/lang/bash.js
<s> [webpack.Progress] 68% building 907/929 modules 22 active /Users/josuembuyu/Documents/work/multivers/projects/DEF-DGI/components/node_modules/refractor/lang/bash.js
<s> [webpack.Progress] 68% building 907/930 modules 23 active /Users/josuembuyu/Documents/work/multivers/projects/DEF-DGI/components/node_modules/lodash/_mapCacheGet.js
<s> [webpack.Progress] 68% building 907/931 modules 24 active /Users/josuembuyu/Documents/work/multivers/projects/DEF-DGI/components/node_modules/refractor/lang/jsx.js
<s> [webpack.Progress] 68% building 907/932 modules 25 active /Users/josuembuyu/Documents/work/multivers/projects/DEF-DGI/components/node_modules/lodash/_mapCacheDelete.js
<s> [webpack.Progress] 68% building 907/933 modules 26 active /Users/josuembuyu/Documents/work/multivers/projects/DEF-DGI/components/node_modules/core-js/es/symbol/index.js
<s> [webpack.Progress] 68% building 908/933 modules 25 active /Users/josuembuyu/Documents/work/multivers/projects/DEF-DGI/components/node_modules/core-js/es/symbol/index.js
<s> [webpack.Progress] 68% building 909/933 modules 24 active /Users/josuembuyu/Documents/work/multivers/projects/DEF-DGI/components/node_modules/core-js/es/symbol/index.js
<s> [webpack.Progress] 68% building 909/934 modules 25 active /Users/josuembuyu/Documents/work/multivers/projects/DEF-DGI/components/node_modules/@storybook/react/dist/esm/client/docs/lib/inspection/acornParser.js
<s> [webpack.Progress] 68% building 909/935 modules 26 active /Users/josuembuyu/Documents/work/multivers/projects/DEF-DGI/components/node_modules/object.fromentries/implementation.js
<s> [webpack.Progress] 68% building 909/936 modules 27 active /Users/josuembuyu/Documents/work/multivers/projects/DEF-DGI/components/node_modules/promise.allsettled/requirePromise.js
<s> [webpack.Progress] 68% building 909/937 modules 28 active /Users/josuembuyu/Documents/work/multivers/projects/DEF-DGI/components/node_modules/es-abstract/2021/ToPropertyDescriptor.js
<s> [webpack.Progress] 68% building 909/938 modules 29 active /Users/josuembuyu/Documents/work/multivers/projects/DEF-DGI/components/node_modules/es-abstract/helpers/assertRecord.js
<s> [webpack.Progress] 68% building 909/939 modules 30 active /Users/josuembuyu/Documents/work/multivers/projects/DEF-DGI/components/node_modules/es-abstract/helpers/IsArray.js
<s> [webpack.Progress] 68% building 910/939 modules 29 active /Users/josuembuyu/Documents/work/multivers/projects/DEF-DGI/components/node_modules/es-abstract/helpers/IsArray.js
<s> [webpack.Progress] 68% building 910/940 modules 30 active /Users/josuembuyu/Documents/work/multivers/projects/DEF-DGI/components/node_modules/es-abstract/helpers/fromPropertyDescriptor.js
<s> [webpack.Progress] 68% building 911/940 modules 29 active /Users/josuembuyu/Documents/work/multivers/projects/DEF-DGI/components/node_modules/es-abstract/helpers/fromPropertyDescriptor.js
<s> [webpack.Progress] 68% building 912/940 modules 28 active /Users/josuembuyu/Documents/work/multivers/projects/DEF-DGI/components/node_modules/es-abstract/helpers/fromPropertyDescriptor.js
<s> [webpack.Progress] 68% building 912/941 modules 29 active /Users/josuembuyu/Documents/work/multivers/projects/DEF-DGI/components/node_modules/es-abstract/2021/IsRegExp.js
<s> [webpack.Progress] 68% building 912/942 modules 30 active /Users/josuembuyu/Documents/work/multivers/projects/DEF-DGI/components/node_modules/es-abstract/2021/IsArray.js
<s> [webpack.Progress] 68% building 912/943 modules 31 active /Users/josuembuyu/Documents/work/multivers/projects/DEF-DGI/components/node_modules/es-abstract/helpers/getOwnPropertyDescriptor.js
<s> [webpack.Progress] 67% building 912/944 modules 32 active /Users/josuembuyu/Documents/work/multivers/projects/DEF-DGI/components/node_modules/scheduler/cjs/scheduler.production.min.js
<s> [webpack.Progress] 67% building 912/945 modules 33 active /Users/josuembuyu/Documents/work/multivers/projects/DEF-DGI/components/node_modules/has-symbols/index.js
<s> [webpack.Progress] 67% building 913/945 modules 32 active /Users/josuembuyu/Documents/work/multivers/projects/DEF-DGI/components/node_modules/has-symbols/index.js
<s> [webpack.Progress] 67% building 913/946 modules 33 active /Users/josuembuyu/Documents/work/multivers/projects/DEF-DGI/components/node_modules/source-map/lib/base64.js
<s> [webpack.Progress] 67% building 913/947 modules 34 active /Users/josuembuyu/Documents/work/multivers/projects/DEF-DGI/components/node_modules/promise.allsettled/polyfill.js
<s> [webpack.Progress] 67% building 913/948 modules 35 active /Users/josuembuyu/Documents/work/multivers/projects/DEF-DGI/components/node_modules/string.prototype.matchall/polyfill.js
<s> [webpack.Progress] 67% building 913/949 modules 36 active /Users/josuembuyu/Documents/work/multivers/projects/DEF-DGI/components/node_modules/@storybook/docs-tools/dist/esm/argTypes/docgen/utils/defaultValue.js
<s> [webpack.Progress] 67% building 914/949 modules 35 active /Users/josuembuyu/Documents/work/multivers/projects/DEF-DGI/components/node_modules/@storybook/docs-tools/dist/esm/argTypes/docgen/utils/defaultValue.js
<s> [webpack.Progress] 67% building 914/950 modules 36 active /Users/josuembuyu/Documents/work/multivers/projects/DEF-DGI/components/node_modules/function-bind/index.js
<s> [webpack.Progress] 67% building 915/950 modules 35 active /Users/josuembuyu/Documents/work/multivers/projects/DEF-DGI/components/node_modules/function-bind/index.js
<s> [webpack.Progress] 67% building 915/951 modules 36 active /Users/josuembuyu/Documents/work/multivers/projects/DEF-DGI/components/node_modules/array.prototype.flatmap/implementation.js
<s> [webpack.Progress] 67% building 915/952 modules 37 active /Users/josuembuyu/Documents/work/multivers/projects/DEF-DGI/components/node_modules/util/support/isBufferBrowser.js
<s> [webpack.Progress] 67% building 916/952 modules 36 active /Users/josuembuyu/Documents/work/multivers/projects/DEF-DGI/components/node_modules/util/support/isBufferBrowser.js
<s> [webpack.Progress] 67% building 917/952 modules 35 active /Users/josuembuyu/Documents/work/multivers/projects/DEF-DGI/components/node_modules/util/support/isBufferBrowser.js
<s> [webpack.Progress] 67% building 918/952 modules 34 active /Users/josuembuyu/Documents/work/multivers/projects/DEF-DGI/components/node_modules/util/support/isBufferBrowser.js
<s> [webpack.Progress] 67% building 918/953 modules 35 active /Users/josuembuyu/Documents/work/multivers/projects/DEF-DGI/components/node_modules/globalthis/polyfill.js
<s> [webpack.Progress] 67% building 919/953 modules 34 active /Users/josuembuyu/Documents/work/multivers/projects/DEF-DGI/components/node_modules/globalthis/polyfill.js
<s> [webpack.Progress] 67% building 920/953 modules 33 active /Users/josuembuyu/Documents/work/multivers/projects/DEF-DGI/components/node_modules/globalthis/polyfill.js
<s> [webpack.Progress] 67% building 921/953 modules 32 active /Users/josuembuyu/Documents/work/multivers/projects/DEF-DGI/components/node_modules/globalthis/polyfill.js
<s> [webpack.Progress] 67% building 921/954 modules 33 active /Users/josuembuyu/Documents/work/multivers/projects/DEF-DGI/components/node_modules/symbol.prototype.description/implementation.js
<s> [webpack.Progress] 67% building 922/954 modules 32 active /Users/josuembuyu/Documents/work/multivers/projects/DEF-DGI/components/node_modules/symbol.prototype.description/implementation.js
<s> [webpack.Progress] 68% building 923/954 modules 31 active /Users/josuembuyu/Documents/work/multivers/projects/DEF-DGI/components/node_modules/symbol.prototype.description/implementation.js
<s> [webpack.Progress] 67% building 923/955 modules 32 active /Users/josuembuyu/Documents/work/multivers/projects/DEF-DGI/components/node_modules/@storybook/docs-tools/dist/esm/argTypes/docgen/flow/createPropDef.js
<s> [webpack.Progress] 67% building 923/956 modules 33 active /Users/josuembuyu/Documents/work/multivers/projects/DEF-DGI/components/node_modules/@storybook/docs-tools/dist/esm/argTypes/docgen/typeScript/createPropDef.js
<s> [webpack.Progress] 67% building 924/956 modules 32 active /Users/josuembuyu/Documents/work/multivers/projects/DEF-DGI/components/node_modules/@storybook/docs-tools/dist/esm/argTypes/docgen/typeScript/createPropDef.js
<s> [webpack.Progress] 68% building 925/956 modules 31 active /Users/josuembuyu/Documents/work/multivers/projects/DEF-DGI/components/node_modules/@storybook/docs-tools/dist/esm/argTypes/docgen/typeScript/createPropDef.js
<s> [webpack.Progress] 68% building 926/956 modules 30 active /Users/josuembuyu/Documents/work/multivers/projects/DEF-DGI/components/node_modules/@storybook/docs-tools/dist/esm/argTypes/docgen/typeScript/createPropDef.js
<s> [webpack.Progress] 68% building 927/956 modules 29 active /Users/josuembuyu/Documents/work/multivers/projects/DEF-DGI/components/node_modules/@storybook/docs-tools/dist/esm/argTypes/docgen/typeScript/createPropDef.js
<s> [webpack.Progress] 68% building 928/956 modules 28 active /Users/josuembuyu/Documents/work/multivers/projects/DEF-DGI/components/node_modules/@storybook/docs-tools/dist/esm/argTypes/docgen/typeScript/createPropDef.js
<s> [webpack.Progress] 68% building 929/956 modules 27 active /Users/josuembuyu/Documents/work/multivers/projects/DEF-DGI/components/node_modules/@storybook/docs-tools/dist/esm/argTypes/docgen/typeScript/createPropDef.js
<s> [webpack.Progress] 68% building 930/956 modules 26 active /Users/josuembuyu/Documents/work/multivers/projects/DEF-DGI/components/node_modules/@storybook/docs-tools/dist/esm/argTypes/docgen/typeScript/createPropDef.js
<s> [webpack.Progress] 68% building 931/956 modules 25 active /Users/josuembuyu/Documents/work/multivers/projects/DEF-DGI/components/node_modules/@storybook/docs-tools/dist/esm/argTypes/docgen/typeScript/createPropDef.js
<s> [webpack.Progress] 68% building 932/956 modules 24 active /Users/josuembuyu/Documents/work/multivers/projects/DEF-DGI/components/node_modules/@storybook/docs-tools/dist/esm/argTypes/docgen/typeScript/createPropDef.js
<s> [webpack.Progress] 68% building 933/956 modules 23 active /Users/josuembuyu/Documents/work/multivers/projects/DEF-DGI/components/node_modules/@storybook/docs-tools/dist/esm/argTypes/docgen/typeScript/createPropDef.js
<s> [webpack.Progress] 68% building 934/956 modules 22 active /Users/josuembuyu/Documents/work/multivers/projects/DEF-DGI/components/node_modules/@storybook/docs-tools/dist/esm/argTypes/docgen/typeScript/createPropDef.js
<s> [webpack.Progress] 68% building 935/956 modules 21 active /Users/josuembuyu/Documents/work/multivers/projects/DEF-DGI/components/node_modules/@storybook/docs-tools/dist/esm/argTypes/docgen/typeScript/createPropDef.js
<s> [webpack.Progress] 68% building 936/956 modules 20 active /Users/josuembuyu/Documents/work/multivers/projects/DEF-DGI/components/node_modules/@storybook/docs-tools/dist/esm/argTypes/docgen/typeScript/createPropDef.js
<s> [webpack.Progress] 68% building 937/956 modules 19 active /Users/josuembuyu/Documents/work/multivers/projects/DEF-DGI/components/node_modules/@storybook/docs-tools/dist/esm/argTypes/docgen/typeScript/createPropDef.js
<s> [webpack.Progress] 68% building 938/956 modules 18 active /Users/josuembuyu/Documents/work/multivers/projects/DEF-DGI/components/node_modules/@storybook/docs-tools/dist/esm/argTypes/docgen/typeScript/createPropDef.js
<s> [webpack.Progress] 68% building 939/956 modules 17 active /Users/josuembuyu/Documents/work/multivers/projects/DEF-DGI/components/node_modules/@storybook/docs-tools/dist/esm/argTypes/docgen/typeScript/createPropDef.js
<s> [webpack.Progress] 68% building 940/956 modules 16 active /Users/josuembuyu/Documents/work/multivers/projects/DEF-DGI/components/node_modules/@storybook/docs-tools/dist/esm/argTypes/docgen/typeScript/createPropDef.js
<s> [webpack.Progress] 69% building 941/956 modules 15 active /Users/josuembuyu/Documents/work/multivers/projects/DEF-DGI/components/node_modules/@storybook/docs-tools/dist/esm/argTypes/docgen/typeScript/createPropDef.js
<s> [webpack.Progress] 69% building 942/956 modules 14 active /Users/josuembuyu/Documents/work/multivers/projects/DEF-DGI/components/node_modules/@storybook/docs-tools/dist/esm/argTypes/docgen/typeScript/createPropDef.js
<s> [webpack.Progress] 69% building 943/956 modules 13 active /Users/josuembuyu/Documents/work/multivers/projects/DEF-DGI/components/node_modules/@storybook/docs-tools/dist/esm/argTypes/docgen/typeScript/createPropDef.js
<s> [webpack.Progress] 69% building 944/956 modules 12 active /Users/josuembuyu/Documents/work/multivers/projects/DEF-DGI/components/node_modules/@storybook/docs-tools/dist/esm/argTypes/docgen/typeScript/createPropDef.js
<s> [webpack.Progress] 69% building 945/956 modules 11 active /Users/josuembuyu/Documents/work/multivers/projects/DEF-DGI/components/node_modules/@storybook/docs-tools/dist/esm/argTypes/docgen/typeScript/createPropDef.js
<s> [webpack.Progress] 69% building 946/956 modules 10 active /Users/josuembuyu/Documents/work/multivers/projects/DEF-DGI/components/node_modules/@storybook/docs-tools/dist/esm/argTypes/docgen/typeScript/createPropDef.js
<s> [webpack.Progress] 69% building 947/956 modules 9 active /Users/josuembuyu/Documents/work/multivers/projects/DEF-DGI/components/node_modules/@storybook/docs-tools/dist/esm/argTypes/docgen/typeScript/createPropDef.js
<s> [webpack.Progress] 69% building 948/956 modules 8 active /Users/josuembuyu/Documents/work/multivers/projects/DEF-DGI/components/node_modules/@storybook/docs-tools/dist/esm/argTypes/docgen/typeScript/createPropDef.js
<s> [webpack.Progress] 69% building 948/957 modules 9 active /Users/josuembuyu/Documents/work/multivers/projects/DEF-DGI/components/node_modules/@storybook/react/dist/esm/client/preview/types-6-0.js
<s> [webpack.Progress] 69% building 948/958 modules 10 active /Users/josuembuyu/Documents/work/multivers/projects/DEF-DGI/components/node_modules/core-js/internals/promise-statics-incorrect-iteration.js
<s> [webpack.Progress] 69% building 948/959 modules 11 active /Users/josuembuyu/Documents/work/multivers/projects/DEF-DGI/components/node_modules/es-to-primitive/es2015.js
<s> [webpack.Progress] 69% building 949/959 modules 10 active /Users/josuembuyu/Documents/work/multivers/projects/DEF-DGI/components/node_modules/es-to-primitive/es2015.js
<s> [webpack.Progress] 69% building 950/959 modules 9 active /Users/josuembuyu/Documents/work/multivers/projects/DEF-DGI/components/node_modules/es-to-primitive/es2015.js
<s> [webpack.Progress] 69% building 950/960 modules 10 active /Users/josuembuyu/Documents/work/multivers/projects/DEF-DGI/components/node_modules/hastscript/html.js
<s> [webpack.Progress] 69% building 951/960 modules 9 active /Users/josuembuyu/Documents/work/multivers/projects/DEF-DGI/components/node_modules/hastscript/html.js
<s> [webpack.Progress] 69% building 951/961 modules 10 active /Users/josuembuyu/Documents/work/multivers/projects/DEF-DGI/components/node_modules/array.prototype.reduce/polyfill.js
<s> [webpack.Progress] 69% building 951/962 modules 11 active /Users/josuembuyu/Documents/work/multivers/projects/DEF-DGI/components/node_modules/array.prototype.reduce/implementation.js
<s> [webpack.Progress] 69% building 951/963 modules 12 active /Users/josuembuyu/Documents/work/multivers/projects/DEF-DGI/components/node_modules/array.prototype.reduce/shim.js
<s> [webpack.Progress] 69% building 951/964 modules 13 active /Users/josuembuyu/Documents/work/multivers/projects/DEF-DGI/components/node_modules/react-element-to-jsx-string/dist/cjs/index.js
<s> [webpack.Progress] 69% building 952/964 modules 12 active /Users/josuembuyu/Documents/work/multivers/projects/DEF-DGI/components/node_modules/react-element-to-jsx-string/dist/cjs/index.js
<s> [webpack.Progress] 69% building 952/965 modules 13 active /Users/josuembuyu/Documents/work/multivers/projects/DEF-DGI/components/node_modules/es-shim-unscopables/index.js
<s> [webpack.Progress] 69% building 953/965 modules 12 active /Users/josuembuyu/Documents/work/multivers/projects/DEF-DGI/components/node_modules/es-shim-unscopables/index.js
<s> [webpack.Progress] 69% building 954/965 modules 11 active /Users/josuembuyu/Documents/work/multivers/projects/DEF-DGI/components/node_modules/es-shim-unscopables/index.js
<s> [webpack.Progress] 69% building 955/965 modules 10 active /Users/josuembuyu/Documents/work/multivers/projects/DEF-DGI/components/node_modules/es-shim-unscopables/index.js
<s> [webpack.Progress] 69% building 956/965 modules 9 active /Users/josuembuyu/Documents/work/multivers/projects/DEF-DGI/components/node_modules/es-shim-unscopables/index.js
<s> [webpack.Progress] 69% building 956/966 modules 10 active /Users/josuembuyu/Documents/work/multivers/projects/DEF-DGI/components/node_modules/@storybook/docs-tools/dist/esm/argTypes/docgen/utils/docgenInfo.js
<s> [webpack.Progress] 69% building 956/967 modules 11 active /Users/josuembuyu/Documents/work/multivers/projects/DEF-DGI/components/node_modules/@storybook/docs-tools/dist/esm/argTypes/docgen/utils/string.js
<s> [webpack.Progress] 69% building 956/968 modules 12 active /Users/josuembuyu/Documents/work/multivers/projects/DEF-DGI/components/node_modules/parse-entities/decode-entity.browser.js
<s> [webpack.Progress] 69% building 957/968 modules 11 active /Users/josuembuyu/Documents/work/multivers/projects/DEF-DGI/components/node_modules/parse-entities/decode-entity.browser.js
<s> [webpack.Progress] 69% building 958/968 modules 10 active /Users/josuembuyu/Documents/work/multivers/projects/DEF-DGI/components/node_modules/parse-entities/decode-entity.browser.js
<s> [webpack.Progress] 69% building 959/968 modules 9 active /Users/josuembuyu/Documents/work/multivers/projects/DEF-DGI/components/node_modules/parse-entities/decode-entity.browser.js
<s> [webpack.Progress] 69% building 959/969 modules 10 active /Users/josuembuyu/Documents/work/multivers/projects/DEF-DGI/components/node_modules/has-symbols/shams.js
<s> [webpack.Progress] 69% building 959/970 modules 11 active /Users/josuembuyu/Documents/work/multivers/projects/DEF-DGI/components/node_modules/globalthis/implementation.browser.js
<s> [webpack.Progress] 69% building 960/970 modules 10 active /Users/josuembuyu/Documents/work/multivers/projects/DEF-DGI/components/node_modules/globalthis/implementation.browser.js
<s> [webpack.Progress] 69% building 961/970 modules 9 active /Users/josuembuyu/Documents/work/multivers/projects/DEF-DGI/components/node_modules/globalthis/implementation.browser.js
<s> [webpack.Progress] 69% building 962/970 modules 8 active /Users/josuembuyu/Documents/work/multivers/projects/DEF-DGI/components/node_modules/globalthis/implementation.browser.js
<s> [webpack.Progress] 69% building 963/970 modules 7 active /Users/josuembuyu/Documents/work/multivers/projects/DEF-DGI/components/node_modules/globalthis/implementation.browser.js
<s> [webpack.Progress] 69% building 963/971 modules 8 active /Users/josuembuyu/Documents/work/multivers/projects/DEF-DGI/components/node_modules/es-abstract/2021/IsConstructor.js
<s> [webpack.Progress] 69% building 963/972 modules 9 active /Users/josuembuyu/Documents/work/multivers/projects/DEF-DGI/components/node_modules/es-abstract/2021/ArraySpeciesCreate.js
<s> [webpack.Progress] 69% building 963/973 modules 10 active /Users/josuembuyu/Documents/work/multivers/projects/DEF-DGI/components/node_modules/es-abstract/2021/FlattenIntoArray.js
<s> [webpack.Progress] 69% building 963/974 modules 11 active /Users/josuembuyu/Documents/work/multivers/projects/DEF-DGI/components/node_modules/es-abstract/2021/Get.js
<s> [webpack.Progress] 69% building 964/974 modules 10 active /Users/josuembuyu/Documents/work/multivers/projects/DEF-DGI/components/node_modules/es-abstract/2021/Get.js
<s> [webpack.Progress] 69% building 965/974 modules 9 active /Users/josuembuyu/Documents/work/multivers/projects/DEF-DGI/components/node_modules/es-abstract/2021/Get.js
<s> [webpack.Progress] 69% building 965/975 modules 10 active /Users/josuembuyu/Documents/work/multivers/projects/DEF-DGI/components/node_modules/string.prototype.matchall/regexp-matchall.js
<s> [webpack.Progress] 69% building 965/976 modules 11 active /Users/josuembuyu/Documents/work/multivers/projects/DEF-DGI/components/node_modules/lodash/_Hash.js
<s> [webpack.Progress] 69% building 965/977 modules 12 active /Users/josuembuyu/Documents/work/multivers/projects/DEF-DGI/components/node_modules/lodash/_getMapData.js
<s> [webpack.Progress] 69% building 965/978 modules 13 active /Users/josuembuyu/Documents/work/multivers/projects/DEF-DGI/components/node_modules/core-js/modules/es.symbol.has-instance.js
<s> [webpack.Progress] 69% building 965/979 modules 14 active /Users/josuembuyu/Documents/work/multivers/projects/DEF-DGI/components/node_modules/core-js/modules/es.symbol.match.js
<s> [webpack.Progress] 69% building 965/980 modules 15 active /Users/josuembuyu/Documents/work/multivers/projects/DEF-DGI/components/node_modules/core-js/modules/es.symbol.match-all.js
<s> [webpack.Progress] 69% building 965/981 modules 16 active /Users/josuembuyu/Documents/work/multivers/projects/DEF-DGI/components/node_modules/core-js/modules/es.symbol.search.js
<s> [webpack.Progress] 68% building 965/982 modules 17 active /Users/josuembuyu/Documents/work/multivers/projects/DEF-DGI/components/node_modules/core-js/modules/es.symbol.replace.js
<s> [webpack.Progress] 68% building 965/983 modules 18 active /Users/josuembuyu/Documents/work/multivers/projects/DEF-DGI/components/node_modules/core-js/modules/es.symbol.species.js
<s> [webpack.Progress] 68% building 965/984 modules 19 active /Users/josuembuyu/Documents/work/multivers/projects/DEF-DGI/components/node_modules/core-js/modules/es.symbol.split.js
<s> [webpack.Progress] 68% building 965/985 modules 20 active /Users/josuembuyu/Documents/work/multivers/projects/DEF-DGI/components/node_modules/core-js/modules/es.symbol.to-string-tag.js
<s> [webpack.Progress] 68% building 965/986 modules 21 active /Users/josuembuyu/Documents/work/multivers/projects/DEF-DGI/components/node_modules/core-js/modules/es.symbol.is-concat-spreadable.js
<s> [webpack.Progress] 68% building 965/987 modules 22 active /Users/josuembuyu/Documents/work/multivers/projects/DEF-DGI/components/node_modules/core-js/modules/es.symbol.unscopables.js
<s> [webpack.Progress] 68% building 965/988 modules 23 active /Users/josuembuyu/Documents/work/multivers/projects/DEF-DGI/components/node_modules/core-js/modules/es.json.to-string-tag.js
<s> [webpack.Progress] 68% building 965/989 modules 24 active /Users/josuembuyu/Documents/work/multivers/projects/DEF-DGI/components/node_modules/core-js/modules/es.reflect.to-string-tag.js
<s> [webpack.Progress] 68% building 965/990 modules 25 active /Users/josuembuyu/Documents/work/multivers/projects/DEF-DGI/components/node_modules/core-js/modules/es.math.to-string-tag.js
<s> [webpack.Progress] 68% building 965/991 modules 26 active /Users/josuembuyu/Documents/work/multivers/projects/DEF-DGI/components/node_modules/es-abstract/2021/ToBoolean.js
<s> [webpack.Progress] 68% building 965/992 modules 27 active /Users/josuembuyu/Documents/work/multivers/projects/DEF-DGI/components/node_modules/es-abstract/helpers/isMatchRecord.js
<s> [webpack.Progress] 68% building 965/993 modules 28 active /Users/josuembuyu/Documents/work/multivers/projects/DEF-DGI/components/node_modules/es-abstract/2021/AddEntriesFromIterable.js
<s> [webpack.Progress] 68% building 965/994 modules 29 active /Users/josuembuyu/Documents/work/multivers/projects/DEF-DGI/components/node_modules/es-abstract/2021/CreateDataPropertyOrThrow.js
<s> [webpack.Progress] 68% building 965/995 modules 30 active /Users/josuembuyu/Documents/work/multivers/projects/DEF-DGI/components/node_modules/es-abstract/2021/ToPropertyKey.js
<s> [webpack.Progress] 68% building 966/995 modules 29 active /Users/josuembuyu/Documents/work/multivers/projects/DEF-DGI/components/node_modules/es-abstract/2021/ToPropertyKey.js
<s> [webpack.Progress] 68% building 967/995 modules 28 active /Users/josuembuyu/Documents/work/multivers/projects/DEF-DGI/components/node_modules/es-abstract/2021/ToPropertyKey.js
<s> [webpack.Progress] 68% building 967/996 modules 29 active /Users/josuembuyu/Documents/work/multivers/projects/DEF-DGI/components/node_modules/promise.allsettled/implementation.js
<s> [webpack.Progress] 68% building 967/997 modules 30 active /Users/josuembuyu/Documents/work/multivers/projects/DEF-DGI/components/node_modules/string.prototype.matchall/implementation.js
<s> [webpack.Progress] 68% building 968/997 modules 29 active /Users/josuembuyu/Documents/work/multivers/projects/DEF-DGI/components/node_modules/string.prototype.matchall/implementation.js
<s> [webpack.Progress] 68% building 968/998 modules 30 active /Users/josuembuyu/Documents/work/multivers/projects/DEF-DGI/components/node_modules/@storybook/react/dist/esm/client/testing/index.js
<s> [webpack.Progress] 68% building 968/999 modules 31 active /Users/josuembuyu/Documents/work/multivers/projects/DEF-DGI/components/node_modules/function-bind/implementation.js
<s> [webpack.Progress] 68% building 969/999 modules 30 active /Users/josuembuyu/Documents/work/multivers/projects/DEF-DGI/components/node_modules/function-bind/implementation.js
<s> [webpack.Progress] 68% building 970/999 modules 29 active /Users/josuembuyu/Documents/work/multivers/projects/DEF-DGI/components/node_modules/function-bind/implementation.js
<s> [webpack.Progress] 68% building 971/999 modules 28 active /Users/josuembuyu/Documents/work/multivers/projects/DEF-DGI/components/node_modules/function-bind/implementation.js
<s> [webpack.Progress] 68% building 972/999 modules 27 active /Users/josuembuyu/Documents/work/multivers/projects/DEF-DGI/components/node_modules/function-bind/implementation.js
<s> [webpack.Progress] 68% building 973/999 modules 26 active /Users/josuembuyu/Documents/work/multivers/projects/DEF-DGI/components/node_modules/function-bind/implementation.js
<s> [webpack.Progress] 68% building 974/999 modules 25 active /Users/josuembuyu/Documents/work/multivers/projects/DEF-DGI/components/node_modules/function-bind/implementation.js
<s> [webpack.Progress] 68% building 975/999 modules 24 active /Users/josuembuyu/Documents/work/multivers/projects/DEF-DGI/components/node_modules/function-bind/implementation.js
<s> [webpack.Progress] 68% building 975/1000 modules 25 active /Users/josuembuyu/Documents/work/multivers/projects/DEF-DGI/components/node_modules/@storybook/docs-tools/dist/esm/argTypes/docgen/flow/createType.js
<s> [webpack.Progress] 68% building 975/1001 modules 26 active /Users/josuembuyu/Documents/work/multivers/projects/DEF-DGI/components/node_modules/@storybook/docs-tools/dist/esm/argTypes/docgen/flow/createDefaultValue.js
<s> [webpack.Progress] 68% building 976/1001 modules 25 active /Users/josuembuyu/Documents/work/multivers/projects/DEF-DGI/components/node_modules/@storybook/docs-tools/dist/esm/argTypes/docgen/flow/createDefaultValue.js
<s> [webpack.Progress] 68% building 977/1001 modules 24 active /Users/josuembuyu/Documents/work/multivers/projects/DEF-DGI/components/node_modules/@storybook/docs-tools/dist/esm/argTypes/docgen/flow/createDefaultValue.js
<s> [webpack.Progress] 68% building 977/1002 modules 25 active /Users/josuembuyu/Documents/work/multivers/projects/DEF-DGI/components/node_modules/@storybook/docs-tools/dist/esm/argTypes/docgen/typeScript/createType.js
<s> [webpack.Progress] 68% building 977/1003 modules 26 active /Users/josuembuyu/Documents/work/multivers/projects/DEF-DGI/components/node_modules/@storybook/docs-tools/dist/esm/argTypes/docgen/typeScript/createDefaultValue.js
<s> [webpack.Progress] 68% building 978/1003 modules 25 active /Users/josuembuyu/Documents/work/multivers/projects/DEF-DGI/components/node_modules/@storybook/docs-tools/dist/esm/argTypes/docgen/typeScript/createDefaultValue.js
<s> [webpack.Progress] 68% building 979/1003 modules 24 active /Users/josuembuyu/Documents/work/multivers/projects/DEF-DGI/components/node_modules/@storybook/docs-tools/dist/esm/argTypes/docgen/typeScript/createDefaultValue.js
<s> [webpack.Progress] 68% building 980/1003 modules 23 active /Users/josuembuyu/Documents/work/multivers/projects/DEF-DGI/components/node_modules/@storybook/docs-tools/dist/esm/argTypes/docgen/typeScript/createDefaultValue.js
<s> [webpack.Progress] 68% building 981/1003 modules 22 active /Users/josuembuyu/Documents/work/multivers/projects/DEF-DGI/components/node_modules/@storybook/docs-tools/dist/esm/argTypes/docgen/typeScript/createDefaultValue.js
<s> [webpack.Progress] 68% building 982/1003 modules 21 active /Users/josuembuyu/Documents/work/multivers/projects/DEF-DGI/components/node_modules/@storybook/docs-tools/dist/esm/argTypes/docgen/typeScript/createDefaultValue.js
<s> [webpack.Progress] 68% building 983/1003 modules 20 active /Users/josuembuyu/Documents/work/multivers/projects/DEF-DGI/components/node_modules/@storybook/docs-tools/dist/esm/argTypes/docgen/typeScript/createDefaultValue.js
<s> [webpack.Progress] 68% building 984/1003 modules 19 active /Users/josuembuyu/Documents/work/multivers/projects/DEF-DGI/components/node_modules/@storybook/docs-tools/dist/esm/argTypes/docgen/typeScript/createDefaultValue.js
<s> [webpack.Progress] 68% building 985/1003 modules 18 active /Users/josuembuyu/Documents/work/multivers/projects/DEF-DGI/components/node_modules/@storybook/docs-tools/dist/esm/argTypes/docgen/typeScript/createDefaultValue.js
<s> [webpack.Progress] 68% building 986/1003 modules 17 active /Users/josuembuyu/Documents/work/multivers/projects/DEF-DGI/components/node_modules/@storybook/docs-tools/dist/esm/argTypes/docgen/typeScript/createDefaultValue.js
<s> [webpack.Progress] 69% building 987/1003 modules 16 active /Users/josuembuyu/Documents/work/multivers/projects/DEF-DGI/components/node_modules/@storybook/docs-tools/dist/esm/argTypes/docgen/typeScript/createDefaultValue.js
<s> [webpack.Progress] 69% building 988/1003 modules 15 active /Users/josuembuyu/Documents/work/multivers/projects/DEF-DGI/components/node_modules/@storybook/docs-tools/dist/esm/argTypes/docgen/typeScript/createDefaultValue.js
<s> [webpack.Progress] 69% building 989/1003 modules 14 active /Users/josuembuyu/Documents/work/multivers/projects/DEF-DGI/components/node_modules/@storybook/docs-tools/dist/esm/argTypes/docgen/typeScript/createDefaultValue.js
<s> [webpack.Progress] 69% building 990/1003 modules 13 active /Users/josuembuyu/Documents/work/multivers/projects/DEF-DGI/components/node_modules/@storybook/docs-tools/dist/esm/argTypes/docgen/typeScript/createDefaultValue.js
<s> [webpack.Progress] 69% building 991/1003 modules 12 active /Users/josuembuyu/Documents/work/multivers/projects/DEF-DGI/components/node_modules/@storybook/docs-tools/dist/esm/argTypes/docgen/typeScript/createDefaultValue.js
<s> [webpack.Progress] 69% building 992/1003 modules 11 active /Users/josuembuyu/Documents/work/multivers/projects/DEF-DGI/components/node_modules/@storybook/docs-tools/dist/esm/argTypes/docgen/typeScript/createDefaultValue.js
<s> [webpack.Progress] 69% building 993/1003 modules 10 active /Users/josuembuyu/Documents/work/multivers/projects/DEF-DGI/components/node_modules/@storybook/docs-tools/dist/esm/argTypes/docgen/typeScript/createDefaultValue.js
<s> [webpack.Progress] 69% building 994/1003 modules 9 active /Users/josuembuyu/Documents/work/multivers/projects/DEF-DGI/components/node_modules/@storybook/docs-tools/dist/esm/argTypes/docgen/typeScript/createDefaultValue.js
<s> [webpack.Progress] 69% building 995/1003 modules 8 active /Users/josuembuyu/Documents/work/multivers/projects/DEF-DGI/components/node_modules/@storybook/docs-tools/dist/esm/argTypes/docgen/typeScript/createDefaultValue.js
<s> [webpack.Progress] 69% building 996/1003 modules 7 active /Users/josuembuyu/Documents/work/multivers/projects/DEF-DGI/components/node_modules/@storybook/docs-tools/dist/esm/argTypes/docgen/typeScript/createDefaultValue.js
<s> [webpack.Progress] 69% building 997/1003 modules 6 active /Users/josuembuyu/Documents/work/multivers/projects/DEF-DGI/components/node_modules/@storybook/docs-tools/dist/esm/argTypes/docgen/typeScript/createDefaultValue.js
<s> [webpack.Progress] 69% building 998/1003 modules 5 active /Users/josuembuyu/Documents/work/multivers/projects/DEF-DGI/components/node_modules/@storybook/docs-tools/dist/esm/argTypes/docgen/typeScript/createDefaultValue.js
<s> [webpack.Progress] 69% building 999/1003 modules 4 active /Users/josuembuyu/Documents/work/multivers/projects/DEF-DGI/components/node_modules/@storybook/docs-tools/dist/esm/argTypes/docgen/typeScript/createDefaultValue.js
<s> [webpack.Progress] 69% building 999/1004 modules 5 active /Users/josuembuyu/Documents/work/multivers/projects/DEF-DGI/components/node_modules/hastscript/factory.js
<s> [webpack.Progress] 69% building 999/1005 modules 6 active /Users/josuembuyu/Documents/work/multivers/projects/DEF-DGI/components/node_modules/es-abstract/2021/Call.js
<s> [webpack.Progress] 69% building 999/1006 modules 7 active /Users/josuembuyu/Documents/work/multivers/projects/DEF-DGI/components/node_modules/es-abstract/2021/HasProperty.js
<s> [webpack.Progress] 69% building 999/1007 modules 8 active /Users/josuembuyu/Documents/work/multivers/projects/DEF-DGI/components/node_modules/es-abstract/2021/LengthOfArrayLike.js
<s> [webpack.Progress] 69% building 999/1008 modules 9 active /Users/josuembuyu/Documents/work/multivers/projects/DEF-DGI/components/node_modules/es-abstract/GetIntrinsic.js
<s> [webpack.Progress] 69% building 999/1009 modules 10 active /Users/josuembuyu/Documents/work/multivers/projects/DEF-DGI/components/node_modules/@storybook/channel-postmessage/dist/esm/index.js
<s> [webpack.Progress] 69% building 999/1010 modules 11 active /Users/josuembuyu/Documents/work/multivers/projects/DEF-DGI/components/node_modules/@storybook/preview-web/dist/esm/index.js
<s> [webpack.Progress] 69% building 999/1011 modules 12 active /Users/josuembuyu/Documents/work/multivers/projects/DEF-DGI/components/node_modules/es-to-primitive/helpers/isPrimitive.js
<s> [webpack.Progress] 69% building 1000/1011 modules 11 active /Users/josuembuyu/Documents/work/multivers/projects/DEF-DGI/components/node_modules/es-to-primitive/helpers/isPrimitive.js
<s> [webpack.Progress] 69% building 1001/1011 modules 10 active /Users/josuembuyu/Documents/work/multivers/projects/DEF-DGI/components/node_modules/es-to-primitive/helpers/isPrimitive.js
<s> [webpack.Progress] 69% building 1002/1011 modules 9 active /Users/josuembuyu/Documents/work/multivers/projects/DEF-DGI/components/node_modules/es-to-primitive/helpers/isPrimitive.js
<s> [webpack.Progress] 69% building 1003/1011 modules 8 active /Users/josuembuyu/Documents/work/multivers/projects/DEF-DGI/components/node_modules/es-to-primitive/helpers/isPrimitive.js
<s> [webpack.Progress] 69% building 1003/1012 modules 9 active /Users/josuembuyu/Documents/work/multivers/projects/DEF-DGI/components/node_modules/util/node_modules/inherits/inherits_browser.js
<s> [webpack.Progress] 69% building 1004/1012 modules 8 active /Users/josuembuyu/Documents/work/multivers/projects/DEF-DGI/components/node_modules/util/node_modules/inherits/inherits_browser.js
<s> [webpack.Progress] 69% building 1005/1012 modules 7 active /Users/josuembuyu/Documents/work/multivers/projects/DEF-DGI/components/node_modules/util/node_modules/inherits/inherits_browser.js
<s> [webpack.Progress] 69% building 1006/1012 modules 6 active /Users/josuembuyu/Documents/work/multivers/projects/DEF-DGI/components/node_modules/util/node_modules/inherits/inherits_browser.js
<s> [webpack.Progress] 69% building 1007/1012 modules 5 active /Users/josuembuyu/Documents/work/multivers/projects/DEF-DGI/components/node_modules/util/node_modules/inherits/inherits_browser.js
<s> [webpack.Progress] 69% building 1007/1013 modules 6 active /Users/josuembuyu/Documents/work/multivers/projects/DEF-DGI/components/node_modules/es-abstract/2021/DefinePropertyOrThrow.js
<s> [webpack.Progress] 69% building 1008/1013 modules 5 active /Users/josuembuyu/Documents/work/multivers/projects/DEF-DGI/components/node_modules/es-abstract/2021/DefinePropertyOrThrow.js
<s> [webpack.Progress] 69% building 1008/1014 modules 6 active /Users/josuembuyu/Documents/work/multivers/projects/DEF-DGI/components/node_modules/es-abstract/2021/IsIntegralNumber.js
<s> [webpack.Progress] 69% building 1008/1015 modules 7 active /Users/josuembuyu/Documents/work/multivers/projects/DEF-DGI/components/node_modules/es-abstract/2021/ArrayCreate.js
<s> [webpack.Progress] 69% building 1009/1015 modules 6 active /Users/josuembuyu/Documents/work/multivers/projects/DEF-DGI/components/node_modules/es-abstract/2021/ArrayCreate.js
<s> [webpack.Progress] 69% building 1009/1016 modules 7 active /Users/josuembuyu/Documents/work/multivers/projects/DEF-DGI/components/node_modules/lodash/_hashDelete.js
<s> [webpack.Progress] 69% building 1009/1017 modules 8 active /Users/josuembuyu/Documents/work/multivers/projects/DEF-DGI/components/node_modules/lodash/_hashGet.js
<s> [webpack.Progress] 69% building 1009/1018 modules 9 active /Users/josuembuyu/Documents/work/multivers/projects/DEF-DGI/components/node_modules/lodash/_hashHas.js
<s> [webpack.Progress] 69% building 1009/1019 modules 10 active /Users/josuembuyu/Documents/work/multivers/projects/DEF-DGI/components/node_modules/lodash/_hashSet.js
<s> [webpack.Progress] 69% building 1009/1020 modules 11 active /Users/josuembuyu/Documents/work/multivers/projects/DEF-DGI/components/node_modules/lodash/_hashClear.js
<s> [webpack.Progress] 69% building 1010/1020 modules 10 active /Users/josuembuyu/Documents/work/multivers/projects/DEF-DGI/components/node_modules/lodash/_hashClear.js
<s> [webpack.Progress] 69% building 1010/1021 modules 11 active /Users/josuembuyu/Documents/work/multivers/projects/DEF-DGI/components/node_modules/es-abstract/2021/CreateRegExpStringIterator.js
<s> [webpack.Progress] 69% building 1010/1022 modules 12 active /Users/josuembuyu/Documents/work/multivers/projects/DEF-DGI/components/node_modules/lodash/_isKeyable.js
<s> [webpack.Progress] 69% building 1010/1023 modules 13 active /Users/josuembuyu/Documents/work/multivers/projects/DEF-DGI/components/node_modules/es-abstract/2021/Set.js
<s> [webpack.Progress] 69% building 1010/1024 modules 14 active /Users/josuembuyu/Documents/work/multivers/projects/DEF-DGI/components/node_modules/property-information/html.js
<s> [webpack.Progress] 69% building 1010/1025 modules 15 active /Users/josuembuyu/Documents/work/multivers/projects/DEF-DGI/components/node_modules/es-abstract/2021/GetIterator.js
<s> [webpack.Progress] 69% building 1010/1026 modules 16 active /Users/josuembuyu/Documents/work/multivers/projects/DEF-DGI/components/node_modules/es-abstract/2021/IteratorClose.js
<s> [webpack.Progress] 69% building 1010/1027 modules 17 active /Users/josuembuyu/Documents/work/multivers/projects/DEF-DGI/components/node_modules/es-abstract/2021/IteratorStep.js
<s> [webpack.Progress] 68% building 1010/1028 modules 18 active /Users/josuembuyu/Documents/work/multivers/projects/DEF-DGI/components/node_modules/es-abstract/2021/IteratorValue.js
<s> [webpack.Progress] 69% building 1011/1028 modules 17 active /Users/josuembuyu/Documents/work/multivers/projects/DEF-DGI/components/node_modules/es-abstract/2021/IteratorValue.js
<s> [webpack.Progress] 68% building 1011/1029 modules 18 active /Users/josuembuyu/Documents/work/multivers/projects/DEF-DGI/components/node_modules/has/src/index.js
<s> [webpack.Progress] 69% building 1012/1029 modules 17 active /Users/josuembuyu/Documents/work/multivers/projects/DEF-DGI/components/node_modules/has/src/index.js
<s> [webpack.Progress] 68% building 1012/1030 modules 18 active /Users/josuembuyu/Documents/work/multivers/projects/DEF-DGI/components/node_modules/es-abstract/2021/PromiseResolve.js
<s> [webpack.Progress] 68% building 1012/1031 modules 19 active /Users/josuembuyu/Documents/work/multivers/projects/DEF-DGI/components/node_modules/es-abstract/2021/GetMethod.js
<s> [webpack.Progress] 68% building 1012/1032 modules 20 active /Users/josuembuyu/Documents/work/multivers/projects/DEF-DGI/components/node_modules/character-entities-legacy/index.json
<s> [webpack.Progress] 68% building 1012/1033 modules 21 active /Users/josuembuyu/Documents/work/multivers/projects/DEF-DGI/components/node_modules/core-js/modules/es.object.from-entries.js
<s> [webpack.Progress] 68% building 1012/1034 modules 22 active /Users/josuembuyu/Documents/work/multivers/projects/DEF-DGI/components/node_modules/character-reference-invalid/index.json
<s> [webpack.Progress] 68% building 1013/1034 modules 21 active /Users/josuembuyu/Documents/work/multivers/projects/DEF-DGI/components/node_modules/character-reference-invalid/index.json
<s> [webpack.Progress] 68% building 1013/1035 modules 22 active /Users/josuembuyu/Documents/work/multivers/projects/DEF-DGI/components/node_modules/get-symbol-description/index.js
<s> [webpack.Progress] 68% building 1014/1035 modules 21 active /Users/josuembuyu/Documents/work/multivers/projects/DEF-DGI/components/node_modules/get-symbol-description/index.js
<s> [webpack.Progress] 68% building 1015/1035 modules 20 active /Users/josuembuyu/Documents/work/multivers/projects/DEF-DGI/components/node_modules/get-symbol-description/index.js
<s> [webpack.Progress] 68% building 1016/1035 modules 19 active /Users/josuembuyu/Documents/work/multivers/projects/DEF-DGI/components/node_modules/get-symbol-description/index.js
<s> [webpack.Progress] 68% building 1017/1035 modules 18 active /Users/josuembuyu/Documents/work/multivers/projects/DEF-DGI/components/node_modules/get-symbol-description/index.js
<s> [webpack.Progress] 69% building 1018/1035 modules 17 active /Users/josuembuyu/Documents/work/multivers/projects/DEF-DGI/components/node_modules/get-symbol-description/index.js
<s> [webpack.Progress] 69% building 1019/1035 modules 16 active /Users/josuembuyu/Documents/work/multivers/projects/DEF-DGI/components/node_modules/get-symbol-description/index.js
<s> [webpack.Progress] 69% building 1020/1035 modules 15 active /Users/josuembuyu/Documents/work/multivers/projects/DEF-DGI/components/node_modules/get-symbol-description/index.js
<s> [webpack.Progress] 69% building 1021/1035 modules 14 active /Users/josuembuyu/Documents/work/multivers/projects/DEF-DGI/components/node_modules/get-symbol-description/index.js
<s> [webpack.Progress] 69% building 1022/1035 modules 13 active /Users/josuembuyu/Documents/work/multivers/projects/DEF-DGI/components/node_modules/get-symbol-description/index.js
<s> [webpack.Progress] 69% building 1023/1035 modules 12 active /Users/josuembuyu/Documents/work/multivers/projects/DEF-DGI/components/node_modules/get-symbol-description/index.js
<s> [webpack.Progress] 69% building 1024/1035 modules 11 active /Users/josuembuyu/Documents/work/multivers/projects/DEF-DGI/components/node_modules/get-symbol-description/index.js
<s> [webpack.Progress] 69% building 1025/1035 modules 10 active /Users/josuembuyu/Documents/work/multivers/projects/DEF-DGI/components/node_modules/get-symbol-description/index.js
<s> [webpack.Progress] 69% building 1026/1035 modules 9 active /Users/josuembuyu/Documents/work/multivers/projects/DEF-DGI/components/node_modules/get-symbol-description/index.js
<s> [webpack.Progress] 69% building 1027/1035 modules 8 active /Users/josuembuyu/Documents/work/multivers/projects/DEF-DGI/components/node_modules/get-symbol-description/index.js
<s> [webpack.Progress] 69% building 1028/1035 modules 7 active /Users/josuembuyu/Documents/work/multivers/projects/DEF-DGI/components/node_modules/get-symbol-description/index.js
<s> [webpack.Progress] 69% building 1029/1035 modules 6 active /Users/josuembuyu/Documents/work/multivers/projects/DEF-DGI/components/node_modules/get-symbol-description/index.js
<s> [webpack.Progress] 69% building 1030/1035 modules 5 active /Users/josuembuyu/Documents/work/multivers/projects/DEF-DGI/components/node_modules/get-symbol-description/index.js
<s> [webpack.Progress] 69% building 1031/1035 modules 4 active /Users/josuembuyu/Documents/work/multivers/projects/DEF-DGI/components/node_modules/get-symbol-description/index.js
<s> [webpack.Progress] 69% building 1031/1036 modules 5 active /Users/josuembuyu/Documents/work/multivers/projects/DEF-DGI/components/node_modules/property-information/find.js
<s> [webpack.Progress] 69% building 1031/1037 modules 6 active /Users/josuembuyu/Documents/work/multivers/projects/DEF-DGI/components/node_modules/property-information/normalize.js
<s> [webpack.Progress] 69% building 1032/1037 modules 5 active /Users/josuembuyu/Documents/work/multivers/projects/DEF-DGI/components/node_modules/property-information/normalize.js
<s> [webpack.Progress] 69% building 1032/1038 modules 6 active /Users/josuembuyu/Documents/work/multivers/projects/DEF-DGI/components/node_modules/is-decimal/index.js
<s> [webpack.Progress] 69% building 1033/1038 modules 5 active /Users/josuembuyu/Documents/work/multivers/projects/DEF-DGI/components/node_modules/is-decimal/index.js
<s> [webpack.Progress] 69% building 1033/1039 modules 6 active /Users/josuembuyu/Documents/work/multivers/projects/DEF-DGI/components/node_modules/is-hexadecimal/index.js
<s> [webpack.Progress] 69% building 1034/1039 modules 5 active /Users/josuembuyu/Documents/work/multivers/projects/DEF-DGI/components/node_modules/is-hexadecimal/index.js
<s> [webpack.Progress] 69% building 1034/1040 modules 6 active /Users/josuembuyu/Documents/work/multivers/projects/DEF-DGI/components/node_modules/is-alphanumerical/index.js
<s> [webpack.Progress] 69% building 1034/1041 modules 7 active /Users/josuembuyu/Documents/work/multivers/projects/DEF-DGI/components/node_modules/is-regex/index.js
<s> [webpack.Progress] 69% building 1034/1042 modules 8 active /Users/josuembuyu/Documents/work/multivers/projects/DEF-DGI/components/node_modules/@storybook/preview-web/dist/esm/Preview.js
<s> [webpack.Progress] 69% building 1034/1043 modules 9 active /Users/josuembuyu/Documents/work/multivers/projects/DEF-DGI/components/node_modules/@storybook/preview-web/dist/esm/simulate-pageload.js
<s> [webpack.Progress] 69% building 1034/1044 modules 10 active /Users/josuembuyu/Documents/work/multivers/projects/DEF-DGI/components/node_modules/@storybook/preview-web/dist/esm/types.js
<s> [webpack.Progress] 69% building 1034/1045 modules 11 active /Users/josuembuyu/Documents/work/multivers/projects/DEF-DGI/components/node_modules/@storybook/preview-web/dist/esm/PreviewWeb.js
<s> [webpack.Progress] 69% building 1035/1045 modules 10 active /Users/josuembuyu/Documents/work/multivers/projects/DEF-DGI/components/node_modules/@storybook/preview-web/dist/esm/PreviewWeb.js
<s> [webpack.Progress] 69% building 1035/1046 modules 11 active /Users/josuembuyu/Documents/work/multivers/projects/DEF-DGI/components/node_modules/acorn/dist/acorn.mjs
<s> [webpack.Progress] 69% building 1035/1047 modules 12 active /Users/josuembuyu/Documents/work/multivers/projects/DEF-DGI/components/node_modules/acorn-walk/dist/walk.mjs
<s> [webpack.Progress] 69% building 1036/1047 modules 11 active /Users/josuembuyu/Documents/work/multivers/projects/DEF-DGI/components/node_modules/acorn-walk/dist/walk.mjs
<s> [webpack.Progress] 69% building 1037/1047 modules 10 active /Users/josuembuyu/Documents/work/multivers/projects/DEF-DGI/components/node_modules/acorn-walk/dist/walk.mjs
<s> [webpack.Progress] 69% building 1037/1048 modules 11 active /Users/josuembuyu/Documents/work/multivers/projects/DEF-DGI/components/node_modules/es-abstract/2021/IsAccessorDescriptor.js
<s> [webpack.Progress] 69% building 1037/1049 modules 12 active /Users/josuembuyu/Documents/work/multivers/projects/DEF-DGI/components/node_modules/es-abstract/helpers/isPropertyDescriptor.js
<s> [webpack.Progress] 69% building 1038/1049 modules 11 active /Users/josuembuyu/Documents/work/multivers/projects/DEF-DGI/components/node_modules/es-abstract/helpers/isPropertyDescriptor.js
<s> [webpack.Progress] 69% building 1039/1049 modules 10 active /Users/josuembuyu/Documents/work/multivers/projects/DEF-DGI/components/node_modules/es-abstract/helpers/isPropertyDescriptor.js
<s> [webpack.Progress] 69% building 1040/1049 modules 9 active /Users/josuembuyu/Documents/work/multivers/projects/DEF-DGI/components/node_modules/es-abstract/helpers/isPropertyDescriptor.js
<s> [webpack.Progress] 69% building 1040/1050 modules 10 active /Users/josuembuyu/Documents/work/multivers/projects/DEF-DGI/components/node_modules/babel-loader/lib/index.js??ref--5-0!/Users/josuembuyu/Documents/work/multivers/projects/DEF-DGI/components/node_modules/babel-loader/lib/index.js??ref--7-0!/Users/josuembuyu/Documents/work/multivers/projects/DEF-DGI/components/node_modules/acorn-jsx/index.js
<s> [webpack.Progress] 69% building 1040/1051 modules 11 active /Users/josuembuyu/Documents/work/multivers/projects/DEF-DGI/components/node_modules/lodash/_nativeCreate.js
<s> [webpack.Progress] 69% building 1041/1051 modules 10 active /Users/josuembuyu/Documents/work/multivers/projects/DEF-DGI/components/node_modules/lodash/_nativeCreate.js
<s> [webpack.Progress] 69% building 1042/1051 modules 9 active /Users/josuembuyu/Documents/work/multivers/projects/DEF-DGI/components/node_modules/lodash/_nativeCreate.js
<s> [webpack.Progress] 69% building 1043/1051 modules 8 active /Users/josuembuyu/Documents/work/multivers/projects/DEF-DGI/components/node_modules/lodash/_nativeCreate.js
<s> [webpack.Progress] 69% building 1044/1051 modules 7 active /Users/josuembuyu/Documents/work/multivers/projects/DEF-DGI/components/node_modules/lodash/_nativeCreate.js
<s> [webpack.Progress] 69% building 1045/1051 modules 6 active /Users/josuembuyu/Documents/work/multivers/projects/DEF-DGI/components/node_modules/lodash/_nativeCreate.js
<s> [webpack.Progress] 69% building 1045/1052 modules 7 active /Users/josuembuyu/Documents/work/multivers/projects/DEF-DGI/components/node_modules/es-abstract/2021/AdvanceStringIndex.js
<s> [webpack.Progress] 69% building 1045/1053 modules 8 active /Users/josuembuyu/Documents/work/multivers/projects/DEF-DGI/components/node_modules/es-abstract/2021/CreateIterResultObject.js
<s> [webpack.Progress] 69% building 1045/1054 modules 9 active /Users/josuembuyu/Documents/work/multivers/projects/DEF-DGI/components/node_modules/es-abstract/2021/CreateMethodProperty.js
<s> [webpack.Progress] 69% building 1045/1055 modules 10 active /Users/josuembuyu/Documents/work/multivers/projects/DEF-DGI/components/node_modules/es-abstract/2021/OrdinaryObjectCreate.js
<s> [webpack.Progress] 69% building 1045/1056 modules 11 active /Users/josuembuyu/Documents/work/multivers/projects/DEF-DGI/components/node_modules/es-abstract/2021/RegExpExec.js
<s> [webpack.Progress] 69% building 1045/1057 modules 12 active /Users/josuembuyu/Documents/work/multivers/projects/DEF-DGI/components/node_modules/es-abstract/2021/IteratorComplete.js
<s> [webpack.Progress] 69% building 1045/1058 modules 13 active /Users/josuembuyu/Documents/work/multivers/projects/DEF-DGI/components/node_modules/es-abstract/2021/IteratorNext.js
<s> [webpack.Progress] 69% building 1045/1059 modules 14 active /Users/josuembuyu/Documents/work/multivers/projects/DEF-DGI/components/node_modules/es-abstract/helpers/getIteratorMethod.js
<s> [webpack.Progress] 69% building 1045/1060 modules 15 active /Users/josuembuyu/Documents/work/multivers/projects/DEF-DGI/components/node_modules/is-date-object/index.js
<s> [webpack.Progress] 69% building 1045/1061 modules 16 active /Users/josuembuyu/Documents/work/multivers/projects/DEF-DGI/components/node_modules/is-symbol/index.js
<s> [webpack.Progress] 69% building 1045/1062 modules 17 active /Users/josuembuyu/Documents/work/multivers/projects/DEF-DGI/components/node_modules/es-array-method-boxes-properly/index.js
<s> [webpack.Progress] 68% building 1045/1063 modules 18 active /Users/josuembuyu/Documents/work/multivers/projects/DEF-DGI/components/node_modules/react-is/index.js
<s> [webpack.Progress] 68% building 1045/1064 modules 19 active /Users/josuembuyu/Documents/work/multivers/projects/DEF-DGI/components/node_modules/es-abstract/2021/GetV.js
<s> [webpack.Progress] 68% building 1046/1064 modules 18 active /Users/josuembuyu/Documents/work/multivers/projects/DEF-DGI/components/node_modules/es-abstract/2021/GetV.js
<s> [webpack.Progress] 69% building 1047/1064 modules 17 active /Users/josuembuyu/Documents/work/multivers/projects/DEF-DGI/components/node_modules/es-abstract/2021/GetV.js
<s> [webpack.Progress] 68% building 1047/1065 modules 18 active /Users/josuembuyu/Documents/work/multivers/projects/DEF-DGI/components/node_modules/property-information/lib/xlink.js
<s> [webpack.Progress] 68% building 1047/1066 modules 19 active /Users/josuembuyu/Documents/work/multivers/projects/DEF-DGI/components/node_modules/property-information/lib/xml.js
<s> [webpack.Progress] 68% building 1047/1067 modules 20 active /Users/josuembuyu/Documents/work/multivers/projects/DEF-DGI/components/node_modules/property-information/lib/xmlns.js
<s> [webpack.Progress] 68% building 1047/1068 modules 21 active /Users/josuembuyu/Documents/work/multivers/projects/DEF-DGI/components/node_modules/property-information/lib/aria.js
<s> [webpack.Progress] 68% building 1047/1069 modules 22 active /Users/josuembuyu/Documents/work/multivers/projects/DEF-DGI/components/node_modules/property-information/lib/html.js
<s> [webpack.Progress] 68% building 1047/1070 modules 23 active /Users/josuembuyu/Documents/work/multivers/projects/DEF-DGI/components/node_modules/property-information/lib/util/merge.js
<s> [webpack.Progress] 68% building 1048/1070 modules 22 active /Users/josuembuyu/Documents/work/multivers/projects/DEF-DGI/components/node_modules/property-information/lib/util/merge.js
<s> [webpack.Progress] 68% building 1049/1070 modules 21 active /Users/josuembuyu/Documents/work/multivers/projects/DEF-DGI/components/node_modules/property-information/lib/util/merge.js
<s> [webpack.Progress] 68% building 1050/1070 modules 20 active /Users/josuembuyu/Documents/work/multivers/projects/DEF-DGI/components/node_modules/property-information/lib/util/merge.js
<s> [webpack.Progress] 68% building 1051/1070 modules 19 active /Users/josuembuyu/Documents/work/multivers/projects/DEF-DGI/components/node_modules/property-information/lib/util/merge.js
<s> [webpack.Progress] 68% building 1052/1070 modules 18 active /Users/josuembuyu/Documents/work/multivers/projects/DEF-DGI/components/node_modules/property-information/lib/util/merge.js
<s> [webpack.Progress] 69% building 1053/1070 modules 17 active /Users/josuembuyu/Documents/work/multivers/projects/DEF-DGI/components/node_modules/property-information/lib/util/merge.js
<s> [webpack.Progress] 69% building 1054/1070 modules 16 active /Users/josuembuyu/Documents/work/multivers/projects/DEF-DGI/components/node_modules/property-information/lib/util/merge.js
<s> [webpack.Progress] 69% building 1055/1070 modules 15 active /Users/josuembuyu/Documents/work/multivers/projects/DEF-DGI/components/node_modules/property-information/lib/util/merge.js
<s> [webpack.Progress] 69% building 1055/1071 modules 16 active /Users/josuembuyu/Documents/work/multivers/projects/DEF-DGI/components/node_modules/@base2/pretty-print-object/dist/index.js
<s> [webpack.Progress] 69% building 1056/1071 modules 15 active /Users/josuembuyu/Documents/work/multivers/projects/DEF-DGI/components/node_modules/@base2/pretty-print-object/dist/index.js
<s> [webpack.Progress] 69% building 1057/1071 modules 14 active /Users/josuembuyu/Documents/work/multivers/projects/DEF-DGI/components/node_modules/@base2/pretty-print-object/dist/index.js
<s> [webpack.Progress] 69% building 1058/1071 modules 13 active /Users/josuembuyu/Documents/work/multivers/projects/DEF-DGI/components/node_modules/@base2/pretty-print-object/dist/index.js
<s> [webpack.Progress] 69% building 1059/1071 modules 12 active /Users/josuembuyu/Documents/work/multivers/projects/DEF-DGI/components/node_modules/@base2/pretty-print-object/dist/index.js
<s> [webpack.Progress] 69% building 1060/1071 modules 11 active /Users/josuembuyu/Documents/work/multivers/projects/DEF-DGI/components/node_modules/@base2/pretty-print-object/dist/index.js
<s> [webpack.Progress] 69% building 1061/1071 modules 10 active /Users/josuembuyu/Documents/work/multivers/projects/DEF-DGI/components/node_modules/@base2/pretty-print-object/dist/index.js
<s> [webpack.Progress] 69% building 1062/1071 modules 9 active /Users/josuembuyu/Documents/work/multivers/projects/DEF-DGI/components/node_modules/@base2/pretty-print-object/dist/index.js
<s> [webpack.Progress] 69% building 1063/1071 modules 8 active /Users/josuembuyu/Documents/work/multivers/projects/DEF-DGI/components/node_modules/@base2/pretty-print-object/dist/index.js
<s> [webpack.Progress] 69% building 1063/1072 modules 9 active /Users/josuembuyu/Documents/work/multivers/projects/DEF-DGI/components/node_modules/regexp.prototype.flags/index.js
<s> [webpack.Progress] 69% building 1064/1072 modules 8 active /Users/josuembuyu/Documents/work/multivers/projects/DEF-DGI/components/node_modules/regexp.prototype.flags/index.js
<s> [webpack.Progress] 69% building 1065/1072 modules 7 active /Users/josuembuyu/Documents/work/multivers/projects/DEF-DGI/components/node_modules/regexp.prototype.flags/index.js
<s> [webpack.Progress] 69% building 1066/1072 modules 6 active /Users/josuembuyu/Documents/work/multivers/projects/DEF-DGI/components/node_modules/regexp.prototype.flags/index.js
<s> [webpack.Progress] 69% building 1067/1072 modules 5 active /Users/josuembuyu/Documents/work/multivers/projects/DEF-DGI/components/node_modules/regexp.prototype.flags/index.js
<s> [webpack.Progress] 69% building 1067/1073 modules 6 active /Users/josuembuyu/Documents/work/multivers/projects/DEF-DGI/components/node_modules/property-information/lib/util/defined-info.js
<s> [webpack.Progress] 69% building 1067/1074 modules 7 active /Users/josuembuyu/Documents/work/multivers/projects/DEF-DGI/components/node_modules/property-information/lib/util/info.js
<s> [webpack.Progress] 69% building 1068/1074 modules 6 active /Users/josuembuyu/Documents/work/multivers/projects/DEF-DGI/components/node_modules/property-information/lib/util/info.js
<s> [webpack.Progress] 69% building 1069/1074 modules 5 active /Users/josuembuyu/Documents/work/multivers/projects/DEF-DGI/components/node_modules/property-information/lib/util/info.js
<s> [webpack.Progress] 69% building 1069/1075 modules 6 active /Users/josuembuyu/Documents/work/multivers/projects/DEF-DGI/components/node_modules/react-element-to-jsx-string/node_modules/is-plain-object/dist/is-plain-object.mjs
<s> [webpack.Progress] 69% building 1069/1076 modules 7 active /Users/josuembuyu/Documents/work/multivers/projects/DEF-DGI/components/node_modules/@storybook/preview-web/dist/esm/StoryRender.js
<s> [webpack.Progress] 69% building 1069/1077 modules 8 active /Users/josuembuyu/Documents/work/multivers/projects/DEF-DGI/components/node_modules/@storybook/preview-web/dist/esm/UrlStore.js
<s> [webpack.Progress] 69% building 1069/1078 modules 9 active /Users/josuembuyu/Documents/work/multivers/projects/DEF-DGI/components/node_modules/@storybook/preview-web/dist/esm/WebView.js
<s> [webpack.Progress] 69% building 1069/1079 modules 10 active /Users/josuembuyu/Documents/work/multivers/projects/DEF-DGI/components/node_modules/@storybook/preview-web/dist/esm/DocsRender.js
<s> [webpack.Progress] 69% building 1069/1080 modules 11 active /Users/josuembuyu/Documents/work/multivers/projects/DEF-DGI/components/node_modules/array.prototype.map/index.js
<s> [webpack.Progress] 69% building 1069/1081 modules 12 active /Users/josuembuyu/Documents/work/multivers/projects/DEF-DGI/components/node_modules/iterate-value/index.js
<s> [webpack.Progress] 69% building 1070/1081 modules 11 active /Users/josuembuyu/Documents/work/multivers/projects/DEF-DGI/components/node_modules/iterate-value/index.js
<s> [webpack.Progress] 69% building 1071/1081 modules 10 active /Users/josuembuyu/Documents/work/multivers/projects/DEF-DGI/components/node_modules/iterate-value/index.js
<s> [webpack.Progress] 69% building 1072/1081 modules 9 active /Users/josuembuyu/Documents/work/multivers/projects/DEF-DGI/components/node_modules/iterate-value/index.js
<s> [webpack.Progress] 69% building 1073/1081 modules 8 active /Users/josuembuyu/Documents/work/multivers/projects/DEF-DGI/components/node_modules/iterate-value/index.js
<s> [webpack.Progress] 69% building 1074/1081 modules 7 active /Users/josuembuyu/Documents/work/multivers/projects/DEF-DGI/components/node_modules/iterate-value/index.js
<s> [webpack.Progress] 69% building 1074/1082 modules 8 active /Users/josuembuyu/Documents/work/multivers/projects/DEF-DGI/components/node_modules/react-is/cjs/react-is.production.min.js
<s> [webpack.Progress] 69% building 1075/1082 modules 7 active /Users/josuembuyu/Documents/work/multivers/projects/DEF-DGI/components/node_modules/react-is/cjs/react-is.production.min.js
<s> [webpack.Progress] 69% building 1075/1083 modules 8 active /Users/josuembuyu/Documents/work/multivers/projects/DEF-DGI/components/node_modules/core-js/modules/es.object.create.js
<s> [webpack.Progress] 69% building 1075/1084 modules 9 active /Users/josuembuyu/Documents/work/multivers/projects/DEF-DGI/components/node_modules/core-js/modules/es.object.set-prototype-of.js
<s> [webpack.Progress] 69% building 1075/1085 modules 10 active /Users/josuembuyu/Documents/work/multivers/projects/DEF-DGI/components/node_modules/core-js/modules/es.parse-int.js
<s> [webpack.Progress] 69% building 1076/1085 modules 9 active /Users/josuembuyu/Documents/work/multivers/projects/DEF-DGI/components/node_modules/core-js/modules/es.parse-int.js
<s> [webpack.Progress] 69% building 1077/1085 modules 8 active /Users/josuembuyu/Documents/work/multivers/projects/DEF-DGI/components/node_modules/core-js/modules/es.parse-int.js
<s> [webpack.Progress] 69% building 1078/1085 modules 7 active /Users/josuembuyu/Documents/work/multivers/projects/DEF-DGI/components/node_modules/core-js/modules/es.parse-int.js
<s> [webpack.Progress] 69% building 1078/1086 modules 8 active /Users/josuembuyu/Documents/work/multivers/projects/DEF-DGI/components/node_modules/es-abstract/2021/CodePointAt.js
<s> [webpack.Progress] 69% building 1079/1086 modules 7 active /Users/josuembuyu/Documents/work/multivers/projects/DEF-DGI/components/node_modules/es-abstract/2021/CodePointAt.js
<s> [webpack.Progress] 69% building 1080/1086 modules 6 active /Users/josuembuyu/Documents/work/multivers/projects/DEF-DGI/components/node_modules/es-abstract/2021/CodePointAt.js
<s> [webpack.Progress] 69% building 1081/1086 modules 5 active /Users/josuembuyu/Documents/work/multivers/projects/DEF-DGI/components/node_modules/es-abstract/2021/CodePointAt.js
<s> [webpack.Progress] 69% building 1081/1087 modules 6 active /Users/josuembuyu/Documents/work/multivers/projects/DEF-DGI/components/node_modules/es-abstract/2021/Invoke.js
<s> [webpack.Progress] 69% building 1081/1088 modules 7 active /Users/josuembuyu/Documents/work/multivers/projects/DEF-DGI/components/node_modules/property-information/lib/util/case-insensitive-transform.js
<s> [webpack.Progress] 69% building 1081/1089 modules 8 active /Users/josuembuyu/Documents/work/multivers/projects/DEF-DGI/components/node_modules/property-information/lib/util/types.js
<s> [webpack.Progress] 69% building 1081/1090 modules 9 active /Users/josuembuyu/Documents/work/multivers/projects/DEF-DGI/components/node_modules/property-information/lib/util/create.js
<s> [webpack.Progress] 69% building 1081/1091 modules 10 active /Users/josuembuyu/Documents/work/multivers/projects/DEF-DGI/components/node_modules/property-information/lib/util/schema.js
<s> [webpack.Progress] 69% building 1082/1091 modules 9 active /Users/josuembuyu/Documents/work/multivers/projects/DEF-DGI/components/node_modules/property-information/lib/util/schema.js
<s> [webpack.Progress] 69% building 1083/1091 modules 8 active /Users/josuembuyu/Documents/work/multivers/projects/DEF-DGI/components/node_modules/property-information/lib/util/schema.js
<s> [webpack.Progress] 69% building 1084/1091 modules 7 active /Users/josuembuyu/Documents/work/multivers/projects/DEF-DGI/components/node_modules/property-information/lib/util/schema.js
<s> [webpack.Progress] 69% building 1085/1091 modules 6 active /Users/josuembuyu/Documents/work/multivers/projects/DEF-DGI/components/node_modules/property-information/lib/util/schema.js
<s> [webpack.Progress] 69% building 1085/1092 modules 7 active /Users/josuembuyu/Documents/work/multivers/projects/DEF-DGI/components/node_modules/babel-loader/lib/index.js??ref--5-0!/Users/josuembuyu/Documents/work/multivers/projects/DEF-DGI/components/node_modules/babel-loader/lib/index.js??ref--7-0!/Users/josuembuyu/Documents/work/multivers/projects/DEF-DGI/components/node_modules/acorn-jsx/xhtml.js
<s> [webpack.Progress] 69% building 1086/1092 modules 6 active /Users/josuembuyu/Documents/work/multivers/projects/DEF-DGI/components/node_modules/babel-loader/lib/index.js??ref--5-0!/Users/josuembuyu/Documents/work/multivers/projects/DEF-DGI/components/node_modules/babel-loader/lib/index.js??ref--7-0!/Users/josuembuyu/Documents/work/multivers/projects/DEF-DGI/components/node_modules/acorn-jsx/xhtml.js
<s> [webpack.Progress] 69% building 1086/1093 modules 7 active /Users/josuembuyu/Documents/work/multivers/projects/DEF-DGI/components/node_modules/comma-separated-tokens/index.js
<s> [webpack.Progress] 69% building 1086/1094 modules 8 active /Users/josuembuyu/Documents/work/multivers/projects/DEF-DGI/components/node_modules/space-separated-tokens/index.js
<s> [webpack.Progress] 69% building 1086/1095 modules 9 active /Users/josuembuyu/Documents/work/multivers/projects/DEF-DGI/components/node_modules/hast-util-parse-selector/index.js
<s> [webpack.Progress] 69% building 1087/1095 modules 8 active /Users/josuembuyu/Documents/work/multivers/projects/DEF-DGI/components/node_modules/hast-util-parse-selector/index.js
<s> [webpack.Progress] 69% building 1087/1096 modules 9 active /Users/josuembuyu/Documents/work/multivers/projects/DEF-DGI/components/node_modules/telejson/dist/esm/index.js
<s> [webpack.Progress] 69% building 1087/1097 modules 10 active /Users/josuembuyu/Documents/work/multivers/projects/DEF-DGI/components/node_modules/regexp.prototype.flags/implementation.js
<s> [webpack.Progress] 69% building 1087/1098 modules 11 active /Users/josuembuyu/Documents/work/multivers/projects/DEF-DGI/components/node_modules/regexp.prototype.flags/polyfill.js
<s> [webpack.Progress] 69% building 1088/1098 modules 10 active /Users/josuembuyu/Documents/work/multivers/projects/DEF-DGI/components/node_modules/regexp.prototype.flags/polyfill.js
<s> [webpack.Progress] 69% building 1089/1098 modules 9 active /Users/josuembuyu/Documents/work/multivers/projects/DEF-DGI/components/node_modules/regexp.prototype.flags/polyfill.js
<s> [webpack.Progress] 69% building 1089/1099 modules 10 active /Users/josuembuyu/Documents/work/multivers/projects/DEF-DGI/components/node_modules/regexp.prototype.flags/shim.js
<s> [webpack.Progress] 69% building 1090/1099 modules 9 active /Users/josuembuyu/Documents/work/multivers/projects/DEF-DGI/components/node_modules/regexp.prototype.flags/shim.js
<s> [webpack.Progress] 69% building 1091/1099 modules 8 active /Users/josuembuyu/Documents/work/multivers/projects/DEF-DGI/components/node_modules/regexp.prototype.flags/shim.js
<s> [webpack.Progress] 69% building 1091/1100 modules 9 active /Users/josuembuyu/Documents/work/multivers/projects/DEF-DGI/components/node_modules/internal-slot/index.js
<s> [webpack.Progress] 69% building 1091/1101 modules 10 active /Users/josuembuyu/Documents/work/multivers/projects/DEF-DGI/components/node_modules/@storybook/preview-web/dist/esm/parseArgsParam.js
<s> [webpack.Progress] 69% building 1091/1102 modules 11 active /Users/josuembuyu/Documents/work/multivers/projects/DEF-DGI/components/node_modules/@storybook/preview-web/dist/esm/renderDocs.js
<s> [webpack.Progress] 69% building 1091/1103 modules 12 active /Users/josuembuyu/Documents/work/multivers/projects/DEF-DGI/components/node_modules/array.prototype.map/implementation.js
<s> [webpack.Progress] 69% building 1091/1104 modules 13 active /Users/josuembuyu/Documents/work/multivers/projects/DEF-DGI/components/node_modules/array.prototype.map/polyfill.js
<s> [webpack.Progress] 69% building 1091/1105 modules 14 active /Users/josuembuyu/Documents/work/multivers/projects/DEF-DGI/components/node_modules/array.prototype.map/shim.js
<s> [webpack.Progress] 69% building 1092/1105 modules 13 active /Users/josuembuyu/Documents/work/multivers/projects/DEF-DGI/components/node_modules/array.prototype.map/shim.js
<s> [webpack.Progress] 69% building 1093/1105 modules 12 active /Users/josuembuyu/Documents/work/multivers/projects/DEF-DGI/components/node_modules/array.prototype.map/shim.js
<s> [webpack.Progress] 69% building 1094/1105 modules 11 active /Users/josuembuyu/Documents/work/multivers/projects/DEF-DGI/components/node_modules/array.prototype.map/shim.js
<s> [webpack.Progress] 69% building 1095/1105 modules 10 active /Users/josuembuyu/Documents/work/multivers/projects/DEF-DGI/components/node_modules/array.prototype.map/shim.js
<s> [webpack.Progress] 69% building 1096/1105 modules 9 active /Users/josuembuyu/Documents/work/multivers/projects/DEF-DGI/components/node_modules/array.prototype.map/shim.js
<s> [webpack.Progress] 69% building 1097/1105 modules 8 active /Users/josuembuyu/Documents/work/multivers/projects/DEF-DGI/components/node_modules/array.prototype.map/shim.js
<s> [webpack.Progress] 69% building 1098/1105 modules 7 active /Users/josuembuyu/Documents/work/multivers/projects/DEF-DGI/components/node_modules/array.prototype.map/shim.js
<s> [webpack.Progress] 69% building 1099/1105 modules 6 active /Users/josuembuyu/Documents/work/multivers/projects/DEF-DGI/components/node_modules/array.prototype.map/shim.js
<s> [webpack.Progress] 69% building 1100/1105 modules 5 active /Users/josuembuyu/Documents/work/multivers/projects/DEF-DGI/components/node_modules/array.prototype.map/shim.js
<s> [webpack.Progress] 69% building 1100/1106 modules 6 active /Users/josuembuyu/Documents/work/multivers/projects/DEF-DGI/components/node_modules/core-js/internals/number-parse-int.js
<s> [webpack.Progress] 69% building 1101/1106 modules 5 active /Users/josuembuyu/Documents/work/multivers/projects/DEF-DGI/components/node_modules/core-js/internals/number-parse-int.js
<s> [webpack.Progress] 69% building 1101/1107 modules 6 active /Users/josuembuyu/Documents/work/multivers/projects/DEF-DGI/components/node_modules/es-abstract/helpers/isLeadingSurrogate.js
<s> [webpack.Progress] 69% building 1101/1108 modules 7 active /Users/josuembuyu/Documents/work/multivers/projects/DEF-DGI/components/node_modules/es-abstract/helpers/isTrailingSurrogate.js
<s> [webpack.Progress] 69% building 1101/1109 modules 8 active /Users/josuembuyu/Documents/work/multivers/projects/DEF-DGI/components/node_modules/es-abstract/2021/UTF16SurrogatePairToCodePoint.js
<s> [webpack.Progress] 69% building 1102/1109 modules 7 active /Users/josuembuyu/Documents/work/multivers/projects/DEF-DGI/components/node_modules/es-abstract/2021/UTF16SurrogatePairToCodePoint.js
<s> [webpack.Progress] 69% building 1103/1109 modules 6 active /Users/josuembuyu/Documents/work/multivers/projects/DEF-DGI/components/node_modules/es-abstract/2021/UTF16SurrogatePairToCodePoint.js
<s> [webpack.Progress] 69% building 1104/1109 modules 5 active /Users/josuembuyu/Documents/work/multivers/projects/DEF-DGI/components/node_modules/es-abstract/2021/UTF16SurrogatePairToCodePoint.js
<s> [webpack.Progress] 69% building 1105/1109 modules 4 active /Users/josuembuyu/Documents/work/multivers/projects/DEF-DGI/components/node_modules/es-abstract/2021/UTF16SurrogatePairToCodePoint.js
<s> [webpack.Progress] 69% building 1105/1110 modules 5 active /Users/josuembuyu/Documents/work/multivers/projects/DEF-DGI/components/node_modules/property-information/lib/util/case-sensitive-transform.js
<s> [webpack.Progress] 69% building 1106/1110 modules 4 active /Users/josuembuyu/Documents/work/multivers/projects/DEF-DGI/components/node_modules/property-information/lib/util/case-sensitive-transform.js
<s> [webpack.Progress] 69% building 1107/1110 modules 3 active /Users/josuembuyu/Documents/work/multivers/projects/DEF-DGI/components/node_modules/property-information/lib/util/case-sensitive-transform.js
<s> [webpack.Progress] 69% building 1108/1110 modules 2 active /Users/josuembuyu/Documents/work/multivers/projects/DEF-DGI/components/node_modules/property-information/lib/util/case-sensitive-transform.js
<s> [webpack.Progress] 69% building 1109/1110 modules 1 active /Users/josuembuyu/Documents/work/multivers/projects/DEF-DGI/components/node_modules/property-information/lib/util/case-sensitive-transform.js
<s> [webpack.Progress] 69% building 1109/1111 modules 2 active /Users/josuembuyu/Documents/work/multivers/projects/DEF-DGI/components/node_modules/telejson/dist/esm/dom-event.js
<s> [webpack.Progress] 69% building 1109/1112 modules 3 active /Users/josuembuyu/Documents/work/multivers/projects/DEF-DGI/components/node_modules/is-alphabetical/index.js
<s> [webpack.Progress] 69% building 1110/1112 modules 2 active /Users/josuembuyu/Documents/work/multivers/projects/DEF-DGI/components/node_modules/is-alphabetical/index.js
<s> [webpack.Progress] 69% building 1110/1113 modules 3 active /Users/josuembuyu/Documents/work/multivers/projects/DEF-DGI/components/node_modules/@storybook/preview-web/dist/esm/NoDocs.js
<s> [webpack.Progress] 69% building 1110/1114 modules 4 active /Users/josuembuyu/Documents/work/multivers/projects/DEF-DGI/components/node_modules/es-abstract/2021/ToUint32.js
<s> [webpack.Progress] 69% building 1111/1114 modules 3 active /Users/josuembuyu/Documents/work/multivers/projects/DEF-DGI/components/node_modules/es-abstract/2021/ToUint32.js
<s> [webpack.Progress] 69% building 1112/1114 modules 2 active /Users/josuembuyu/Documents/work/multivers/projects/DEF-DGI/components/node_modules/es-abstract/2021/ToUint32.js
<s> [webpack.Progress] 69% building 1113/1114 modules 1 active /Users/josuembuyu/Documents/work/multivers/projects/DEF-DGI/components/node_modules/@storybook/preview-web/dist/esm/NoDocs.js
<s> [webpack.Progress] 70% building 1114/1114 modules 0 active 
<s> [webpack.Progress] 69% building 1114/1115 modules 1 active /Users/josuembuyu/Documents/work/multivers/projects/DEF-DGI/components/node_modules/xtend/immutable.js
<s> [webpack.Progress] 69% building 1114/1116 modules 2 active /Users/josuembuyu/Documents/work/multivers/projects/DEF-DGI/components/node_modules/es-get-iterator/index.js
<s> [webpack.Progress] 69% building 1114/1117 modules 3 active /Users/josuembuyu/Documents/work/multivers/projects/DEF-DGI/components/node_modules/iterate-iterator/index.js
<s> [webpack.Progress] 69% building 1114/1118 modules 4 active /Users/josuembuyu/Documents/work/multivers/projects/DEF-DGI/components/node_modules/ansi-to-html/lib/ansi_to_html.js
<s> [webpack.Progress] 69% building 1115/1118 modules 3 active /Users/josuembuyu/Documents/work/multivers/projects/DEF-DGI/components/node_modules/ansi-to-html/lib/ansi_to_html.js
<s> [webpack.Progress] 69% building 1116/1118 modules 2 active /Users/josuembuyu/Documents/work/multivers/projects/DEF-DGI/components/node_modules/ansi-to-html/lib/ansi_to_html.js
<s> [webpack.Progress] 69% building 1117/1118 modules 1 active /Users/josuembuyu/Documents/work/multivers/projects/DEF-DGI/components/node_modules/ansi-to-html/lib/ansi_to_html.js
<s> [webpack.Progress] 70% building 1118/1118 modules 0 active 
<s> [webpack.Progress] 69% building 1118/1119 modules 1 active /Users/josuembuyu/Documents/work/multivers/projects/DEF-DGI/components/node_modules/is-function/index.js
<s> [webpack.Progress] 69% building 1118/1120 modules 2 active /Users/josuembuyu/Documents/work/multivers/projects/DEF-DGI/components/node_modules/telejson/node_modules/isobject/index.js
<s> [webpack.Progress] 69% building 1119/1120 modules 1 active /Users/josuembuyu/Documents/work/multivers/projects/DEF-DGI/components/node_modules/telejson/node_modules/isobject/index.js
<s> [webpack.Progress] 70% building 1120/1120 modules 0 active 
<s> [webpack.Progress] 69% building 1120/1121 modules 1 active /Users/josuembuyu/Documents/work/multivers/projects/DEF-DGI/components/node_modules/is-map/index.js
<s> [webpack.Progress] 69% building 1120/1122 modules 2 active /Users/josuembuyu/Documents/work/multivers/projects/DEF-DGI/components/node_modules/is-set/index.js
<s> [webpack.Progress] 69% building 1120/1123 modules 3 active /Users/josuembuyu/Documents/work/multivers/projects/DEF-DGI/components/node_modules/is-arguments/index.js
<s> [webpack.Progress] 69% building 1120/1124 modules 4 active /Users/josuembuyu/Documents/work/multivers/projects/DEF-DGI/components/node_modules/isarray/index.js
<s> [webpack.Progress] 69% building 1121/1124 modules 3 active /Users/josuembuyu/Documents/work/multivers/projects/DEF-DGI/components/node_modules/isarray/index.js
<s> [webpack.Progress] 69% building 1122/1124 modules 2 active /Users/josuembuyu/Documents/work/multivers/projects/DEF-DGI/components/node_modules/is-arguments/index.js
<s> [webpack.Progress] 69% building 1123/1124 modules 1 active /Users/josuembuyu/Documents/work/multivers/projects/DEF-DGI/components/node_modules/is-arguments/index.js
<s> [webpack.Progress] 69% building 1123/1125 modules 2 active /Users/josuembuyu/Documents/work/multivers/projects/DEF-DGI/components/node_modules/entities/lib/index.js
<s> [webpack.Progress] 69% building 1124/1125 modules 1 active /Users/josuembuyu/Documents/work/multivers/projects/DEF-DGI/components/node_modules/entities/lib/index.js
<s> [webpack.Progress] 70% building 1125/1125 modules 0 active 
<s> [webpack.Progress] 69% building 1125/1126 modules 1 active /Users/josuembuyu/Documents/work/multivers/projects/DEF-DGI/components/node_modules/entities/lib/decode.js
<s> [webpack.Progress] 69% building 1125/1127 modules 2 active /Users/josuembuyu/Documents/work/multivers/projects/DEF-DGI/components/node_modules/entities/lib/encode.js
<s> [webpack.Progress] 69% building 1126/1127 modules 1 active /Users/josuembuyu/Documents/work/multivers/projects/DEF-DGI/components/node_modules/entities/lib/encode.js
<s> [webpack.Progress] 70% building 1127/1127 modules 0 active 
<s> [webpack.Progress] 69% building 1127/1128 modules 1 active /Users/josuembuyu/Documents/work/multivers/projects/DEF-DGI/components/node_modules/entities/lib/maps/entities.json
<s> [webpack.Progress] 69% building 1127/1129 modules 2 active /Users/josuembuyu/Documents/work/multivers/projects/DEF-DGI/components/node_modules/entities/lib/maps/legacy.json
<s> [webpack.Progress] 69% building 1127/1130 modules 3 active /Users/josuembuyu/Documents/work/multivers/projects/DEF-DGI/components/node_modules/entities/lib/maps/xml.json
<s> [webpack.Progress] 69% building 1127/1131 modules 4 active /Users/josuembuyu/Documents/work/multivers/projects/DEF-DGI/components/node_modules/entities/lib/decode_codepoint.js
<s> [webpack.Progress] 69% building 1128/1131 modules 3 active /Users/josuembuyu/Documents/work/multivers/projects/DEF-DGI/components/node_modules/entities/lib/decode_codepoint.js
<s> [webpack.Progress] 69% building 1129/1131 modules 2 active /Users/josuembuyu/Documents/work/multivers/projects/DEF-DGI/components/node_modules/entities/lib/decode_codepoint.js
<s> [webpack.Progress] 69% building 1130/1131 modules 1 active /Users/josuembuyu/Documents/work/multivers/projects/DEF-DGI/components/node_modules/entities/lib/decode_codepoint.js
<s> [webpack.Progress] 70% building 1131/1131 modules 0 active 
<s> [webpack.Progress] 69% building 1131/1132 modules 1 active /Users/josuembuyu/Documents/work/multivers/projects/DEF-DGI/components/node_modules/entities/lib/maps/decode.json
<s> [webpack.Progress] 70% building 1132/1132 modules 0 active 
<s> [webpack.Progress] 70% building 1132/1132 modules 0 active 
<s> [webpack.Progress] 70% finish module graph
<s> [webpack.Progress] 70% finish module graph FlagDependencyExportsPlugin
<s> [webpack.Progress] 70% finish module graph WasmFinalizeExportsPlugin
<s> [webpack.Progress] 70% sealing
<s> [webpack.Progress] 70% sealing WarnCaseSensitiveModulesPlugin
<s> [webpack.Progress] 70% sealing React Docgen Typescript Plugin
<s> [webpack.Progress] 72% basic dependencies optimization
<s> [webpack.Progress] 72% dependencies optimization
<s> [webpack.Progress] 72% dependencies optimization SideEffectsFlagPlugin
<s> [webpack.Progress] 72% dependencies optimization FlagDependencyUsagePlugin
<s> [webpack.Progress] 73% advanced dependencies optimization
<s> [webpack.Progress] 73% after dependencies optimization
<s> [webpack.Progress] 71% chunk graph
<s> [webpack.Progress] 71% after chunk graph
<s> [webpack.Progress] 71% after chunk graph WebAssemblyModulesPlugin
<s> [webpack.Progress] 74% optimizing
<s> [webpack.Progress] 74% basic module optimization
<s> [webpack.Progress] 75% module optimization
<s> [webpack.Progress] 75% advanced module optimization
<s> [webpack.Progress] 76% after module optimization
<s> [webpack.Progress] 76% basic chunk optimization
<s> [webpack.Progress] 76% basic chunk optimization EnsureChunkConditionsPlugin
<s> [webpack.Progress] 76% basic chunk optimization RemoveParentModulesPlugin
<s> [webpack.Progress] 76% basic chunk optimization RemoveEmptyChunksPlugin
<s> [webpack.Progress] 76% basic chunk optimization MergeDuplicateChunksPlugin
<s> [webpack.Progress] 77% chunk optimization
<s> [webpack.Progress] 77% advanced chunk optimization
<s> [webpack.Progress] 77% advanced chunk optimization SplitChunksPlugin
<s> [webpack.Progress] 77% advanced chunk optimization RuntimeChunkPlugin
<s> [webpack.Progress] 77% advanced chunk optimization RemoveEmptyChunksPlugin
<s> [webpack.Progress] 77% after chunk optimization
<s> [webpack.Progress] 78% module and chunk tree optimization
<s> [webpack.Progress] 78% module and chunk tree optimization PersistentChildCompilerSingletonPlugin
<s> [webpack.Progress] 78% after module and chunk tree optimization
<s> [webpack.Progress] 79% basic chunk modules optimization
<s> [webpack.Progress] 80% chunk modules optimization
<s> [webpack.Progress] 80% chunk modules optimization ModuleConcatenationPlugin
<s> [webpack.Progress] 80% advanced chunk modules optimization
<s> [webpack.Progress] 81% after chunk modules optimization
<s> [webpack.Progress] 81% module reviving
<s> [webpack.Progress] 81% module reviving RecordIdsPlugin
<s> [webpack.Progress] 82% module order optimization
<s> [webpack.Progress] 82% advanced module order optimization
<s> [webpack.Progress] 83% before module ids
<s> [webpack.Progress] 83% before module ids NamedModulesPlugin
<s> [webpack.Progress] 83% module ids
<s> [webpack.Progress] 84% module id optimization
<s> [webpack.Progress] 84% module id optimization
<s> [webpack.Progress] 85% chunk reviving
<s> [webpack.Progress] 85% chunk reviving RecordIdsPlugin
<s> [webpack.Progress] 85% chunk order optimization
<s> [webpack.Progress] 85% chunk order optimization OccurrenceOrderChunkIdsPlugin
<s> [webpack.Progress] 86% before chunk ids
<s> [webpack.Progress] 86% chunk id optimization
<s> [webpack.Progress] 86% chunk id optimization FlagIncludedChunksPlugin
<s> [webpack.Progress] 87% after chunk id optimization
<s> [webpack.Progress] 87% record modules
<s> [webpack.Progress] 87% record modules RecordIdsPlugin
<s> [webpack.Progress] 87% record chunks
<s> [webpack.Progress] 87% record chunks RecordIdsPlugin
<s> [webpack.Progress] 88% hashing
<s> [webpack.Progress] 88% after hashing
<s> [webpack.Progress] 89% record hash
<s> [webpack.Progress] 89% module assets processing
<s> [webpack.Progress] 90% chunk assets processing
<s> [webpack.Progress] 90% additional chunk assets processing
<s> [webpack.Progress] 91% recording
<s> [webpack.Progress] 92% additional asset processing
<s> [webpack.Progress] 92% additional asset processing PersistentChildCompilerSingletonPlugin
<s> [webpack.Progress] 92% chunk asset optimization
<s> [webpack.Progress] 92% chunk asset optimization TerserPlugin
<s> [webpack.Progress] 93% after chunk asset optimization
<s> [webpack.Progress] 93% after chunk asset optimization SourceMapDevToolPlugin
<s> [webpack.Progress] 93% after chunk asset optimization SourceMapDevToolPlugin
<s> [webpack.Progress] 93% after chunk asset optimization SourceMapDevToolPlugin 0.444bf294.iframe.bundle.js generate SourceMap
<s> [webpack.Progress] 93% after chunk asset optimization SourceMapDevToolPlugin 1.326af8b9.iframe.bundle.js generate SourceMap
<s> [webpack.Progress] 93% after chunk asset optimization SourceMapDevToolPlugin 2.d02f6127.iframe.bundle.js generate SourceMap
<s> [webpack.Progress] 93% after chunk asset optimization SourceMapDevToolPlugin 3.c10be6f2.iframe.bundle.js generate SourceMap
<s> [webpack.Progress] 93% after chunk asset optimization SourceMapDevToolPlugin main.b5ba5929.iframe.bundle.js generate SourceMap
<s> [webpack.Progress] 93% after chunk asset optimization SourceMapDevToolPlugin runtime~main.c62c42df.iframe.bundle.js generate SourceMap
<s> [webpack.Progress] 93% after chunk asset optimization SourceMapDevToolPlugin vendors~main.fdc59f63.iframe.bundle.js generate SourceMap
<s> [webpack.Progress] 93% after chunk asset optimization SourceMapDevToolPlugin 7.3dd1ead4.iframe.bundle.js generate SourceMap
<s> [webpack.Progress] 93% after chunk asset optimization SourceMapDevToolPlugin 8.ff45bee8.iframe.bundle.js generate SourceMap
<s> [webpack.Progress] 93% after chunk asset optimization SourceMapDevToolPlugin 9.a5dfd7c1.iframe.bundle.js generate SourceMap
<s> [webpack.Progress] 93% after chunk asset optimization SourceMapDevToolPlugin 10.cb3688be.iframe.bundle.js generate SourceMap
<s> [webpack.Progress] 93% after chunk asset optimization SourceMapDevToolPlugin resolve sources
<s> [webpack.Progress] 93% after chunk asset optimization SourceMapDevToolPlugin 0.444bf294.iframe.bundle.js attach SourceMap
<s> [webpack.Progress] 93% after chunk asset optimization SourceMapDevToolPlugin 1.326af8b9.iframe.bundle.js attach SourceMap
<s> [webpack.Progress] 93% after chunk asset optimization SourceMapDevToolPlugin vendors~main.fdc59f63.iframe.bundle.js attach SourceMap
<s> [webpack.Progress] 93% after chunk asset optimization SourceMapDevToolPlugin 7.3dd1ead4.iframe.bundle.js attach SourceMap
<s> [webpack.Progress] 93% after chunk asset optimization SourceMapDevToolPlugin 10.cb3688be.iframe.bundle.js attach SourceMap
<s> [webpack.Progress] 93% after chunk asset optimization SourceMapDevToolPlugin
<s> [webpack.Progress] 93% asset optimization
<s> [webpack.Progress] 94% after asset optimization
<s> [webpack.Progress] 94% after seal
<s> [webpack.Progress] 95% emitting
<s> [webpack.Progress] 95% emitting HtmlWebpackPlugin
<s> [webpack.Progress] 98% after emitting
<s> [webpack.Progress] 98% after emitting SizeLimitsPlugin
<s> [webpack.Progress] 100% 

info => Preview built (11 s)
WARN asset size limit: The following asset(s) exceed the recommended size limit (244 KiB).
WARN This can impact web performance.
WARN Assets: 
WARN   1.326af8b9.iframe.bundle.js (610 KiB)
WARN   vendors~main.fdc59f63.iframe.bundle.js (1.61 MiB)
WARN   7.3dd1ead4.iframe.bundle.js (792 KiB)
WARN entrypoint size limit: The following entrypoint(s) combined asset size exceeds the recommended limit (244 KiB). This can impact web performance.
WARN Entrypoints:
WARN   main (1.68 MiB)
WARN       runtime~main.c62c42df.iframe.bundle.js
WARN       vendors~main.fdc59f63.iframe.bundle.js
WARN       main.b5ba5929.iframe.bundle.js
WARN 
info => Manager built (12 s)
info => Output directory: /var/folders/y7/fxrsy8254_xbp7g98004cmjc0000gn/T/chromatic--11334-P2VrRPMPXVDK
